ISO-10303-21;
HEADER;
/* Generated by software containing ST-Developer
 * from STEP Tools, Inc. (www.steptools.com) 
 */

FILE_DESCRIPTION(
/* description */ (''),
/* implementation_level */ '2;1');

FILE_NAME(
/* name */ 'MyMacroPad.step',
/* time_stamp */ '2026-03-05T20:00:41+01:00',
/* author */ (''),
/* organization */ (''),
/* preprocessor_version */ 'ST-DEVELOPER v20.1',
/* originating_system */ 'Autodesk Translation Framework v14.24.0.0',
/* authorisation */ '');

FILE_SCHEMA (('AUTOMOTIVE_DESIGN { 1 0 10303 214 3 1 1 }','TECHNICAL_DATA_PACKAGING'));
ENDSEC;

DATA;
#10=MECHANICAL_DESIGN_GEOMETRIC_PRESENTATION_REPRESENTATION('',(#480,#481,
#482),#12889);
#11=CONTEXT_DEPENDENT_OVER_RIDING_STYLED_ITEM('',(#12931),#12908,#482,(#19));
#12=MAPPED_ITEM('',#13,#7095);
#13=REPRESENTATION_MAP(#7095,#12905);
#14=ITEM_DEFINED_TRANSFORMATION($,$,#6765,#7092);
#15=ITEM_DEFINED_TRANSFORMATION($,$,#6820,#7093);
#16=ITEM_DEFINED_TRANSFORMATION($,$,#6821,#7094);
#17=(
REPRESENTATION_RELATIONSHIP($,$,#12906,#12905)
REPRESENTATION_RELATIONSHIP_WITH_TRANSFORMATION(#14)
SHAPE_REPRESENTATION_RELATIONSHIP()
);
#18=(
REPRESENTATION_RELATIONSHIP($,$,#12907,#12905)
REPRESENTATION_RELATIONSHIP_WITH_TRANSFORMATION(#15)
SHAPE_REPRESENTATION_RELATIONSHIP()
);
#19=(
REPRESENTATION_RELATIONSHIP($,$,#12908,#12905)
REPRESENTATION_RELATIONSHIP_WITH_TRANSFORMATION(#16)
SHAPE_REPRESENTATION_RELATIONSHIP()
);
#20=CONTEXT_DEPENDENT_SHAPE_REPRESENTATION(#17,#12902);
#21=CONTEXT_DEPENDENT_SHAPE_REPRESENTATION(#18,#12903);
#22=CONTEXT_DEPENDENT_SHAPE_REPRESENTATION(#19,#12904);
#23=NEXT_ASSEMBLY_USAGE_OCCURRENCE('Base:1','Base:1','Base:1',#12910,#12911,
'Base:1');
#24=NEXT_ASSEMBLY_USAGE_OCCURRENCE('Cherry MX Keycap:1',
'Cherry MX Keycap:1','Cherry MX Keycap:1',#12910,#12912,
'Cherry MX Keycap:1');
#25=NEXT_ASSEMBLY_USAGE_OCCURRENCE('Top MacroPad v4:1',
'Top MacroPad v4:1','Top MacroPad v4:1',#12910,#12913,
'Top MacroPad v4:1');
#26=B_SPLINE_CURVE_WITH_KNOTS('',3,(#8491,#8492,#8493,#8494,#8495),
 .UNSPECIFIED.,.F.,.F.,(4,1,4),(0.,0.0153038410631813,0.0318120088739534),
 .UNSPECIFIED.);
#27=B_SPLINE_CURVE_WITH_KNOTS('',3,(#8499,#8500,#8501,#8502,#8503),
 .UNSPECIFIED.,.F.,.F.,(4,1,4),(0.,0.0153038410631813,0.0318120088739534),
 .UNSPECIFIED.);
#28=B_SPLINE_CURVE_WITH_KNOTS('',3,(#8516,#8517,#8518,#8519,#8520),
 .UNSPECIFIED.,.F.,.F.,(4,1,4),(0.,0.0189779584517884,0.035183392817031),
 .UNSPECIFIED.);
#29=B_SPLINE_CURVE_WITH_KNOTS('',3,(#8523,#8524,#8525,#8526,#8527),
 .UNSPECIFIED.,.F.,.F.,(4,1,4),(0.,0.0189779584517884,0.035183392817031),
 .UNSPECIFIED.);
#30=B_SPLINE_CURVE_WITH_KNOTS('',3,(#8539,#8540,#8541,#8542,#8543),
 .UNSPECIFIED.,.F.,.F.,(4,1,4),(0.,0.0324628680834646,0.0534980123595413),
 .UNSPECIFIED.);
#31=B_SPLINE_CURVE_WITH_KNOTS('',3,(#8546,#8547,#8548,#8549,#8550),
 .UNSPECIFIED.,.F.,.F.,(4,1,4),(0.,0.0324628680834646,0.0534980123595413),
 .UNSPECIFIED.);
#32=B_SPLINE_CURVE_WITH_KNOTS('',3,(#8580,#8581,#8582,#8583,#8584),
 .UNSPECIFIED.,.F.,.F.,(4,1,4),(0.,0.0260158345029026,0.0518037680125124),
 .UNSPECIFIED.);
#33=B_SPLINE_CURVE_WITH_KNOTS('',3,(#8587,#8588,#8589,#8590,#8591),
 .UNSPECIFIED.,.F.,.F.,(4,1,4),(0.,0.0260158345029026,0.0518037680125124),
 .UNSPECIFIED.);
#34=B_SPLINE_CURVE_WITH_KNOTS('',3,(#8603,#8604,#8605,#8606,#8607),
 .UNSPECIFIED.,.F.,.F.,(4,1,4),(0.,0.0259339183986022,0.0527642290704626),
 .UNSPECIFIED.);
#35=B_SPLINE_CURVE_WITH_KNOTS('',3,(#8610,#8611,#8612,#8613,#8614),
 .UNSPECIFIED.,.F.,.F.,(4,1,4),(0.,0.0259339183986022,0.0527642290704626),
 .UNSPECIFIED.);
#36=B_SPLINE_CURVE_WITH_KNOTS('',3,(#8644,#8645,#8646,#8647,#8648),
 .UNSPECIFIED.,.F.,.F.,(4,1,4),(0.,0.00401270089793804,0.00958133665307206),
 .UNSPECIFIED.);
#37=B_SPLINE_CURVE_WITH_KNOTS('',3,(#8651,#8652,#8653,#8654,#8655),
 .UNSPECIFIED.,.F.,.F.,(4,1,4),(0.,0.00401270089793804,0.00958133665307206),
 .UNSPECIFIED.);
#38=B_SPLINE_CURVE_WITH_KNOTS('',3,(#8667,#8668,#8669,#8670,#8671),
 .UNSPECIFIED.,.F.,.F.,(4,1,4),(0.,0.0106413257922866,0.0296645239586274),
 .UNSPECIFIED.);
#39=B_SPLINE_CURVE_WITH_KNOTS('',3,(#8674,#8675,#8676,#8677,#8678),
 .UNSPECIFIED.,.F.,.F.,(4,1,4),(0.,0.0106413257922866,0.0296645239586274),
 .UNSPECIFIED.);
#40=B_SPLINE_CURVE_WITH_KNOTS('',3,(#8690,#8691,#8692,#8693,#8694),
 .UNSPECIFIED.,.F.,.F.,(4,1,4),(0.,0.00830882581678911,0.0167786591264576),
 .UNSPECIFIED.);
#41=B_SPLINE_CURVE_WITH_KNOTS('',3,(#8697,#8698,#8699,#8700,#8701),
 .UNSPECIFIED.,.F.,.F.,(4,1,4),(0.,0.00830882581678911,0.0167786591264576),
 .UNSPECIFIED.);
#42=B_SPLINE_CURVE_WITH_KNOTS('',3,(#8713,#8714,#8715,#8716,#8717),
 .UNSPECIFIED.,.F.,.F.,(4,1,4),(0.,0.0110977623736424,0.0202242573992522),
 .UNSPECIFIED.);
#43=B_SPLINE_CURVE_WITH_KNOTS('',3,(#8720,#8721,#8722,#8723,#8724),
 .UNSPECIFIED.,.F.,.F.,(4,1,4),(0.,0.0110977623736424,0.0202242573992522),
 .UNSPECIFIED.);
#44=B_SPLINE_CURVE_WITH_KNOTS('',3,(#8736,#8737,#8738,#8739,#8740),
 .UNSPECIFIED.,.F.,.F.,(4,1,4),(0.,0.0115698887407437,0.0213755798351677),
 .UNSPECIFIED.);
#45=B_SPLINE_CURVE_WITH_KNOTS('',3,(#8743,#8744,#8745,#8746,#8747),
 .UNSPECIFIED.,.F.,.F.,(4,1,4),(0.,0.0115698887407437,0.0213755798351677),
 .UNSPECIFIED.);
#46=B_SPLINE_CURVE_WITH_KNOTS('',3,(#8764,#8765,#8766,#8767,#8768),
 .UNSPECIFIED.,.F.,.F.,(4,1,4),(0.,0.0113112808080689,0.0242427896384009),
 .UNSPECIFIED.);
#47=B_SPLINE_CURVE_WITH_KNOTS('',3,(#8769,#8770,#8771,#8772,#8773),
 .UNSPECIFIED.,.F.,.F.,(4,1,4),(0.,0.0113112808080689,0.0242427896384009),
 .UNSPECIFIED.);
#48=B_SPLINE_CURVE_WITH_KNOTS('',3,(#8787,#8788,#8789,#8790,#8791),
 .UNSPECIFIED.,.F.,.F.,(4,1,4),(0.,0.0160785171353022,0.0375146363228219),
 .UNSPECIFIED.);
#49=B_SPLINE_CURVE_WITH_KNOTS('',3,(#8795,#8796,#8797,#8798,#8799),
 .UNSPECIFIED.,.F.,.F.,(4,1,4),(0.,0.0160785171353022,0.0375146363228219),
 .UNSPECIFIED.);
#50=B_SPLINE_CURVE_WITH_KNOTS('',3,(#8812,#8813,#8814,#8815,#8816),
 .UNSPECIFIED.,.F.,.F.,(4,1,4),(0.,0.0181166833610759,0.0356780190862441),
 .UNSPECIFIED.);
#51=B_SPLINE_CURVE_WITH_KNOTS('',3,(#8819,#8820,#8821,#8822,#8823),
 .UNSPECIFIED.,.F.,.F.,(4,1,4),(0.,0.0181166833610759,0.0356780190862441),
 .UNSPECIFIED.);
#52=B_SPLINE_CURVE_WITH_KNOTS('',3,(#8835,#8836,#8837,#8838,#8839),
 .UNSPECIFIED.,.F.,.F.,(4,1,4),(0.,0.020240018124594,0.0393165541502688),
 .UNSPECIFIED.);
#53=B_SPLINE_CURVE_WITH_KNOTS('',3,(#8842,#8843,#8844,#8845,#8846),
 .UNSPECIFIED.,.F.,.F.,(4,1,4),(0.,0.020240018124594,0.0393165541502688),
 .UNSPECIFIED.);
#54=B_SPLINE_CURVE_WITH_KNOTS('',3,(#8858,#8859,#8860,#8861,#8862),
 .UNSPECIFIED.,.F.,.F.,(4,1,4),(0.,0.0155871701768629,0.0346494970674715),
 .UNSPECIFIED.);
#55=B_SPLINE_CURVE_WITH_KNOTS('',3,(#8865,#8866,#8867,#8868,#8869),
 .UNSPECIFIED.,.F.,.F.,(4,1,4),(0.,0.0155871701768629,0.0346494970674715),
 .UNSPECIFIED.);
#56=B_SPLINE_CURVE_WITH_KNOTS('',3,(#8881,#8882,#8883,#8884,#8885),
 .UNSPECIFIED.,.F.,.F.,(4,1,4),(0.,0.0137909067868655,0.0276501837426943),
 .UNSPECIFIED.);
#57=B_SPLINE_CURVE_WITH_KNOTS('',3,(#8888,#8889,#8890,#8891,#8892),
 .UNSPECIFIED.,.F.,.F.,(4,1,4),(0.,0.0137909067868655,0.0276501837426943),
 .UNSPECIFIED.);
#58=B_SPLINE_CURVE_WITH_KNOTS('',3,(#8904,#8905,#8906,#8907,#8908),
 .UNSPECIFIED.,.F.,.F.,(4,1,4),(0.,0.00915616716319794,0.0184279746479108),
 .UNSPECIFIED.);
#59=B_SPLINE_CURVE_WITH_KNOTS('',3,(#8911,#8912,#8913,#8914,#8915),
 .UNSPECIFIED.,.F.,.F.,(4,1,4),(0.,0.00915616716319794,0.0184279746479108),
 .UNSPECIFIED.);
#60=B_SPLINE_CURVE_WITH_KNOTS('',3,(#8927,#8928,#8929,#8930,#8931),
 .UNSPECIFIED.,.F.,.F.,(4,1,4),(0.,0.00974335177078169,0.0190371330547209),
 .UNSPECIFIED.);
#61=B_SPLINE_CURVE_WITH_KNOTS('',3,(#8934,#8935,#8936,#8937,#8938),
 .UNSPECIFIED.,.F.,.F.,(4,1,4),(0.,0.00974335177078169,0.0190371330547209),
 .UNSPECIFIED.);
#62=B_SPLINE_CURVE_WITH_KNOTS('',3,(#8950,#8951,#8952,#8953,#8954),
 .UNSPECIFIED.,.F.,.F.,(4,1,4),(0.,0.0196991011741886,0.0330180227481775),
 .UNSPECIFIED.);
#63=B_SPLINE_CURVE_WITH_KNOTS('',3,(#8957,#8958,#8959,#8960,#8961),
 .UNSPECIFIED.,.F.,.F.,(4,1,4),(0.,0.0196991011741886,0.0330180227481775),
 .UNSPECIFIED.);
#64=B_SPLINE_CURVE_WITH_KNOTS('',3,(#8973,#8974,#8975,#8976,#8977),
 .UNSPECIFIED.,.F.,.F.,(4,1,4),(0.,0.0261867433001942,0.0618509914038741),
 .UNSPECIFIED.);
#65=B_SPLINE_CURVE_WITH_KNOTS('',3,(#8980,#8981,#8982,#8983,#8984),
 .UNSPECIFIED.,.F.,.F.,(4,1,4),(0.,0.0261867433001942,0.0618509914038741),
 .UNSPECIFIED.);
#66=B_SPLINE_CURVE_WITH_KNOTS('',3,(#9008,#9009,#9010,#9011,#9012),
 .UNSPECIFIED.,.F.,.F.,(4,1,4),(0.,0.0137801230216208,0.027803144536062),
 .UNSPECIFIED.);
#67=B_SPLINE_CURVE_WITH_KNOTS('',3,(#9015,#9016,#9017,#9018,#9019),
 .UNSPECIFIED.,.F.,.F.,(4,1,4),(0.,0.0137801230216208,0.027803144536062),
 .UNSPECIFIED.);
#68=B_SPLINE_CURVE_WITH_KNOTS('',3,(#9031,#9032,#9033,#9034,#9035),
 .UNSPECIFIED.,.F.,.F.,(4,1,4),(0.,0.0419294383962614,0.0650443112091995),
 .UNSPECIFIED.);
#69=B_SPLINE_CURVE_WITH_KNOTS('',3,(#9038,#9039,#9040,#9041,#9042),
 .UNSPECIFIED.,.F.,.F.,(4,1,4),(0.,0.0419294383962614,0.0650443112091995),
 .UNSPECIFIED.);
#70=B_SPLINE_CURVE_WITH_KNOTS('',3,(#9060,#9061,#9062,#9063,#9064),
 .UNSPECIFIED.,.F.,.F.,(4,1,4),(0.,0.0132712939351773,0.0340471850726778),
 .UNSPECIFIED.);
#71=B_SPLINE_CURVE_WITH_KNOTS('',3,(#9067,#9068,#9069,#9070,#9071),
 .UNSPECIFIED.,.F.,.F.,(4,1,4),(0.,0.0132712939351773,0.0340471850726778),
 .UNSPECIFIED.);
#72=B_SPLINE_CURVE_WITH_KNOTS('',3,(#9083,#9084,#9085,#9086,#9087),
 .UNSPECIFIED.,.F.,.F.,(4,1,4),(0.,0.0132102575647376,0.0277628080971819),
 .UNSPECIFIED.);
#73=B_SPLINE_CURVE_WITH_KNOTS('',3,(#9090,#9091,#9092,#9093,#9094),
 .UNSPECIFIED.,.F.,.F.,(4,1,4),(0.,0.0132102575647376,0.0277628080971819),
 .UNSPECIFIED.);
#74=B_SPLINE_CURVE_WITH_KNOTS('',3,(#9106,#9107,#9108,#9109,#9110),
 .UNSPECIFIED.,.F.,.F.,(4,1,4),(0.,0.0168053610415977,0.0306781796787702),
 .UNSPECIFIED.);
#75=B_SPLINE_CURVE_WITH_KNOTS('',3,(#9113,#9114,#9115,#9116,#9117),
 .UNSPECIFIED.,.F.,.F.,(4,1,4),(0.,0.0168053610415977,0.0306781796787702),
 .UNSPECIFIED.);
#76=B_SPLINE_CURVE_WITH_KNOTS('',3,(#9129,#9130,#9131,#9132,#9133),
 .UNSPECIFIED.,.F.,.F.,(4,1,4),(0.,0.0252747804221509,0.0458723292908963),
 .UNSPECIFIED.);
#77=B_SPLINE_CURVE_WITH_KNOTS('',3,(#9136,#9137,#9138,#9139,#9140),
 .UNSPECIFIED.,.F.,.F.,(4,1,4),(0.,0.0252747804221509,0.0458723292908963),
 .UNSPECIFIED.);
#78=B_SPLINE_CURVE_WITH_KNOTS('',3,(#9152,#9153,#9154,#9155,#9156),
 .UNSPECIFIED.,.F.,.F.,(4,1,4),(0.,0.023680742652267,0.0500976889231926),
 .UNSPECIFIED.);
#79=B_SPLINE_CURVE_WITH_KNOTS('',3,(#9159,#9160,#9161,#9162,#9163),
 .UNSPECIFIED.,.F.,.F.,(4,1,4),(0.,0.023680742652267,0.0500976889231926),
 .UNSPECIFIED.);
#80=B_SPLINE_CURVE_WITH_KNOTS('',3,(#9175,#9176,#9177,#9178,#9179),
 .UNSPECIFIED.,.F.,.F.,(4,1,4),(0.,0.0186488674784143,0.0396063862156842),
 .UNSPECIFIED.);
#81=B_SPLINE_CURVE_WITH_KNOTS('',3,(#9182,#9183,#9184,#9185,#9186),
 .UNSPECIFIED.,.F.,.F.,(4,1,4),(0.,0.0186488674784143,0.0396063862156842),
 .UNSPECIFIED.);
#82=B_SPLINE_CURVE_WITH_KNOTS('',3,(#9198,#9199,#9200,#9201,#9202),
 .UNSPECIFIED.,.F.,.F.,(4,1,4),(0.,0.0218853853055437,0.0409647637591852),
 .UNSPECIFIED.);
#83=B_SPLINE_CURVE_WITH_KNOTS('',3,(#9205,#9206,#9207,#9208,#9209),
 .UNSPECIFIED.,.F.,.F.,(4,1,4),(0.,0.0218853853055437,0.0409647637591852),
 .UNSPECIFIED.);
#84=B_SPLINE_CURVE_WITH_KNOTS('',3,(#9227,#9228,#9229,#9230,#9231),
 .UNSPECIFIED.,.F.,.F.,(4,1,4),(0.,0.0165833186547884,0.0376041627876379),
 .UNSPECIFIED.);
#85=B_SPLINE_CURVE_WITH_KNOTS('',3,(#9234,#9235,#9236,#9237,#9238),
 .UNSPECIFIED.,.F.,.F.,(4,1,4),(0.,0.0165833186547884,0.0376041627876379),
 .UNSPECIFIED.);
#86=B_SPLINE_CURVE_WITH_KNOTS('',3,(#9250,#9251,#9252,#9253,#9254),
 .UNSPECIFIED.,.F.,.F.,(4,1,4),(0.,0.0227013841225781,0.0398985374606529),
 .UNSPECIFIED.);
#87=B_SPLINE_CURVE_WITH_KNOTS('',3,(#9257,#9258,#9259,#9260,#9261),
 .UNSPECIFIED.,.F.,.F.,(4,1,4),(0.,0.0227013841225781,0.0398985374606529),
 .UNSPECIFIED.);
#88=B_SPLINE_CURVE_WITH_KNOTS('',3,(#9273,#9274,#9275,#9276,#9277),
 .UNSPECIFIED.,.F.,.F.,(4,1,4),(0.,0.019889039382508,0.0444909267565312),
 .UNSPECIFIED.);
#89=B_SPLINE_CURVE_WITH_KNOTS('',3,(#9280,#9281,#9282,#9283,#9284),
 .UNSPECIFIED.,.F.,.F.,(4,1,4),(0.,0.019889039382508,0.0444909267565312),
 .UNSPECIFIED.);
#90=B_SPLINE_CURVE_WITH_KNOTS('',3,(#9296,#9297,#9298,#9299,#9300),
 .UNSPECIFIED.,.F.,.F.,(4,1,4),(0.,0.0193614948719098,0.0341389219827489),
 .UNSPECIFIED.);
#91=B_SPLINE_CURVE_WITH_KNOTS('',3,(#9303,#9304,#9305,#9306,#9307),
 .UNSPECIFIED.,.F.,.F.,(4,1,4),(0.,0.0193614948719098,0.0341389219827489),
 .UNSPECIFIED.);
#92=B_SPLINE_CURVE_WITH_KNOTS('',3,(#9319,#9320,#9321,#9322,#9323),
 .UNSPECIFIED.,.F.,.F.,(4,1,4),(0.,0.00619226199347399,0.00962026818961525),
 .UNSPECIFIED.);
#93=B_SPLINE_CURVE_WITH_KNOTS('',3,(#9326,#9327,#9328,#9329,#9330),
 .UNSPECIFIED.,.F.,.F.,(4,1,4),(0.,0.00619226199347399,0.00962026818961525),
 .UNSPECIFIED.);
#94=B_SPLINE_CURVE_WITH_KNOTS('',3,(#9342,#9343,#9344,#9345,#9346),
 .UNSPECIFIED.,.F.,.F.,(4,1,4),(0.,0.0391645060932865,0.0669835565575133),
 .UNSPECIFIED.);
#95=B_SPLINE_CURVE_WITH_KNOTS('',3,(#9349,#9350,#9351,#9352,#9353),
 .UNSPECIFIED.,.F.,.F.,(4,1,4),(0.,0.0391645060932865,0.0669835565575133),
 .UNSPECIFIED.);
#96=B_SPLINE_CURVE_WITH_KNOTS('',3,(#9365,#9366,#9367,#9368,#9369),
 .UNSPECIFIED.,.F.,.F.,(4,1,4),(0.,0.0138963049349133,0.033221199210361),
 .UNSPECIFIED.);
#97=B_SPLINE_CURVE_WITH_KNOTS('',3,(#9372,#9373,#9374,#9375,#9376),
 .UNSPECIFIED.,.F.,.F.,(4,1,4),(0.,0.0138963049349133,0.033221199210361),
 .UNSPECIFIED.);
#98=B_SPLINE_CURVE_WITH_KNOTS('',3,(#9388,#9389,#9390,#9391,#9392),
 .UNSPECIFIED.,.F.,.F.,(4,1,4),(0.,0.0143383000179168,0.0292189118690449),
 .UNSPECIFIED.);
#99=B_SPLINE_CURVE_WITH_KNOTS('',3,(#9395,#9396,#9397,#9398,#9399),
 .UNSPECIFIED.,.F.,.F.,(4,1,4),(0.,0.0143383000179168,0.0292189118690449),
 .UNSPECIFIED.);
#100=B_SPLINE_CURVE_WITH_KNOTS('',3,(#9411,#9412,#9413,#9414,#9415),
 .UNSPECIFIED.,.F.,.F.,(4,1,4),(0.,0.014556005551679,0.0286788623992067),
 .UNSPECIFIED.);
#101=B_SPLINE_CURVE_WITH_KNOTS('',3,(#9418,#9419,#9420,#9421,#9422),
 .UNSPECIFIED.,.F.,.F.,(4,1,4),(0.,0.014556005551679,0.0286788623992067),
 .UNSPECIFIED.);
#102=B_SPLINE_CURVE_WITH_KNOTS('',3,(#9434,#9435,#9436,#9437,#9438),
 .UNSPECIFIED.,.F.,.F.,(4,1,4),(0.,0.0153788023196062,0.030299010991185),
 .UNSPECIFIED.);
#103=B_SPLINE_CURVE_WITH_KNOTS('',3,(#9441,#9442,#9443,#9444,#9445),
 .UNSPECIFIED.,.F.,.F.,(4,1,4),(0.,0.0153788023196062,0.030299010991185),
 .UNSPECIFIED.);
#104=B_SPLINE_CURVE_WITH_KNOTS('',3,(#9457,#9458,#9459,#9460,#9461),
 .UNSPECIFIED.,.F.,.F.,(4,1,4),(0.,0.0246010279341865,0.0498500602127809),
 .UNSPECIFIED.);
#105=B_SPLINE_CURVE_WITH_KNOTS('',3,(#9464,#9465,#9466,#9467,#9468),
 .UNSPECIFIED.,.F.,.F.,(4,1,4),(0.,0.0246010279341865,0.0498500602127809),
 .UNSPECIFIED.);
#106=B_SPLINE_CURVE_WITH_KNOTS('',3,(#9480,#9481,#9482,#9483,#9484),
 .UNSPECIFIED.,.F.,.F.,(4,1,4),(0.,0.0319684631381526,0.0587792662604704),
 .UNSPECIFIED.);
#107=B_SPLINE_CURVE_WITH_KNOTS('',3,(#9487,#9488,#9489,#9490,#9491),
 .UNSPECIFIED.,.F.,.F.,(4,1,4),(0.,0.0319684631381526,0.0587792662604704),
 .UNSPECIFIED.);
#108=B_SPLINE_CURVE_WITH_KNOTS('',3,(#9503,#9504,#9505,#9506,#9507),
 .UNSPECIFIED.,.F.,.F.,(4,1,4),(0.,0.0203417749611139,0.0414190167586455),
 .UNSPECIFIED.);
#109=B_SPLINE_CURVE_WITH_KNOTS('',3,(#9510,#9511,#9512,#9513,#9514),
 .UNSPECIFIED.,.F.,.F.,(4,1,4),(0.,0.0203417749611139,0.0414190167586455),
 .UNSPECIFIED.);
#110=B_SPLINE_CURVE_WITH_KNOTS('',3,(#9526,#9527,#9528,#9529,#9530),
 .UNSPECIFIED.,.F.,.F.,(4,1,4),(0.,0.02496654811997,0.0465875247237858),
 .UNSPECIFIED.);
#111=B_SPLINE_CURVE_WITH_KNOTS('',3,(#9533,#9534,#9535,#9536,#9537),
 .UNSPECIFIED.,.F.,.F.,(4,1,4),(0.,0.02496654811997,0.0465875247237858),
 .UNSPECIFIED.);
#112=B_SPLINE_CURVE_WITH_KNOTS('',3,(#9548,#9549,#9550,#9551,#9552),
 .UNSPECIFIED.,.F.,.F.,(4,1,4),(0.,0.0132929147797714,0.0279129107405598),
 .UNSPECIFIED.);
#113=B_SPLINE_CURVE_WITH_KNOTS('',3,(#9553,#9554,#9555,#9556,#9557),
 .UNSPECIFIED.,.F.,.F.,(4,1,4),(0.,0.0132929147797714,0.0279129107405598),
 .UNSPECIFIED.);
#114=B_SPLINE_CURVE_WITH_KNOTS('',3,(#9571,#9572,#9573,#9574,#9575),
 .UNSPECIFIED.,.F.,.F.,(4,1,4),(0.,0.023086770169517,0.0469251199801287),
 .UNSPECIFIED.);
#115=B_SPLINE_CURVE_WITH_KNOTS('',3,(#9579,#9580,#9581,#9582,#9583),
 .UNSPECIFIED.,.F.,.F.,(4,1,4),(0.,0.023086770169517,0.0469251199801287),
 .UNSPECIFIED.);
#116=B_SPLINE_CURVE_WITH_KNOTS('',3,(#9596,#9597,#9598,#9599,#9600),
 .UNSPECIFIED.,.F.,.F.,(4,1,4),(0.,0.0247615088362014,0.048516972289596),
 .UNSPECIFIED.);
#117=B_SPLINE_CURVE_WITH_KNOTS('',3,(#9603,#9604,#9605,#9606,#9607),
 .UNSPECIFIED.,.F.,.F.,(4,1,4),(0.,0.0247615088362014,0.048516972289596),
 .UNSPECIFIED.);
#118=B_SPLINE_CURVE_WITH_KNOTS('',3,(#9619,#9620,#9621,#9622,#9623),
 .UNSPECIFIED.,.F.,.F.,(4,1,4),(0.,0.0389146880572044,0.0686612469260206),
 .UNSPECIFIED.);
#119=B_SPLINE_CURVE_WITH_KNOTS('',3,(#9626,#9627,#9628,#9629,#9630),
 .UNSPECIFIED.,.F.,.F.,(4,1,4),(0.,0.0389146880572044,0.0686612469260206),
 .UNSPECIFIED.);
#120=B_SPLINE_CURVE_WITH_KNOTS('',3,(#9642,#9643,#9644,#9645,#9646),
 .UNSPECIFIED.,.F.,.F.,(4,1,4),(0.,0.0279704080800603,0.0635473671510107),
 .UNSPECIFIED.);
#121=B_SPLINE_CURVE_WITH_KNOTS('',3,(#9649,#9650,#9651,#9652,#9653),
 .UNSPECIFIED.,.F.,.F.,(4,1,4),(0.,0.0279704080800603,0.0635473671510107),
 .UNSPECIFIED.);
#122=B_SPLINE_CURVE_WITH_KNOTS('',3,(#9665,#9666,#9667,#9668,#9669),
 .UNSPECIFIED.,.F.,.F.,(4,1,4),(0.,0.022870333835651,0.0467240931729248),
 .UNSPECIFIED.);
#123=B_SPLINE_CURVE_WITH_KNOTS('',3,(#9672,#9673,#9674,#9675,#9676),
 .UNSPECIFIED.,.F.,.F.,(4,1,4),(0.,0.022870333835651,0.0467240931729248),
 .UNSPECIFIED.);
#124=B_SPLINE_CURVE_WITH_KNOTS('',3,(#9688,#9689,#9690,#9691,#9692),
 .UNSPECIFIED.,.F.,.F.,(4,1,4),(0.,0.0246648529855246,0.0476109373795967),
 .UNSPECIFIED.);
#125=B_SPLINE_CURVE_WITH_KNOTS('',3,(#9695,#9696,#9697,#9698,#9699),
 .UNSPECIFIED.,.F.,.F.,(4,1,4),(0.,0.0246648529855246,0.0476109373795967),
 .UNSPECIFIED.);
#126=B_SPLINE_CURVE_WITH_KNOTS('',3,(#9711,#9712,#9713,#9714,#9715),
 .UNSPECIFIED.,.F.,.F.,(4,1,4),(0.,0.0367412391733018,0.065844356339461),
 .UNSPECIFIED.);
#127=B_SPLINE_CURVE_WITH_KNOTS('',3,(#9718,#9719,#9720,#9721,#9722),
 .UNSPECIFIED.,.F.,.F.,(4,1,4),(0.,0.0367412391733018,0.065844356339461),
 .UNSPECIFIED.);
#128=B_SPLINE_CURVE_WITH_KNOTS('',3,(#9733,#9734,#9735,#9736,#9737),
 .UNSPECIFIED.,.F.,.F.,(4,1,4),(0.,0.0286378800839704,0.0662615800311557),
 .UNSPECIFIED.);
#129=B_SPLINE_CURVE_WITH_KNOTS('',3,(#9738,#9739,#9740,#9741,#9742),
 .UNSPECIFIED.,.F.,.F.,(4,1,4),(0.,0.0286378800839704,0.0662615800311557),
 .UNSPECIFIED.);
#130=B_SPLINE_CURVE_WITH_KNOTS('',3,(#9775,#9776,#9777,#9778,#9779),
 .UNSPECIFIED.,.F.,.F.,(4,1,4),(0.,0.016872308518445,0.0332206605024411),
 .UNSPECIFIED.);
#131=B_SPLINE_CURVE_WITH_KNOTS('',3,(#9782,#9783,#9784,#9785,#9786),
 .UNSPECIFIED.,.F.,.F.,(4,1,4),(0.,0.016872308518445,0.0332206605024411),
 .UNSPECIFIED.);
#132=B_SPLINE_CURVE_WITH_KNOTS('',3,(#9798,#9799,#9800,#9801,#9802),
 .UNSPECIFIED.,.F.,.F.,(4,1,4),(0.,0.0186861288857907,0.0362454014593103),
 .UNSPECIFIED.);
#133=B_SPLINE_CURVE_WITH_KNOTS('',3,(#9805,#9806,#9807,#9808,#9809),
 .UNSPECIFIED.,.F.,.F.,(4,1,4),(0.,0.0186861288857907,0.0362454014593103),
 .UNSPECIFIED.);
#134=B_SPLINE_CURVE_WITH_KNOTS('',3,(#9821,#9822,#9823,#9824,#9825),
 .UNSPECIFIED.,.F.,.F.,(4,1,4),(0.,0.0252942766649134,0.0510658509097895),
 .UNSPECIFIED.);
#135=B_SPLINE_CURVE_WITH_KNOTS('',3,(#9828,#9829,#9830,#9831,#9832),
 .UNSPECIFIED.,.F.,.F.,(4,1,4),(0.,0.0252942766649134,0.0510658509097895),
 .UNSPECIFIED.);
#136=B_SPLINE_CURVE_WITH_KNOTS('',3,(#9844,#9845,#9846,#9847,#9848),
 .UNSPECIFIED.,.F.,.F.,(4,1,4),(0.,0.0270484869593312,0.0526729536513113),
 .UNSPECIFIED.);
#137=B_SPLINE_CURVE_WITH_KNOTS('',3,(#9851,#9852,#9853,#9854,#9855),
 .UNSPECIFIED.,.F.,.F.,(4,1,4),(0.,0.0270484869593312,0.0526729536513113),
 .UNSPECIFIED.);
#138=B_SPLINE_CURVE_WITH_KNOTS('',3,(#9867,#9868,#9869,#9870,#9871),
 .UNSPECIFIED.,.F.,.F.,(4,1,4),(0.,0.0311465143610333,0.0603136519937582),
 .UNSPECIFIED.);
#139=B_SPLINE_CURVE_WITH_KNOTS('',3,(#9874,#9875,#9876,#9877,#9878),
 .UNSPECIFIED.,.F.,.F.,(4,1,4),(0.,0.0311465143610333,0.0603136519937582),
 .UNSPECIFIED.);
#140=B_SPLINE_CURVE_WITH_KNOTS('',3,(#9890,#9891,#9892,#9893,#9894),
 .UNSPECIFIED.,.F.,.F.,(4,1,4),(0.,0.0290242240613697,0.0606039989546651),
 .UNSPECIFIED.);
#141=B_SPLINE_CURVE_WITH_KNOTS('',3,(#9897,#9898,#9899,#9900,#9901),
 .UNSPECIFIED.,.F.,.F.,(4,1,4),(0.,0.0290242240613697,0.0606039989546651),
 .UNSPECIFIED.);
#142=B_SPLINE_CURVE_WITH_KNOTS('',3,(#9913,#9914,#9915,#9916,#9917),
 .UNSPECIFIED.,.F.,.F.,(4,1,4),(0.,0.0258568597260034,0.0528740523179191),
 .UNSPECIFIED.);
#143=B_SPLINE_CURVE_WITH_KNOTS('',3,(#9920,#9921,#9922,#9923,#9924),
 .UNSPECIFIED.,.F.,.F.,(4,1,4),(0.,0.0258568597260034,0.0528740523179191),
 .UNSPECIFIED.);
#144=B_SPLINE_CURVE_WITH_KNOTS('',3,(#9936,#9937,#9938,#9939,#9940),
 .UNSPECIFIED.,.F.,.F.,(4,1,4),(0.,0.0251960500242747,0.0504392692892801),
 .UNSPECIFIED.);
#145=B_SPLINE_CURVE_WITH_KNOTS('',3,(#9943,#9944,#9945,#9946,#9947),
 .UNSPECIFIED.,.F.,.F.,(4,1,4),(0.,0.0251960500242747,0.0504392692892801),
 .UNSPECIFIED.);
#146=B_SPLINE_CURVE_WITH_KNOTS('',3,(#9959,#9960,#9961,#9962,#9963),
 .UNSPECIFIED.,.F.,.F.,(4,1,4),(0.,0.0352101789775276,0.071374113378552),
 .UNSPECIFIED.);
#147=B_SPLINE_CURVE_WITH_KNOTS('',3,(#9966,#9967,#9968,#9969,#9970),
 .UNSPECIFIED.,.F.,.F.,(4,1,4),(0.,0.0352101789775276,0.071374113378552),
 .UNSPECIFIED.);
#148=B_SPLINE_CURVE_WITH_KNOTS('',3,(#9993,#9994,#9995,#9996,#9997),
 .UNSPECIFIED.,.F.,.F.,(4,1,4),(0.,0.0257956576584471,0.0515495029218782),
 .UNSPECIFIED.);
#149=B_SPLINE_CURVE_WITH_KNOTS('',3,(#10001,#10002,#10003,#10004,#10005),
 .UNSPECIFIED.,.F.,.F.,(4,1,4),(0.,0.0257956576584471,0.0515495029218782),
 .UNSPECIFIED.);
#150=B_SPLINE_CURVE_WITH_KNOTS('',3,(#10018,#10019,#10020,#10021,#10022),
 .UNSPECIFIED.,.F.,.F.,(4,1,4),(0.,0.0257796057312974,0.0513048831951082),
 .UNSPECIFIED.);
#151=B_SPLINE_CURVE_WITH_KNOTS('',3,(#10025,#10026,#10027,#10028,#10029),
 .UNSPECIFIED.,.F.,.F.,(4,1,4),(0.,0.0257796057312974,0.0513048831951082),
 .UNSPECIFIED.);
#152=B_SPLINE_CURVE_WITH_KNOTS('',3,(#10041,#10042,#10043,#10044,#10045),
 .UNSPECIFIED.,.F.,.F.,(4,1,4),(0.,0.035722712666973,0.0648250299427338),
 .UNSPECIFIED.);
#153=B_SPLINE_CURVE_WITH_KNOTS('',3,(#10048,#10049,#10050,#10051,#10052),
 .UNSPECIFIED.,.F.,.F.,(4,1,4),(0.,0.035722712666973,0.0648250299427338),
 .UNSPECIFIED.);
#154=B_SPLINE_CURVE_WITH_KNOTS('',3,(#10064,#10065,#10066,#10067,#10068),
 .UNSPECIFIED.,.F.,.F.,(4,1,4),(0.,0.0296776106478934,0.0672498625956519),
 .UNSPECIFIED.);
#155=B_SPLINE_CURVE_WITH_KNOTS('',3,(#10071,#10072,#10073,#10074,#10075),
 .UNSPECIFIED.,.F.,.F.,(4,1,4),(0.,0.0296776106478934,0.0672498625956519),
 .UNSPECIFIED.);
#156=B_SPLINE_CURVE_WITH_KNOTS('',3,(#10087,#10088,#10089,#10090,#10091),
 .UNSPECIFIED.,.F.,.F.,(4,1,4),(0.,0.0256556115421846,0.0514614542569905),
 .UNSPECIFIED.);
#157=B_SPLINE_CURVE_WITH_KNOTS('',3,(#10094,#10095,#10096,#10097,#10098),
 .UNSPECIFIED.,.F.,.F.,(4,1,4),(0.,0.0256556115421846,0.0514614542569905),
 .UNSPECIFIED.);
#158=B_SPLINE_CURVE_WITH_KNOTS('',3,(#10110,#10111,#10112,#10113,#10114),
 .UNSPECIFIED.,.F.,.F.,(4,1,4),(0.,0.0258001266778449,0.051600918502734),
 .UNSPECIFIED.);
#159=B_SPLINE_CURVE_WITH_KNOTS('',3,(#10117,#10118,#10119,#10120,#10121),
 .UNSPECIFIED.,.F.,.F.,(4,1,4),(0.,0.0258001266778449,0.051600918502734),
 .UNSPECIFIED.);
#160=B_SPLINE_CURVE_WITH_KNOTS('',3,(#10133,#10134,#10135,#10136,#10137),
 .UNSPECIFIED.,.F.,.F.,(4,1,4),(0.,0.036785300748649,0.066168039597692),
 .UNSPECIFIED.);
#161=B_SPLINE_CURVE_WITH_KNOTS('',3,(#10140,#10141,#10142,#10143,#10144),
 .UNSPECIFIED.,.F.,.F.,(4,1,4),(0.,0.036785300748649,0.066168039597692),
 .UNSPECIFIED.);
#162=B_SPLINE_CURVE_WITH_KNOTS('',3,(#10155,#10156,#10157,#10158,#10159),
 .UNSPECIFIED.,.F.,.F.,(4,1,4),(0.,0.0293148426853962,0.0660747698146258),
 .UNSPECIFIED.);
#163=B_SPLINE_CURVE_WITH_KNOTS('',3,(#10160,#10161,#10162,#10163,#10164),
 .UNSPECIFIED.,.F.,.F.,(4,1,4),(0.,0.0293148426853962,0.0660747698146258),
 .UNSPECIFIED.);
#164=B_SPLINE_CURVE_WITH_KNOTS('',3,(#10177,#10178,#10179,#10180,#10181),
 .UNSPECIFIED.,.F.,.F.,(4,1,4),(0.,0.0419037931177251,0.0811303116316063),
 .UNSPECIFIED.);
#165=B_SPLINE_CURVE_WITH_KNOTS('',3,(#10185,#10186,#10187,#10188,#10189),
 .UNSPECIFIED.,.F.,.F.,(4,1,4),(0.,0.0419037931177251,0.0811303116316063),
 .UNSPECIFIED.);
#166=B_SPLINE_CURVE_WITH_KNOTS('',3,(#10202,#10203,#10204,#10205,#10206),
 .UNSPECIFIED.,.F.,.F.,(4,1,4),(0.,0.0270516409809415,0.0545979156016855),
 .UNSPECIFIED.);
#167=B_SPLINE_CURVE_WITH_KNOTS('',3,(#10209,#10210,#10211,#10212,#10213),
 .UNSPECIFIED.,.F.,.F.,(4,1,4),(0.,0.0270516409809415,0.0545979156016855),
 .UNSPECIFIED.);
#168=B_SPLINE_CURVE_WITH_KNOTS('',3,(#10225,#10226,#10227,#10228,#10229),
 .UNSPECIFIED.,.F.,.F.,(4,1,4),(0.,0.0263612739350483,0.0528979601470819),
 .UNSPECIFIED.);
#169=B_SPLINE_CURVE_WITH_KNOTS('',3,(#10232,#10233,#10234,#10235,#10236),
 .UNSPECIFIED.,.F.,.F.,(4,1,4),(0.,0.0263612739350483,0.0528979601470819),
 .UNSPECIFIED.);
#170=B_SPLINE_CURVE_WITH_KNOTS('',3,(#10248,#10249,#10250,#10251,#10252),
 .UNSPECIFIED.,.F.,.F.,(4,1,4),(0.,0.0376062407013419,0.0676490880829865),
 .UNSPECIFIED.);
#171=B_SPLINE_CURVE_WITH_KNOTS('',3,(#10255,#10256,#10257,#10258,#10259),
 .UNSPECIFIED.,.F.,.F.,(4,1,4),(0.,0.0376062407013419,0.0676490880829865),
 .UNSPECIFIED.);
#172=B_SPLINE_CURVE_WITH_KNOTS('',3,(#10271,#10272,#10273,#10274,#10275),
 .UNSPECIFIED.,.F.,.F.,(4,1,4),(0.,0.0409616231797343,0.0876775809083355),
 .UNSPECIFIED.);
#173=B_SPLINE_CURVE_WITH_KNOTS('',3,(#10278,#10279,#10280,#10281,#10282),
 .UNSPECIFIED.,.F.,.F.,(4,1,4),(0.,0.0409616231797343,0.0876775809083355),
 .UNSPECIFIED.);
#174=B_SPLINE_CURVE_WITH_KNOTS('',3,(#10294,#10295,#10296,#10297,#10298),
 .UNSPECIFIED.,.F.,.F.,(4,1,4),(0.,0.0413795313753714,0.0806701786612861),
 .UNSPECIFIED.);
#175=B_SPLINE_CURVE_WITH_KNOTS('',3,(#10301,#10302,#10303,#10304,#10305),
 .UNSPECIFIED.,.F.,.F.,(4,1,4),(0.,0.0413795313753714,0.0806701786612861),
 .UNSPECIFIED.);
#176=B_SPLINE_CURVE_WITH_KNOTS('',3,(#10317,#10318,#10319,#10320,#10321),
 .UNSPECIFIED.,.F.,.F.,(4,1,4),(0.,0.0359932022049337,0.0737235949657497),
 .UNSPECIFIED.);
#177=B_SPLINE_CURVE_WITH_KNOTS('',3,(#10324,#10325,#10326,#10327,#10328),
 .UNSPECIFIED.,.F.,.F.,(4,1,4),(0.,0.0359932022049337,0.0737235949657497),
 .UNSPECIFIED.);
#178=B_SPLINE_CURVE_WITH_KNOTS('',3,(#10340,#10341,#10342,#10343,#10344),
 .UNSPECIFIED.,.F.,.F.,(4,1,4),(0.,0.0532066397933129,0.0978624501996368),
 .UNSPECIFIED.);
#179=B_SPLINE_CURVE_WITH_KNOTS('',3,(#10347,#10348,#10349,#10350,#10351),
 .UNSPECIFIED.,.F.,.F.,(4,1,4),(0.,0.0532066397933129,0.0978624501996368),
 .UNSPECIFIED.);
#180=B_SPLINE_CURVE_WITH_KNOTS('',3,(#10362,#10363,#10364,#10365,#10366),
 .UNSPECIFIED.,.F.,.F.,(4,1,4),(0.,0.0414791139273181,0.0905871708975998),
 .UNSPECIFIED.);
#181=B_SPLINE_CURVE_WITH_KNOTS('',3,(#10367,#10368,#10369,#10370,#10371),
 .UNSPECIFIED.,.F.,.F.,(4,1,4),(0.,0.0414791139273181,0.0905871708975998),
 .UNSPECIFIED.);
#182=B_SPLINE_CURVE_WITH_KNOTS('',3,(#10385,#10386,#10387,#10388,#10389),
 .UNSPECIFIED.,.F.,.F.,(4,1,4),(0.,0.0160784841357341,0.0375146074486444),
 .UNSPECIFIED.);
#183=B_SPLINE_CURVE_WITH_KNOTS('',3,(#10393,#10394,#10395,#10396,#10397),
 .UNSPECIFIED.,.F.,.F.,(4,1,4),(0.,0.0160784841357341,0.0375146074486444),
 .UNSPECIFIED.);
#184=B_SPLINE_CURVE_WITH_KNOTS('',3,(#10410,#10411,#10412,#10413,#10414),
 .UNSPECIFIED.,.F.,.F.,(4,1,4),(0.,0.0181166597125352,0.0356779954377033),
 .UNSPECIFIED.);
#185=B_SPLINE_CURVE_WITH_KNOTS('',3,(#10417,#10418,#10419,#10420,#10421),
 .UNSPECIFIED.,.F.,.F.,(4,1,4),(0.,0.0181166597125352,0.0356779954377033),
 .UNSPECIFIED.);
#186=B_SPLINE_CURVE_WITH_KNOTS('',3,(#10433,#10434,#10435,#10436,#10437),
 .UNSPECIFIED.,.F.,.F.,(4,1,4),(0.,0.020240018124594,0.0393165541502688),
 .UNSPECIFIED.);
#187=B_SPLINE_CURVE_WITH_KNOTS('',3,(#10440,#10441,#10442,#10443,#10444),
 .UNSPECIFIED.,.F.,.F.,(4,1,4),(0.,0.020240018124594,0.0393165541502688),
 .UNSPECIFIED.);
#188=B_SPLINE_CURVE_WITH_KNOTS('',3,(#10456,#10457,#10458,#10459,#10460),
 .UNSPECIFIED.,.F.,.F.,(4,1,4),(0.,0.0155871964404406,0.0346495233310493),
 .UNSPECIFIED.);
#189=B_SPLINE_CURVE_WITH_KNOTS('',3,(#10463,#10464,#10465,#10466,#10467),
 .UNSPECIFIED.,.F.,.F.,(4,1,4),(0.,0.0155871964404406,0.0346495233310493),
 .UNSPECIFIED.);
#190=B_SPLINE_CURVE_WITH_KNOTS('',3,(#10479,#10480,#10481,#10482,#10483),
 .UNSPECIFIED.,.F.,.F.,(4,1,4),(0.,0.0137909067868655,0.0276502197165193),
 .UNSPECIFIED.);
#191=B_SPLINE_CURVE_WITH_KNOTS('',3,(#10486,#10487,#10488,#10489,#10490),
 .UNSPECIFIED.,.F.,.F.,(4,1,4),(0.,0.0137909067868655,0.0276502197165193),
 .UNSPECIFIED.);
#192=B_SPLINE_CURVE_WITH_KNOTS('',3,(#10502,#10503,#10504,#10505,#10506),
 .UNSPECIFIED.,.F.,.F.,(4,1,4),(0.,0.00915616716319794,0.0184279746479108),
 .UNSPECIFIED.);
#193=B_SPLINE_CURVE_WITH_KNOTS('',3,(#10509,#10510,#10511,#10512,#10513),
 .UNSPECIFIED.,.F.,.F.,(4,1,4),(0.,0.00915616716319794,0.0184279746479108),
 .UNSPECIFIED.);
#194=B_SPLINE_CURVE_WITH_KNOTS('',3,(#10525,#10526,#10527,#10528,#10529),
 .UNSPECIFIED.,.F.,.F.,(4,1,4),(0.,0.00974327525037846,0.0190371359363602),
 .UNSPECIFIED.);
#195=B_SPLINE_CURVE_WITH_KNOTS('',3,(#10532,#10533,#10534,#10535,#10536),
 .UNSPECIFIED.,.F.,.F.,(4,1,4),(0.,0.00974327525037846,0.0190371359363602),
 .UNSPECIFIED.);
#196=B_SPLINE_CURVE_WITH_KNOTS('',3,(#10548,#10549,#10550,#10551,#10552),
 .UNSPECIFIED.,.F.,.F.,(4,1,4),(0.,0.0196991305080934,0.0330179950737603),
 .UNSPECIFIED.);
#197=B_SPLINE_CURVE_WITH_KNOTS('',3,(#10555,#10556,#10557,#10558,#10559),
 .UNSPECIFIED.,.F.,.F.,(4,1,4),(0.,0.0196991305080934,0.0330179950737603),
 .UNSPECIFIED.);
#198=B_SPLINE_CURVE_WITH_KNOTS('',3,(#10571,#10572,#10573,#10574,#10575),
 .UNSPECIFIED.,.F.,.F.,(4,1,4),(0.,0.0261866862414607,0.061850992999276),
 .UNSPECIFIED.);
#199=B_SPLINE_CURVE_WITH_KNOTS('',3,(#10578,#10579,#10580,#10581,#10582),
 .UNSPECIFIED.,.F.,.F.,(4,1,4),(0.,0.0261866862414607,0.061850992999276),
 .UNSPECIFIED.);
#200=B_SPLINE_CURVE_WITH_KNOTS('',3,(#10606,#10607,#10608,#10609,#10610),
 .UNSPECIFIED.,.F.,.F.,(4,1,4),(0.,0.013780138179937,0.0278031350135102),
 .UNSPECIFIED.);
#201=B_SPLINE_CURVE_WITH_KNOTS('',3,(#10613,#10614,#10615,#10616,#10617),
 .UNSPECIFIED.,.F.,.F.,(4,1,4),(0.,0.013780138179937,0.0278031350135102),
 .UNSPECIFIED.);
#202=B_SPLINE_CURVE_WITH_KNOTS('',3,(#10629,#10630,#10631,#10632,#10633),
 .UNSPECIFIED.,.F.,.F.,(4,1,4),(0.,0.0419294383962614,0.0650443112091995),
 .UNSPECIFIED.);
#203=B_SPLINE_CURVE_WITH_KNOTS('',3,(#10636,#10637,#10638,#10639,#10640),
 .UNSPECIFIED.,.F.,.F.,(4,1,4),(0.,0.0419294383962614,0.0650443112091995),
 .UNSPECIFIED.);
#204=B_SPLINE_CURVE_WITH_KNOTS('',3,(#10658,#10659,#10660,#10661,#10662),
 .UNSPECIFIED.,.F.,.F.,(4,1,4),(0.,0.0132712877313827,0.0340471801899571),
 .UNSPECIFIED.);
#205=B_SPLINE_CURVE_WITH_KNOTS('',3,(#10665,#10666,#10667,#10668,#10669),
 .UNSPECIFIED.,.F.,.F.,(4,1,4),(0.,0.0132712877313827,0.0340471801899571),
 .UNSPECIFIED.);
#206=B_SPLINE_CURVE_WITH_KNOTS('',3,(#10681,#10682,#10683,#10684,#10685),
 .UNSPECIFIED.,.F.,.F.,(4,1,4),(0.,0.0132102575647376,0.0277628080971819),
 .UNSPECIFIED.);
#207=B_SPLINE_CURVE_WITH_KNOTS('',3,(#10688,#10689,#10690,#10691,#10692),
 .UNSPECIFIED.,.F.,.F.,(4,1,4),(0.,0.0132102575647376,0.0277628080971819),
 .UNSPECIFIED.);
#208=B_SPLINE_CURVE_WITH_KNOTS('',3,(#10704,#10705,#10706,#10707,#10708),
 .UNSPECIFIED.,.F.,.F.,(4,1,4),(0.,0.0168054145696417,0.0306781881462544),
 .UNSPECIFIED.);
#209=B_SPLINE_CURVE_WITH_KNOTS('',3,(#10711,#10712,#10713,#10714,#10715),
 .UNSPECIFIED.,.F.,.F.,(4,1,4),(0.,0.0168054145696417,0.0306781881462544),
 .UNSPECIFIED.);
#210=B_SPLINE_CURVE_WITH_KNOTS('',3,(#10727,#10728,#10729,#10730,#10731),
 .UNSPECIFIED.,.F.,.F.,(4,1,4),(0.,0.0252747804221509,0.0458723292908963),
 .UNSPECIFIED.);
#211=B_SPLINE_CURVE_WITH_KNOTS('',3,(#10734,#10735,#10736,#10737,#10738),
 .UNSPECIFIED.,.F.,.F.,(4,1,4),(0.,0.0252747804221509,0.0458723292908963),
 .UNSPECIFIED.);
#212=B_SPLINE_CURVE_WITH_KNOTS('',3,(#10750,#10751,#10752,#10753,#10754),
 .UNSPECIFIED.,.F.,.F.,(4,1,4),(0.,0.023680742652267,0.0500976591995658),
 .UNSPECIFIED.);
#213=B_SPLINE_CURVE_WITH_KNOTS('',3,(#10757,#10758,#10759,#10760,#10761),
 .UNSPECIFIED.,.F.,.F.,(4,1,4),(0.,0.023680742652267,0.0500976591995658),
 .UNSPECIFIED.);
#214=B_SPLINE_CURVE_WITH_KNOTS('',3,(#10773,#10774,#10775,#10776,#10777),
 .UNSPECIFIED.,.F.,.F.,(4,1,4),(0.,0.0186488234931913,0.0396063422304613),
 .UNSPECIFIED.);
#215=B_SPLINE_CURVE_WITH_KNOTS('',3,(#10780,#10781,#10782,#10783,#10784),
 .UNSPECIFIED.,.F.,.F.,(4,1,4),(0.,0.0186488234931913,0.0396063422304613),
 .UNSPECIFIED.);
#216=B_SPLINE_CURVE_WITH_KNOTS('',3,(#10796,#10797,#10798,#10799,#10800),
 .UNSPECIFIED.,.F.,.F.,(4,1,4),(0.,0.0218853853055437,0.0409647637591852),
 .UNSPECIFIED.);
#217=B_SPLINE_CURVE_WITH_KNOTS('',3,(#10803,#10804,#10805,#10806,#10807),
 .UNSPECIFIED.,.F.,.F.,(4,1,4),(0.,0.0218853853055437,0.0409647637591852),
 .UNSPECIFIED.);
#218=B_SPLINE_CURVE_WITH_KNOTS('',3,(#10825,#10826,#10827,#10828,#10829),
 .UNSPECIFIED.,.F.,.F.,(4,1,4),(0.,0.0165833573616109,0.0376041587009779),
 .UNSPECIFIED.);
#219=B_SPLINE_CURVE_WITH_KNOTS('',3,(#10832,#10833,#10834,#10835,#10836),
 .UNSPECIFIED.,.F.,.F.,(4,1,4),(0.,0.0165833573616109,0.0376041587009779),
 .UNSPECIFIED.);
#220=B_SPLINE_CURVE_WITH_KNOTS('',3,(#10848,#10849,#10850,#10851,#10852),
 .UNSPECIFIED.,.F.,.F.,(4,1,4),(0.,0.0227013841225781,0.0398985921631301),
 .UNSPECIFIED.);
#221=B_SPLINE_CURVE_WITH_KNOTS('',3,(#10855,#10856,#10857,#10858,#10859),
 .UNSPECIFIED.,.F.,.F.,(4,1,4),(0.,0.0227013841225781,0.0398985921631301),
 .UNSPECIFIED.);
#222=B_SPLINE_CURVE_WITH_KNOTS('',3,(#10871,#10872,#10873,#10874,#10875),
 .UNSPECIFIED.,.F.,.F.,(4,1,4),(0.,0.019889039382508,0.0444908676333702),
 .UNSPECIFIED.);
#223=B_SPLINE_CURVE_WITH_KNOTS('',3,(#10878,#10879,#10880,#10881,#10882),
 .UNSPECIFIED.,.F.,.F.,(4,1,4),(0.,0.019889039382508,0.0444908676333702),
 .UNSPECIFIED.);
#224=B_SPLINE_CURVE_WITH_KNOTS('',3,(#10894,#10895,#10896,#10897,#10898),
 .UNSPECIFIED.,.F.,.F.,(4,1,4),(0.,0.0193615109367827,0.0341389064757021),
 .UNSPECIFIED.);
#225=B_SPLINE_CURVE_WITH_KNOTS('',3,(#10901,#10902,#10903,#10904,#10905),
 .UNSPECIFIED.,.F.,.F.,(4,1,4),(0.,0.0193615109367827,0.0341389064757021),
 .UNSPECIFIED.);
#226=B_SPLINE_CURVE_WITH_KNOTS('',3,(#10917,#10918,#10919,#10920,#10921),
 .UNSPECIFIED.,.F.,.F.,(4,1,4),(0.,0.00619226051639462,0.00962026849303456),
 .UNSPECIFIED.);
#227=B_SPLINE_CURVE_WITH_KNOTS('',3,(#10924,#10925,#10926,#10927,#10928),
 .UNSPECIFIED.,.F.,.F.,(4,1,4),(0.,0.00619226051639462,0.00962026849303456),
 .UNSPECIFIED.);
#228=B_SPLINE_CURVE_WITH_KNOTS('',3,(#10940,#10941,#10942,#10943,#10944),
 .UNSPECIFIED.,.F.,.F.,(4,1,4),(0.,0.0391644471532374,0.0669835553839845),
 .UNSPECIFIED.);
#229=B_SPLINE_CURVE_WITH_KNOTS('',3,(#10947,#10948,#10949,#10950,#10951),
 .UNSPECIFIED.,.F.,.F.,(4,1,4),(0.,0.0391644471532374,0.0669835553839845),
 .UNSPECIFIED.);
#230=B_SPLINE_CURVE_WITH_KNOTS('',3,(#10963,#10964,#10965,#10966,#10967),
 .UNSPECIFIED.,.F.,.F.,(4,1,4),(0.,0.0138964216749122,0.0332211684129024),
 .UNSPECIFIED.);
#231=B_SPLINE_CURVE_WITH_KNOTS('',3,(#10970,#10971,#10972,#10973,#10974),
 .UNSPECIFIED.,.F.,.F.,(4,1,4),(0.,0.0138964216749122,0.0332211684129024),
 .UNSPECIFIED.);
#232=B_SPLINE_CURVE_WITH_KNOTS('',3,(#10986,#10987,#10988,#10989,#10990),
 .UNSPECIFIED.,.F.,.F.,(4,1,4),(0.,0.0143383000179168,0.0292189398920143),
 .UNSPECIFIED.);
#233=B_SPLINE_CURVE_WITH_KNOTS('',3,(#10993,#10994,#10995,#10996,#10997),
 .UNSPECIFIED.,.F.,.F.,(4,1,4),(0.,0.0143383000179168,0.0292189398920143),
 .UNSPECIFIED.);
#234=B_SPLINE_CURVE_WITH_KNOTS('',3,(#11009,#11010,#11011,#11012,#11013),
 .UNSPECIFIED.,.F.,.F.,(4,1,4),(0.,0.0145560227299153,0.028678879577443),
 .UNSPECIFIED.);
#235=B_SPLINE_CURVE_WITH_KNOTS('',3,(#11016,#11017,#11018,#11019,#11020),
 .UNSPECIFIED.,.F.,.F.,(4,1,4),(0.,0.0145560227299153,0.028678879577443),
 .UNSPECIFIED.);
#236=B_SPLINE_CURVE_WITH_KNOTS('',3,(#11032,#11033,#11034,#11035,#11036),
 .UNSPECIFIED.,.F.,.F.,(4,1,4),(0.,0.0153788163980353,0.0302989597717689),
 .UNSPECIFIED.);
#237=B_SPLINE_CURVE_WITH_KNOTS('',3,(#11039,#11040,#11041,#11042,#11043),
 .UNSPECIFIED.,.F.,.F.,(4,1,4),(0.,0.0153788163980353,0.0302989597717689),
 .UNSPECIFIED.);
#238=B_SPLINE_CURVE_WITH_KNOTS('',3,(#11055,#11056,#11057,#11058,#11059),
 .UNSPECIFIED.,.F.,.F.,(4,1,4),(0.,0.0246010628887319,0.0498500724625654),
 .UNSPECIFIED.);
#239=B_SPLINE_CURVE_WITH_KNOTS('',3,(#11062,#11063,#11064,#11065,#11066),
 .UNSPECIFIED.,.F.,.F.,(4,1,4),(0.,0.0246010628887319,0.0498500724625654),
 .UNSPECIFIED.);
#240=B_SPLINE_CURVE_WITH_KNOTS('',3,(#11078,#11079,#11080,#11081,#11082),
 .UNSPECIFIED.,.F.,.F.,(4,1,4),(0.,0.0319684926601835,0.0587792957825013),
 .UNSPECIFIED.);
#241=B_SPLINE_CURVE_WITH_KNOTS('',3,(#11085,#11086,#11087,#11088,#11089),
 .UNSPECIFIED.,.F.,.F.,(4,1,4),(0.,0.0319684926601835,0.0587792957825013),
 .UNSPECIFIED.);
#242=B_SPLINE_CURVE_WITH_KNOTS('',3,(#11101,#11102,#11103,#11104,#11105),
 .UNSPECIFIED.,.F.,.F.,(4,1,4),(0.,0.0203417749611139,0.0414190761478013),
 .UNSPECIFIED.);
#243=B_SPLINE_CURVE_WITH_KNOTS('',3,(#11108,#11109,#11110,#11111,#11112),
 .UNSPECIFIED.,.F.,.F.,(4,1,4),(0.,0.0203417749611139,0.0414190761478013),
 .UNSPECIFIED.);
#244=B_SPLINE_CURVE_WITH_KNOTS('',3,(#11124,#11125,#11126,#11127,#11128),
 .UNSPECIFIED.,.F.,.F.,(4,1,4),(0.,0.0249665001810429,0.0465874767848586),
 .UNSPECIFIED.);
#245=B_SPLINE_CURVE_WITH_KNOTS('',3,(#11131,#11132,#11133,#11134,#11135),
 .UNSPECIFIED.,.F.,.F.,(4,1,4),(0.,0.0249665001810429,0.0465874767848586),
 .UNSPECIFIED.);
#246=B_SPLINE_CURVE_WITH_KNOTS('',3,(#11146,#11147,#11148,#11149,#11150),
 .UNSPECIFIED.,.F.,.F.,(4,1,4),(0.,0.0132929147797714,0.0279129107405598),
 .UNSPECIFIED.);
#247=B_SPLINE_CURVE_WITH_KNOTS('',3,(#11151,#11152,#11153,#11154,#11155),
 .UNSPECIFIED.,.F.,.F.,(4,1,4),(0.,0.0132929147797714,0.0279129107405598),
 .UNSPECIFIED.);
#248=B_SPLINE_CURVE_WITH_KNOTS('',3,(#11177,#11178,#11179,#11180,#11181),
 .UNSPECIFIED.,.F.,.F.,(4,1,4),(0.,0.0144122982898889,0.0371880046974268),
 .UNSPECIFIED.);
#249=B_SPLINE_CURVE_WITH_KNOTS('',3,(#11184,#11185,#11186,#11187,#11188),
 .UNSPECIFIED.,.F.,.F.,(4,1,4),(0.,0.0144122982898889,0.0371880046974268),
 .UNSPECIFIED.);
#250=B_SPLINE_CURVE_WITH_KNOTS('',3,(#11200,#11201,#11202,#11203,#11204),
 .UNSPECIFIED.,.F.,.F.,(4,1,4),(0.,0.0156640436064939,0.0311699483462874),
 .UNSPECIFIED.);
#251=B_SPLINE_CURVE_WITH_KNOTS('',3,(#11207,#11208,#11209,#11210,#11211),
 .UNSPECIFIED.,.F.,.F.,(4,1,4),(0.,0.0156640436064939,0.0311699483462874),
 .UNSPECIFIED.);
#252=B_SPLINE_CURVE_WITH_KNOTS('',3,(#11223,#11224,#11225,#11226,#11227),
 .UNSPECIFIED.,.F.,.F.,(4,1,4),(0.,0.0176321767391609,0.0340266350139904),
 .UNSPECIFIED.);
#253=B_SPLINE_CURVE_WITH_KNOTS('',3,(#11230,#11231,#11232,#11233,#11234),
 .UNSPECIFIED.,.F.,.F.,(4,1,4),(0.,0.0176321767391609,0.0340266350139904),
 .UNSPECIFIED.);
#254=B_SPLINE_CURVE_WITH_KNOTS('',3,(#11246,#11247,#11248,#11249,#11250),
 .UNSPECIFIED.,.F.,.F.,(4,1,4),(0.,0.02107738521567,0.0445017155497278),
 .UNSPECIFIED.);
#255=B_SPLINE_CURVE_WITH_KNOTS('',3,(#11253,#11254,#11255,#11256,#11257),
 .UNSPECIFIED.,.F.,.F.,(4,1,4),(0.,0.02107738521567,0.0445017155497278),
 .UNSPECIFIED.);
#256=B_SPLINE_CURVE_WITH_KNOTS('',3,(#11269,#11270,#11271,#11272,#11273),
 .UNSPECIFIED.,.F.,.F.,(4,1,4),(0.,0.0330900407010999,0.0573423193617389),
 .UNSPECIFIED.);
#257=B_SPLINE_CURVE_WITH_KNOTS('',3,(#11276,#11277,#11278,#11279,#11280),
 .UNSPECIFIED.,.F.,.F.,(4,1,4),(0.,0.0330900407010999,0.0573423193617389),
 .UNSPECIFIED.);
#258=B_SPLINE_CURVE_WITH_KNOTS('',3,(#11316,#11317,#11318,#11319,#11320),
 .UNSPECIFIED.,.F.,.F.,(4,1,4),(0.,0.039534103662767,0.0937602415057422),
 .UNSPECIFIED.);
#259=B_SPLINE_CURVE_WITH_KNOTS('',3,(#11323,#11324,#11325,#11326,#11327),
 .UNSPECIFIED.,.F.,.F.,(4,1,4),(0.,0.039534103662767,0.0937602415057422),
 .UNSPECIFIED.);
#260=B_SPLINE_CURVE_WITH_KNOTS('',3,(#11339,#11340,#11341,#11342,#11343),
 .UNSPECIFIED.,.F.,.F.,(4,1,4),(0.,0.0358464708584904,0.0704936137036794),
 .UNSPECIFIED.);
#261=B_SPLINE_CURVE_WITH_KNOTS('',3,(#11346,#11347,#11348,#11349,#11350),
 .UNSPECIFIED.,.F.,.F.,(4,1,4),(0.,0.0358464708584904,0.0704936137036794),
 .UNSPECIFIED.);
#262=B_SPLINE_CURVE_WITH_KNOTS('',3,(#11362,#11363,#11364,#11365,#11366),
 .UNSPECIFIED.,.F.,.F.,(4,1,4),(0.,0.0207020650838103,0.0422076158399444),
 .UNSPECIFIED.);
#263=B_SPLINE_CURVE_WITH_KNOTS('',3,(#11369,#11370,#11371,#11372,#11373),
 .UNSPECIFIED.,.F.,.F.,(4,1,4),(0.,0.0207020650838103,0.0422076158399444),
 .UNSPECIFIED.);
#264=B_SPLINE_CURVE_WITH_KNOTS('',3,(#11385,#11386,#11387,#11388,#11389),
 .UNSPECIFIED.,.F.,.F.,(4,1,4),(0.,0.0183204293665408,0.0379549429328504),
 .UNSPECIFIED.);
#265=B_SPLINE_CURVE_WITH_KNOTS('',3,(#11392,#11393,#11394,#11395,#11396),
 .UNSPECIFIED.,.F.,.F.,(4,1,4),(0.,0.0183204293665408,0.0379549429328504),
 .UNSPECIFIED.);
#266=B_SPLINE_CURVE_WITH_KNOTS('',3,(#11408,#11409,#11410,#11411,#11412),
 .UNSPECIFIED.,.F.,.F.,(4,1,4),(0.,0.0210022393091946,0.0398453721529177),
 .UNSPECIFIED.);
#267=B_SPLINE_CURVE_WITH_KNOTS('',3,(#11415,#11416,#11417,#11418,#11419),
 .UNSPECIFIED.,.F.,.F.,(4,1,4),(0.,0.0210022393091946,0.0398453721529177),
 .UNSPECIFIED.);
#268=B_SPLINE_CURVE_WITH_KNOTS('',3,(#11431,#11432,#11433,#11434,#11435),
 .UNSPECIFIED.,.F.,.F.,(4,1,4),(0.,0.0263568930996998,0.0457633276929466),
 .UNSPECIFIED.);
#269=B_SPLINE_CURVE_WITH_KNOTS('',3,(#11438,#11439,#11440,#11441,#11442),
 .UNSPECIFIED.,.F.,.F.,(4,1,4),(0.,0.0263568930996998,0.0457633276929466),
 .UNSPECIFIED.);
#270=B_SPLINE_CURVE_WITH_KNOTS('',3,(#11479,#11480,#11481,#11482,#11483),
 .UNSPECIFIED.,.F.,.F.,(4,1,4),(0.,0.0210752593216567,0.0435356506152042),
 .UNSPECIFIED.);
#271=B_SPLINE_CURVE_WITH_KNOTS('',3,(#11486,#11487,#11488,#11489,#11490),
 .UNSPECIFIED.,.F.,.F.,(4,1,4),(0.,0.0210752593216567,0.0435356506152042),
 .UNSPECIFIED.);
#272=B_SPLINE_CURVE_WITH_KNOTS('',3,(#11502,#11503,#11504,#11505,#11506),
 .UNSPECIFIED.,.F.,.F.,(4,1,4),(0.,0.0119599188928973,0.0246830734332839),
 .UNSPECIFIED.);
#273=B_SPLINE_CURVE_WITH_KNOTS('',3,(#11509,#11510,#11511,#11512,#11513),
 .UNSPECIFIED.,.F.,.F.,(4,1,4),(0.,0.0119599188928973,0.0246830734332839),
 .UNSPECIFIED.);
#274=B_SPLINE_CURVE_WITH_KNOTS('',3,(#11525,#11526,#11527,#11528,#11529),
 .UNSPECIFIED.,.F.,.F.,(4,1,4),(0.,0.0116027292468923,0.0231949515486619),
 .UNSPECIFIED.);
#275=B_SPLINE_CURVE_WITH_KNOTS('',3,(#11532,#11533,#11534,#11535,#11536),
 .UNSPECIFIED.,.F.,.F.,(4,1,4),(0.,0.0116027292468923,0.0231949515486619),
 .UNSPECIFIED.);
#276=B_SPLINE_CURVE_WITH_KNOTS('',3,(#11548,#11549,#11550,#11551,#11552),
 .UNSPECIFIED.,.F.,.F.,(4,1,4),(0.,0.0147730895220083,0.0284258396106519),
 .UNSPECIFIED.);
#277=B_SPLINE_CURVE_WITH_KNOTS('',3,(#11555,#11556,#11557,#11558,#11559),
 .UNSPECIFIED.,.F.,.F.,(4,1,4),(0.,0.0147730895220083,0.0284258396106519),
 .UNSPECIFIED.);
#278=B_SPLINE_CURVE_WITH_KNOTS('',3,(#11577,#11578,#11579,#11580,#11581),
 .UNSPECIFIED.,.F.,.F.,(4,1,4),(0.,0.0190085443122328,0.0400652574187498),
 .UNSPECIFIED.);
#279=B_SPLINE_CURVE_WITH_KNOTS('',3,(#11584,#11585,#11586,#11587,#11588),
 .UNSPECIFIED.,.F.,.F.,(4,1,4),(0.,0.0190085443122328,0.0400652574187498),
 .UNSPECIFIED.);
#280=B_SPLINE_CURVE_WITH_KNOTS('',3,(#11600,#11601,#11602,#11603,#11604),
 .UNSPECIFIED.,.F.,.F.,(4,1,4),(0.,0.0125611057733368,0.0250527099868716),
 .UNSPECIFIED.);
#281=B_SPLINE_CURVE_WITH_KNOTS('',3,(#11607,#11608,#11609,#11610,#11611),
 .UNSPECIFIED.,.F.,.F.,(4,1,4),(0.,0.0125611057733368,0.0250527099868716),
 .UNSPECIFIED.);
#282=B_SPLINE_CURVE_WITH_KNOTS('',3,(#11623,#11624,#11625,#11626,#11627),
 .UNSPECIFIED.,.F.,.F.,(4,1,4),(0.,0.0227362633098013,0.0386715731466579),
 .UNSPECIFIED.);
#283=B_SPLINE_CURVE_WITH_KNOTS('',3,(#11630,#11631,#11632,#11633,#11634),
 .UNSPECIFIED.,.F.,.F.,(4,1,4),(0.,0.0227362633098013,0.0386715731466579),
 .UNSPECIFIED.);
#284=B_SPLINE_CURVE_WITH_KNOTS('',3,(#11669,#11670,#11671,#11672,#11673),
 .UNSPECIFIED.,.F.,.F.,(4,1,4),(0.,0.0201770155878691,0.0393044968526654),
 .UNSPECIFIED.);
#285=B_SPLINE_CURVE_WITH_KNOTS('',3,(#11677,#11678,#11679,#11680,#11681),
 .UNSPECIFIED.,.F.,.F.,(4,1,4),(0.,0.0201770155878691,0.0393044968526654),
 .UNSPECIFIED.);
#286=B_SPLINE_CURVE_WITH_KNOTS('',3,(#11694,#11695,#11696,#11697,#11698),
 .UNSPECIFIED.,.F.,.F.,(4,1,4),(0.,0.0244050970221797,0.0493578208915151),
 .UNSPECIFIED.);
#287=B_SPLINE_CURVE_WITH_KNOTS('',3,(#11701,#11702,#11703,#11704,#11705),
 .UNSPECIFIED.,.F.,.F.,(4,1,4),(0.,0.0244050970221797,0.0493578208915151),
 .UNSPECIFIED.);
#288=B_SPLINE_CURVE_WITH_KNOTS('',3,(#11717,#11718,#11719,#11720,#11721),
 .UNSPECIFIED.,.F.,.F.,(4,1,4),(0.,0.0380389554433183,0.0667768968812236),
 .UNSPECIFIED.);
#289=B_SPLINE_CURVE_WITH_KNOTS('',3,(#11724,#11725,#11726,#11727,#11728),
 .UNSPECIFIED.,.F.,.F.,(4,1,4),(0.,0.0380389554433183,0.0667768968812236),
 .UNSPECIFIED.);
#290=B_SPLINE_CURVE_WITH_KNOTS('',3,(#11740,#11741,#11742,#11743,#11744),
 .UNSPECIFIED.,.F.,.F.,(4,1,4),(0.,0.0288740102225343,0.0664982695462736),
 .UNSPECIFIED.);
#291=B_SPLINE_CURVE_WITH_KNOTS('',3,(#11747,#11748,#11749,#11750,#11751),
 .UNSPECIFIED.,.F.,.F.,(4,1,4),(0.,0.0288740102225343,0.0664982695462736),
 .UNSPECIFIED.);
#292=B_SPLINE_CURVE_WITH_KNOTS('',3,(#11763,#11764,#11765,#11766,#11767),
 .UNSPECIFIED.,.F.,.F.,(4,1,4),(0.,0.0257102180151196,0.0506915210014963),
 .UNSPECIFIED.);
#293=B_SPLINE_CURVE_WITH_KNOTS('',3,(#11770,#11771,#11772,#11773,#11774),
 .UNSPECIFIED.,.F.,.F.,(4,1,4),(0.,0.0257102180151196,0.0506915210014963),
 .UNSPECIFIED.);
#294=B_SPLINE_CURVE_WITH_KNOTS('',3,(#11786,#11787,#11788,#11789,#11790),
 .UNSPECIFIED.,.F.,.F.,(4,1,4),(0.,0.0165716437657271,0.0338555670971964),
 .UNSPECIFIED.);
#295=B_SPLINE_CURVE_WITH_KNOTS('',3,(#11793,#11794,#11795,#11796,#11797),
 .UNSPECIFIED.,.F.,.F.,(4,1,4),(0.,0.0165716437657271,0.0338555670971964),
 .UNSPECIFIED.);
#296=B_SPLINE_CURVE_WITH_KNOTS('',3,(#11809,#11810,#11811,#11812,#11813),
 .UNSPECIFIED.,.F.,.F.,(4,1,4),(0.,0.0204514743536195,0.0380849884235646),
 .UNSPECIFIED.);
#297=B_SPLINE_CURVE_WITH_KNOTS('',3,(#11816,#11817,#11818,#11819,#11820),
 .UNSPECIFIED.,.F.,.F.,(4,1,4),(0.,0.0204514743536195,0.0380849884235646),
 .UNSPECIFIED.);
#298=B_SPLINE_CURVE_WITH_KNOTS('',3,(#11838,#11839,#11840,#11841,#11842),
 .UNSPECIFIED.,.F.,.F.,(4,1,4),(0.,0.0284694149236572,0.059448672566535),
 .UNSPECIFIED.);
#299=B_SPLINE_CURVE_WITH_KNOTS('',3,(#11845,#11846,#11847,#11848,#11849),
 .UNSPECIFIED.,.F.,.F.,(4,1,4),(0.,0.0284694149236572,0.059448672566535),
 .UNSPECIFIED.);
#300=B_SPLINE_CURVE_WITH_KNOTS('',3,(#11861,#11862,#11863,#11864,#11865),
 .UNSPECIFIED.,.F.,.F.,(4,1,4),(0.,0.0324892860162629,0.0615159656047829),
 .UNSPECIFIED.);
#301=B_SPLINE_CURVE_WITH_KNOTS('',3,(#11868,#11869,#11870,#11871,#11872),
 .UNSPECIFIED.,.F.,.F.,(4,1,4),(0.,0.0324892860162629,0.0615159656047829),
 .UNSPECIFIED.);
#302=B_SPLINE_CURVE_WITH_KNOTS('',3,(#11884,#11885,#11886,#11887,#11888),
 .UNSPECIFIED.,.F.,.F.,(4,1,4),(0.,0.0267856028585348,0.0539733179428633),
 .UNSPECIFIED.);
#303=B_SPLINE_CURVE_WITH_KNOTS('',3,(#11891,#11892,#11893,#11894,#11895),
 .UNSPECIFIED.,.F.,.F.,(4,1,4),(0.,0.0267856028585348,0.0539733179428633),
 .UNSPECIFIED.);
#304=B_SPLINE_CURVE_WITH_KNOTS('',3,(#11907,#11908,#11909,#11910,#11911),
 .UNSPECIFIED.,.F.,.F.,(4,1,4),(0.,0.0273839695989237,0.0539302493261196),
 .UNSPECIFIED.);
#305=B_SPLINE_CURVE_WITH_KNOTS('',3,(#11914,#11915,#11916,#11917,#11918),
 .UNSPECIFIED.,.F.,.F.,(4,1,4),(0.,0.0273839695989237,0.0539302493261196),
 .UNSPECIFIED.);
#306=B_SPLINE_CURVE_WITH_KNOTS('',3,(#11930,#11931,#11932,#11933,#11934),
 .UNSPECIFIED.,.F.,.F.,(4,1,4),(0.,0.0331265659739551,0.0630329041548511),
 .UNSPECIFIED.);
#307=B_SPLINE_CURVE_WITH_KNOTS('',3,(#11937,#11938,#11939,#11940,#11941),
 .UNSPECIFIED.,.F.,.F.,(4,1,4),(0.,0.0331265659739551,0.0630329041548511),
 .UNSPECIFIED.);
#308=B_SPLINE_CURVE_WITH_KNOTS('',3,(#11953,#11954,#11955,#11956,#11957),
 .UNSPECIFIED.,.F.,.F.,(4,1,4),(0.,0.0408940353133244,0.0894847980763303),
 .UNSPECIFIED.);
#309=B_SPLINE_CURVE_WITH_KNOTS('',3,(#11960,#11961,#11962,#11963,#11964),
 .UNSPECIFIED.,.F.,.F.,(4,1,4),(0.,0.0408940353133244,0.0894847980763303),
 .UNSPECIFIED.);
#310=B_SPLINE_CURVE_WITH_KNOTS('',3,(#11976,#11977,#11978,#11979,#11980),
 .UNSPECIFIED.,.F.,.F.,(4,1,4),(0.,0.0408921091974078,0.0792310183978023),
 .UNSPECIFIED.);
#311=B_SPLINE_CURVE_WITH_KNOTS('',3,(#11983,#11984,#11985,#11986,#11987),
 .UNSPECIFIED.,.F.,.F.,(4,1,4),(0.,0.0408921091974078,0.0792310183978023),
 .UNSPECIFIED.);
#312=B_SPLINE_CURVE_WITH_KNOTS('',3,(#11999,#12000,#12001,#12002,#12003),
 .UNSPECIFIED.,.F.,.F.,(4,1,4),(0.,0.0315354703535533,0.064778793148759),
 .UNSPECIFIED.);
#313=B_SPLINE_CURVE_WITH_KNOTS('',3,(#12006,#12007,#12008,#12009,#12010),
 .UNSPECIFIED.,.F.,.F.,(4,1,4),(0.,0.0315354703535533,0.064778793148759),
 .UNSPECIFIED.);
#314=B_SPLINE_CURVE_WITH_KNOTS('',3,(#12022,#12023,#12024,#12025,#12026),
 .UNSPECIFIED.,.F.,.F.,(4,1,4),(0.,0.0350134471124664,0.067113777374383),
 .UNSPECIFIED.);
#315=B_SPLINE_CURVE_WITH_KNOTS('',3,(#12029,#12030,#12031,#12032,#12033),
 .UNSPECIFIED.,.F.,.F.,(4,1,4),(0.,0.0350134471124664,0.067113777374383),
 .UNSPECIFIED.);
#316=B_SPLINE_CURVE_WITH_KNOTS('',3,(#12050,#12051,#12052,#12053,#12054),
 .UNSPECIFIED.,.F.,.F.,(4,1,4),(0.,0.0206373213655865,0.0455581167073906),
 .UNSPECIFIED.);
#317=B_SPLINE_CURVE_WITH_KNOTS('',3,(#12055,#12056,#12057,#12058,#12059),
 .UNSPECIFIED.,.F.,.F.,(4,1,4),(0.,0.0206373213655865,0.0455581167073906),
 .UNSPECIFIED.);
#318=B_SPLINE_CURVE_WITH_KNOTS('',3,(#12129,#12130,#12131,#12132,#12133),
 .UNSPECIFIED.,.F.,.F.,(4,1,4),(0.,0.0212425919622945,0.0506707448292913),
 .UNSPECIFIED.);
#319=B_SPLINE_CURVE_WITH_KNOTS('',3,(#12136,#12137,#12138,#12139,#12140),
 .UNSPECIFIED.,.F.,.F.,(4,1,4),(0.,0.0212425919622945,0.0506707448292913),
 .UNSPECIFIED.);
#320=B_SPLINE_CURVE_WITH_KNOTS('',3,(#12152,#12153,#12154,#12155,#12156),
 .UNSPECIFIED.,.F.,.F.,(4,1,4),(0.,0.0272928191281862,0.0466604304200152),
 .UNSPECIFIED.);
#321=B_SPLINE_CURVE_WITH_KNOTS('',3,(#12159,#12160,#12161,#12162,#12163),
 .UNSPECIFIED.,.F.,.F.,(4,1,4),(0.,0.0272928191281862,0.0466604304200152),
 .UNSPECIFIED.);
#322=B_SPLINE_CURVE_WITH_KNOTS('',3,(#12254,#12255,#12256,#12257,#12258),
 .UNSPECIFIED.,.F.,.F.,(4,1,4),(0.,0.0212425919622945,0.0506707448292913),
 .UNSPECIFIED.);
#323=B_SPLINE_CURVE_WITH_KNOTS('',3,(#12261,#12262,#12263,#12264,#12265),
 .UNSPECIFIED.,.F.,.F.,(4,1,4),(0.,0.0212425919622945,0.0506707448292913),
 .UNSPECIFIED.);
#324=B_SPLINE_CURVE_WITH_KNOTS('',3,(#12277,#12278,#12279,#12280,#12281),
 .UNSPECIFIED.,.F.,.F.,(4,1,4),(0.,0.027292847451026,0.0466604587428549),
 .UNSPECIFIED.);
#325=B_SPLINE_CURVE_WITH_KNOTS('',3,(#12284,#12285,#12286,#12287,#12288),
 .UNSPECIFIED.,.F.,.F.,(4,1,4),(0.,0.027292847451026,0.0466604587428549),
 .UNSPECIFIED.);
#326=B_SPLINE_SURFACE_WITH_KNOTS('',3,1,((#8479,#8480),(#8481,#8482),(#8483,
#8484),(#8485,#8486),(#8487,#8488)),.UNSPECIFIED.,.F.,.F.,.F.,(4,1,4),(2,
2),(0.,0.0153038410631813,0.0318120088739534),(0.,0.02),.UNSPECIFIED.);
#327=B_SPLINE_SURFACE_WITH_KNOTS('',3,1,((#8505,#8506),(#8507,#8508),(#8509,
#8510),(#8511,#8512),(#8513,#8514)),.UNSPECIFIED.,.F.,.F.,.F.,(4,1,4),(2,
2),(0.,0.0189779584517884,0.035183392817031),(0.,0.02),.UNSPECIFIED.);
#328=B_SPLINE_SURFACE_WITH_KNOTS('',3,1,((#8528,#8529),(#8530,#8531),(#8532,
#8533),(#8534,#8535),(#8536,#8537)),.UNSPECIFIED.,.F.,.F.,.F.,(4,1,4),(2,
2),(0.,0.0324628680834646,0.0534980123595413),(0.,0.02),.UNSPECIFIED.);
#329=B_SPLINE_SURFACE_WITH_KNOTS('',3,1,((#8569,#8570),(#8571,#8572),(#8573,
#8574),(#8575,#8576),(#8577,#8578)),.UNSPECIFIED.,.F.,.F.,.F.,(4,1,4),(2,
2),(0.,0.0260158345029026,0.0518037680125124),(0.,0.02),.UNSPECIFIED.);
#330=B_SPLINE_SURFACE_WITH_KNOTS('',3,1,((#8592,#8593),(#8594,#8595),(#8596,
#8597),(#8598,#8599),(#8600,#8601)),.UNSPECIFIED.,.F.,.F.,.F.,(4,1,4),(2,
2),(0.,0.0259339183986022,0.0527642290704626),(0.,0.02),.UNSPECIFIED.);
#331=B_SPLINE_SURFACE_WITH_KNOTS('',3,1,((#8633,#8634),(#8635,#8636),(#8637,
#8638),(#8639,#8640),(#8641,#8642)),.UNSPECIFIED.,.F.,.F.,.F.,(4,1,4),(2,
2),(0.,0.00401270089793804,0.00958133665307206),(0.,0.02),.UNSPECIFIED.);
#332=B_SPLINE_SURFACE_WITH_KNOTS('',3,1,((#8656,#8657),(#8658,#8659),(#8660,
#8661),(#8662,#8663),(#8664,#8665)),.UNSPECIFIED.,.F.,.F.,.F.,(4,1,4),(2,
2),(0.,0.0106413257922866,0.0296645239586274),(0.,0.02),.UNSPECIFIED.);
#333=B_SPLINE_SURFACE_WITH_KNOTS('',3,1,((#8679,#8680),(#8681,#8682),(#8683,
#8684),(#8685,#8686),(#8687,#8688)),.UNSPECIFIED.,.F.,.F.,.F.,(4,1,4),(2,
2),(0.,0.00830882581678911,0.0167786591264576),(0.,0.02),.UNSPECIFIED.);
#334=B_SPLINE_SURFACE_WITH_KNOTS('',3,1,((#8702,#8703),(#8704,#8705),(#8706,
#8707),(#8708,#8709),(#8710,#8711)),.UNSPECIFIED.,.F.,.F.,.F.,(4,1,4),(2,
2),(0.,0.0110977623736424,0.0202242573992522),(0.,0.02),.UNSPECIFIED.);
#335=B_SPLINE_SURFACE_WITH_KNOTS('',3,1,((#8725,#8726),(#8727,#8728),(#8729,
#8730),(#8731,#8732),(#8733,#8734)),.UNSPECIFIED.,.F.,.F.,.F.,(4,1,4),(2,
2),(0.,0.0115698887407437,0.0213755798351677),(0.,0.02),.UNSPECIFIED.);
#336=B_SPLINE_SURFACE_WITH_KNOTS('',3,1,((#8754,#8755),(#8756,#8757),(#8758,
#8759),(#8760,#8761),(#8762,#8763)),.UNSPECIFIED.,.F.,.F.,.F.,(4,1,4),(2,
2),(0.,0.0113112808080689,0.0242427896384009),(0.,0.02),.UNSPECIFIED.);
#337=B_SPLINE_SURFACE_WITH_KNOTS('',3,1,((#8775,#8776),(#8777,#8778),(#8779,
#8780),(#8781,#8782),(#8783,#8784)),.UNSPECIFIED.,.F.,.F.,.F.,(4,1,4),(2,
2),(0.,0.0160785171353022,0.0375146363228219),(0.,0.02),.UNSPECIFIED.);
#338=B_SPLINE_SURFACE_WITH_KNOTS('',3,1,((#8801,#8802),(#8803,#8804),(#8805,
#8806),(#8807,#8808),(#8809,#8810)),.UNSPECIFIED.,.F.,.F.,.F.,(4,1,4),(2,
2),(0.,0.0181166833610759,0.0356780190862441),(0.,0.02),.UNSPECIFIED.);
#339=B_SPLINE_SURFACE_WITH_KNOTS('',3,1,((#8824,#8825),(#8826,#8827),(#8828,
#8829),(#8830,#8831),(#8832,#8833)),.UNSPECIFIED.,.F.,.F.,.F.,(4,1,4),(2,
2),(0.,0.020240018124594,0.0393165541502688),(0.,0.02),.UNSPECIFIED.);
#340=B_SPLINE_SURFACE_WITH_KNOTS('',3,1,((#8847,#8848),(#8849,#8850),(#8851,
#8852),(#8853,#8854),(#8855,#8856)),.UNSPECIFIED.,.F.,.F.,.F.,(4,1,4),(2,
2),(0.,0.0155871701768629,0.0346494970674715),(0.,0.02),.UNSPECIFIED.);
#341=B_SPLINE_SURFACE_WITH_KNOTS('',3,1,((#8870,#8871),(#8872,#8873),(#8874,
#8875),(#8876,#8877),(#8878,#8879)),.UNSPECIFIED.,.F.,.F.,.F.,(4,1,4),(2,
2),(0.,0.0137909067868655,0.0276501837426943),(0.,0.02),.UNSPECIFIED.);
#342=B_SPLINE_SURFACE_WITH_KNOTS('',3,1,((#8893,#8894),(#8895,#8896),(#8897,
#8898),(#8899,#8900),(#8901,#8902)),.UNSPECIFIED.,.F.,.F.,.F.,(4,1,4),(2,
2),(0.,0.00915616716319794,0.0184279746479108),(0.,0.02),.UNSPECIFIED.);
#343=B_SPLINE_SURFACE_WITH_KNOTS('',3,1,((#8916,#8917),(#8918,#8919),(#8920,
#8921),(#8922,#8923),(#8924,#8925)),.UNSPECIFIED.,.F.,.F.,.F.,(4,1,4),(2,
2),(0.,0.00974335177078169,0.0190371330547209),(0.,0.02),.UNSPECIFIED.);
#344=B_SPLINE_SURFACE_WITH_KNOTS('',3,1,((#8939,#8940),(#8941,#8942),(#8943,
#8944),(#8945,#8946),(#8947,#8948)),.UNSPECIFIED.,.F.,.F.,.F.,(4,1,4),(2,
2),(0.,0.0196991011741886,0.0330180227481775),(0.,0.02),.UNSPECIFIED.);
#345=B_SPLINE_SURFACE_WITH_KNOTS('',3,1,((#8962,#8963),(#8964,#8965),(#8966,
#8967),(#8968,#8969),(#8970,#8971)),.UNSPECIFIED.,.F.,.F.,.F.,(4,1,4),(2,
2),(0.,0.0261867433001942,0.0618509914038741),(0.,0.02),.UNSPECIFIED.);
#346=B_SPLINE_SURFACE_WITH_KNOTS('',3,1,((#8997,#8998),(#8999,#9000),(#9001,
#9002),(#9003,#9004),(#9005,#9006)),.UNSPECIFIED.,.F.,.F.,.F.,(4,1,4),(2,
2),(0.,0.0137801230216208,0.027803144536062),(0.,0.02),.UNSPECIFIED.);
#347=B_SPLINE_SURFACE_WITH_KNOTS('',3,1,((#9020,#9021),(#9022,#9023),(#9024,
#9025),(#9026,#9027),(#9028,#9029)),.UNSPECIFIED.,.F.,.F.,.F.,(4,1,4),(2,
2),(0.,0.0419294383962614,0.0650443112091995),(0.,0.02),.UNSPECIFIED.);
#348=B_SPLINE_SURFACE_WITH_KNOTS('',3,1,((#9049,#9050),(#9051,#9052),(#9053,
#9054),(#9055,#9056),(#9057,#9058)),.UNSPECIFIED.,.F.,.F.,.F.,(4,1,4),(2,
2),(0.,0.0132712939351773,0.0340471850726778),(0.,0.02),.UNSPECIFIED.);
#349=B_SPLINE_SURFACE_WITH_KNOTS('',3,1,((#9072,#9073),(#9074,#9075),(#9076,
#9077),(#9078,#9079),(#9080,#9081)),.UNSPECIFIED.,.F.,.F.,.F.,(4,1,4),(2,
2),(0.,0.0132102575647376,0.0277628080971819),(0.,0.02),.UNSPECIFIED.);
#350=B_SPLINE_SURFACE_WITH_KNOTS('',3,1,((#9095,#9096),(#9097,#9098),(#9099,
#9100),(#9101,#9102),(#9103,#9104)),.UNSPECIFIED.,.F.,.F.,.F.,(4,1,4),(2,
2),(0.,0.0168053610415977,0.0306781796787702),(0.,0.02),.UNSPECIFIED.);
#351=B_SPLINE_SURFACE_WITH_KNOTS('',3,1,((#9118,#9119),(#9120,#9121),(#9122,
#9123),(#9124,#9125),(#9126,#9127)),.UNSPECIFIED.,.F.,.F.,.F.,(4,1,4),(2,
2),(0.,0.0252747804221509,0.0458723292908963),(0.,0.02),.UNSPECIFIED.);
#352=B_SPLINE_SURFACE_WITH_KNOTS('',3,1,((#9141,#9142),(#9143,#9144),(#9145,
#9146),(#9147,#9148),(#9149,#9150)),.UNSPECIFIED.,.F.,.F.,.F.,(4,1,4),(2,
2),(0.,0.023680742652267,0.0500976889231926),(0.,0.02),.UNSPECIFIED.);
#353=B_SPLINE_SURFACE_WITH_KNOTS('',3,1,((#9164,#9165),(#9166,#9167),(#9168,
#9169),(#9170,#9171),(#9172,#9173)),.UNSPECIFIED.,.F.,.F.,.F.,(4,1,4),(2,
2),(0.,0.0186488674784143,0.0396063862156842),(0.,0.02),.UNSPECIFIED.);
#354=B_SPLINE_SURFACE_WITH_KNOTS('',3,1,((#9187,#9188),(#9189,#9190),(#9191,
#9192),(#9193,#9194),(#9195,#9196)),.UNSPECIFIED.,.F.,.F.,.F.,(4,1,4),(2,
2),(0.,0.0218853853055437,0.0409647637591852),(0.,0.02),.UNSPECIFIED.);
#355=B_SPLINE_SURFACE_WITH_KNOTS('',3,1,((#9216,#9217),(#9218,#9219),(#9220,
#9221),(#9222,#9223),(#9224,#9225)),.UNSPECIFIED.,.F.,.F.,.F.,(4,1,4),(2,
2),(0.,0.0165833186547884,0.0376041627876379),(0.,0.02),.UNSPECIFIED.);
#356=B_SPLINE_SURFACE_WITH_KNOTS('',3,1,((#9239,#9240),(#9241,#9242),(#9243,
#9244),(#9245,#9246),(#9247,#9248)),.UNSPECIFIED.,.F.,.F.,.F.,(4,1,4),(2,
2),(0.,0.0227013841225781,0.0398985374606529),(0.,0.02),.UNSPECIFIED.);
#357=B_SPLINE_SURFACE_WITH_KNOTS('',3,1,((#9262,#9263),(#9264,#9265),(#9266,
#9267),(#9268,#9269),(#9270,#9271)),.UNSPECIFIED.,.F.,.F.,.F.,(4,1,4),(2,
2),(0.,0.019889039382508,0.0444909267565312),(0.,0.02),.UNSPECIFIED.);
#358=B_SPLINE_SURFACE_WITH_KNOTS('',3,1,((#9285,#9286),(#9287,#9288),(#9289,
#9290),(#9291,#9292),(#9293,#9294)),.UNSPECIFIED.,.F.,.F.,.F.,(4,1,4),(2,
2),(0.,0.0193614948719098,0.0341389219827489),(0.,0.02),.UNSPECIFIED.);
#359=B_SPLINE_SURFACE_WITH_KNOTS('',3,1,((#9308,#9309),(#9310,#9311),(#9312,
#9313),(#9314,#9315),(#9316,#9317)),.UNSPECIFIED.,.F.,.F.,.F.,(4,1,4),(2,
2),(0.,0.00619226199347399,0.00962026818961525),(0.,0.02),.UNSPECIFIED.);
#360=B_SPLINE_SURFACE_WITH_KNOTS('',3,1,((#9331,#9332),(#9333,#9334),(#9335,
#9336),(#9337,#9338),(#9339,#9340)),.UNSPECIFIED.,.F.,.F.,.F.,(4,1,4),(2,
2),(0.,0.0391645060932865,0.0669835565575133),(0.,0.02),.UNSPECIFIED.);
#361=B_SPLINE_SURFACE_WITH_KNOTS('',3,1,((#9354,#9355),(#9356,#9357),(#9358,
#9359),(#9360,#9361),(#9362,#9363)),.UNSPECIFIED.,.F.,.F.,.F.,(4,1,4),(2,
2),(0.,0.0138963049349133,0.033221199210361),(0.,0.02),.UNSPECIFIED.);
#362=B_SPLINE_SURFACE_WITH_KNOTS('',3,1,((#9377,#9378),(#9379,#9380),(#9381,
#9382),(#9383,#9384),(#9385,#9386)),.UNSPECIFIED.,.F.,.F.,.F.,(4,1,4),(2,
2),(0.,0.0143383000179168,0.0292189118690449),(0.,0.02),.UNSPECIFIED.);
#363=B_SPLINE_SURFACE_WITH_KNOTS('',3,1,((#9400,#9401),(#9402,#9403),(#9404,
#9405),(#9406,#9407),(#9408,#9409)),.UNSPECIFIED.,.F.,.F.,.F.,(4,1,4),(2,
2),(0.,0.014556005551679,0.0286788623992067),(0.,0.02),.UNSPECIFIED.);
#364=B_SPLINE_SURFACE_WITH_KNOTS('',3,1,((#9423,#9424),(#9425,#9426),(#9427,
#9428),(#9429,#9430),(#9431,#9432)),.UNSPECIFIED.,.F.,.F.,.F.,(4,1,4),(2,
2),(0.,0.0153788023196062,0.030299010991185),(0.,0.02),.UNSPECIFIED.);
#365=B_SPLINE_SURFACE_WITH_KNOTS('',3,1,((#9446,#9447),(#9448,#9449),(#9450,
#9451),(#9452,#9453),(#9454,#9455)),.UNSPECIFIED.,.F.,.F.,.F.,(4,1,4),(2,
2),(0.,0.0246010279341865,0.0498500602127809),(0.,0.02),.UNSPECIFIED.);
#366=B_SPLINE_SURFACE_WITH_KNOTS('',3,1,((#9469,#9470),(#9471,#9472),(#9473,
#9474),(#9475,#9476),(#9477,#9478)),.UNSPECIFIED.,.F.,.F.,.F.,(4,1,4),(2,
2),(0.,0.0319684631381526,0.0587792662604704),(0.,0.02),.UNSPECIFIED.);
#367=B_SPLINE_SURFACE_WITH_KNOTS('',3,1,((#9492,#9493),(#9494,#9495),(#9496,
#9497),(#9498,#9499),(#9500,#9501)),.UNSPECIFIED.,.F.,.F.,.F.,(4,1,4),(2,
2),(0.,0.0203417749611139,0.0414190167586455),(0.,0.02),.UNSPECIFIED.);
#368=B_SPLINE_SURFACE_WITH_KNOTS('',3,1,((#9515,#9516),(#9517,#9518),(#9519,
#9520),(#9521,#9522),(#9523,#9524)),.UNSPECIFIED.,.F.,.F.,.F.,(4,1,4),(2,
2),(0.,0.02496654811997,0.0465875247237858),(0.,0.02),.UNSPECIFIED.);
#369=B_SPLINE_SURFACE_WITH_KNOTS('',3,1,((#9538,#9539),(#9540,#9541),(#9542,
#9543),(#9544,#9545),(#9546,#9547)),.UNSPECIFIED.,.F.,.F.,.F.,(4,1,4),(2,
2),(0.,0.0132929147797714,0.0279129107405598),(0.,0.02),.UNSPECIFIED.);
#370=B_SPLINE_SURFACE_WITH_KNOTS('',3,1,((#9559,#9560),(#9561,#9562),(#9563,
#9564),(#9565,#9566),(#9567,#9568)),.UNSPECIFIED.,.F.,.F.,.F.,(4,1,4),(2,
2),(0.,0.023086770169517,0.0469251199801287),(0.,0.02),.UNSPECIFIED.);
#371=B_SPLINE_SURFACE_WITH_KNOTS('',3,1,((#9585,#9586),(#9587,#9588),(#9589,
#9590),(#9591,#9592),(#9593,#9594)),.UNSPECIFIED.,.F.,.F.,.F.,(4,1,4),(2,
2),(0.,0.0247615088362014,0.048516972289596),(0.,0.02),.UNSPECIFIED.);
#372=B_SPLINE_SURFACE_WITH_KNOTS('',3,1,((#9608,#9609),(#9610,#9611),(#9612,
#9613),(#9614,#9615),(#9616,#9617)),.UNSPECIFIED.,.F.,.F.,.F.,(4,1,4),(2,
2),(0.,0.0389146880572044,0.0686612469260206),(0.,0.02),.UNSPECIFIED.);
#373=B_SPLINE_SURFACE_WITH_KNOTS('',3,1,((#9631,#9632),(#9633,#9634),(#9635,
#9636),(#9637,#9638),(#9639,#9640)),.UNSPECIFIED.,.F.,.F.,.F.,(4,1,4),(2,
2),(0.,0.0279704080800603,0.0635473671510107),(0.,0.02),.UNSPECIFIED.);
#374=B_SPLINE_SURFACE_WITH_KNOTS('',3,1,((#9654,#9655),(#9656,#9657),(#9658,
#9659),(#9660,#9661),(#9662,#9663)),.UNSPECIFIED.,.F.,.F.,.F.,(4,1,4),(2,
2),(0.,0.022870333835651,0.0467240931729248),(0.,0.02),.UNSPECIFIED.);
#375=B_SPLINE_SURFACE_WITH_KNOTS('',3,1,((#9677,#9678),(#9679,#9680),(#9681,
#9682),(#9683,#9684),(#9685,#9686)),.UNSPECIFIED.,.F.,.F.,.F.,(4,1,4),(2,
2),(0.,0.0246648529855246,0.0476109373795967),(0.,0.02),.UNSPECIFIED.);
#376=B_SPLINE_SURFACE_WITH_KNOTS('',3,1,((#9700,#9701),(#9702,#9703),(#9704,
#9705),(#9706,#9707),(#9708,#9709)),.UNSPECIFIED.,.F.,.F.,.F.,(4,1,4),(2,
2),(0.,0.0367412391733018,0.065844356339461),(0.,0.02),.UNSPECIFIED.);
#377=B_SPLINE_SURFACE_WITH_KNOTS('',3,1,((#9723,#9724),(#9725,#9726),(#9727,
#9728),(#9729,#9730),(#9731,#9732)),.UNSPECIFIED.,.F.,.F.,.F.,(4,1,4),(2,
2),(0.,0.0286378800839704,0.0662615800311557),(0.,0.02),.UNSPECIFIED.);
#378=B_SPLINE_SURFACE_WITH_KNOTS('',3,1,((#9764,#9765),(#9766,#9767),(#9768,
#9769),(#9770,#9771),(#9772,#9773)),.UNSPECIFIED.,.F.,.F.,.F.,(4,1,4),(2,
2),(0.,0.016872308518445,0.0332206605024411),(0.,0.02),.UNSPECIFIED.);
#379=B_SPLINE_SURFACE_WITH_KNOTS('',3,1,((#9787,#9788),(#9789,#9790),(#9791,
#9792),(#9793,#9794),(#9795,#9796)),.UNSPECIFIED.,.F.,.F.,.F.,(4,1,4),(2,
2),(0.,0.0186861288857907,0.0362454014593103),(0.,0.02),.UNSPECIFIED.);
#380=B_SPLINE_SURFACE_WITH_KNOTS('',3,1,((#9810,#9811),(#9812,#9813),(#9814,
#9815),(#9816,#9817),(#9818,#9819)),.UNSPECIFIED.,.F.,.F.,.F.,(4,1,4),(2,
2),(0.,0.0252942766649134,0.0510658509097895),(0.,0.02),.UNSPECIFIED.);
#381=B_SPLINE_SURFACE_WITH_KNOTS('',3,1,((#9833,#9834),(#9835,#9836),(#9837,
#9838),(#9839,#9840),(#9841,#9842)),.UNSPECIFIED.,.F.,.F.,.F.,(4,1,4),(2,
2),(0.,0.0270484869593312,0.0526729536513113),(0.,0.02),.UNSPECIFIED.);
#382=B_SPLINE_SURFACE_WITH_KNOTS('',3,1,((#9856,#9857),(#9858,#9859),(#9860,
#9861),(#9862,#9863),(#9864,#9865)),.UNSPECIFIED.,.F.,.F.,.F.,(4,1,4),(2,
2),(0.,0.0311465143610333,0.0603136519937582),(0.,0.02),.UNSPECIFIED.);
#383=B_SPLINE_SURFACE_WITH_KNOTS('',3,1,((#9879,#9880),(#9881,#9882),(#9883,
#9884),(#9885,#9886),(#9887,#9888)),.UNSPECIFIED.,.F.,.F.,.F.,(4,1,4),(2,
2),(0.,0.0290242240613697,0.0606039989546651),(0.,0.02),.UNSPECIFIED.);
#384=B_SPLINE_SURFACE_WITH_KNOTS('',3,1,((#9902,#9903),(#9904,#9905),(#9906,
#9907),(#9908,#9909),(#9910,#9911)),.UNSPECIFIED.,.F.,.F.,.F.,(4,1,4),(2,
2),(0.,0.0258568597260034,0.0528740523179191),(0.,0.02),.UNSPECIFIED.);
#385=B_SPLINE_SURFACE_WITH_KNOTS('',3,1,((#9925,#9926),(#9927,#9928),(#9929,
#9930),(#9931,#9932),(#9933,#9934)),.UNSPECIFIED.,.F.,.F.,.F.,(4,1,4),(2,
2),(0.,0.0251960500242747,0.0504392692892801),(0.,0.02),.UNSPECIFIED.);
#386=B_SPLINE_SURFACE_WITH_KNOTS('',3,1,((#9948,#9949),(#9950,#9951),(#9952,
#9953),(#9954,#9955),(#9956,#9957)),.UNSPECIFIED.,.F.,.F.,.F.,(4,1,4),(2,
2),(0.,0.0352101789775276,0.071374113378552),(0.,0.02),.UNSPECIFIED.);
#387=B_SPLINE_SURFACE_WITH_KNOTS('',3,1,((#9981,#9982),(#9983,#9984),(#9985,
#9986),(#9987,#9988),(#9989,#9990)),.UNSPECIFIED.,.F.,.F.,.F.,(4,1,4),(2,
2),(0.,0.0257956576584471,0.0515495029218782),(0.,0.02),.UNSPECIFIED.);
#388=B_SPLINE_SURFACE_WITH_KNOTS('',3,1,((#10007,#10008),(#10009,#10010),
(#10011,#10012),(#10013,#10014),(#10015,#10016)),.UNSPECIFIED.,.F.,.F.,
 .F.,(4,1,4),(2,2),(0.,0.0257796057312974,0.0513048831951082),(0.,0.02),
 .UNSPECIFIED.);
#389=B_SPLINE_SURFACE_WITH_KNOTS('',3,1,((#10030,#10031),(#10032,#10033),
(#10034,#10035),(#10036,#10037),(#10038,#10039)),.UNSPECIFIED.,.F.,.F.,
 .F.,(4,1,4),(2,2),(0.,0.035722712666973,0.0648250299427338),(0.,0.02),
 .UNSPECIFIED.);
#390=B_SPLINE_SURFACE_WITH_KNOTS('',3,1,((#10053,#10054),(#10055,#10056),
(#10057,#10058),(#10059,#10060),(#10061,#10062)),.UNSPECIFIED.,.F.,.F.,
 .F.,(4,1,4),(2,2),(0.,0.0296776106478934,0.0672498625956519),(0.,0.02),
 .UNSPECIFIED.);
#391=B_SPLINE_SURFACE_WITH_KNOTS('',3,1,((#10076,#10077),(#10078,#10079),
(#10080,#10081),(#10082,#10083),(#10084,#10085)),.UNSPECIFIED.,.F.,.F.,
 .F.,(4,1,4),(2,2),(0.,0.0256556115421846,0.0514614542569905),(0.,0.02),
 .UNSPECIFIED.);
#392=B_SPLINE_SURFACE_WITH_KNOTS('',3,1,((#10099,#10100),(#10101,#10102),
(#10103,#10104),(#10105,#10106),(#10107,#10108)),.UNSPECIFIED.,.F.,.F.,
 .F.,(4,1,4),(2,2),(0.,0.0258001266778449,0.051600918502734),(0.,0.02),
 .UNSPECIFIED.);
#393=B_SPLINE_SURFACE_WITH_KNOTS('',3,1,((#10122,#10123),(#10124,#10125),
(#10126,#10127),(#10128,#10129),(#10130,#10131)),.UNSPECIFIED.,.F.,.F.,
 .F.,(4,1,4),(2,2),(0.,0.036785300748649,0.066168039597692),(0.,0.02),
 .UNSPECIFIED.);
#394=B_SPLINE_SURFACE_WITH_KNOTS('',3,1,((#10145,#10146),(#10147,#10148),
(#10149,#10150),(#10151,#10152),(#10153,#10154)),.UNSPECIFIED.,.F.,.F.,
 .F.,(4,1,4),(2,2),(0.,0.0293148426853962,0.0660747698146258),(0.,0.02),
 .UNSPECIFIED.);
#395=B_SPLINE_SURFACE_WITH_KNOTS('',3,1,((#10165,#10166),(#10167,#10168),
(#10169,#10170),(#10171,#10172),(#10173,#10174)),.UNSPECIFIED.,.F.,.F.,
 .F.,(4,1,4),(2,2),(0.,0.0419037931177251,0.0811303116316063),(0.,0.02),
 .UNSPECIFIED.);
#396=B_SPLINE_SURFACE_WITH_KNOTS('',3,1,((#10191,#10192),(#10193,#10194),
(#10195,#10196),(#10197,#10198),(#10199,#10200)),.UNSPECIFIED.,.F.,.F.,
 .F.,(4,1,4),(2,2),(0.,0.0270516409809415,0.0545979156016855),(0.,0.02),
 .UNSPECIFIED.);
#397=B_SPLINE_SURFACE_WITH_KNOTS('',3,1,((#10214,#10215),(#10216,#10217),
(#10218,#10219),(#10220,#10221),(#10222,#10223)),.UNSPECIFIED.,.F.,.F.,
 .F.,(4,1,4),(2,2),(0.,0.0263612739350483,0.0528979601470819),(0.,0.02),
 .UNSPECIFIED.);
#398=B_SPLINE_SURFACE_WITH_KNOTS('',3,1,((#10237,#10238),(#10239,#10240),
(#10241,#10242),(#10243,#10244),(#10245,#10246)),.UNSPECIFIED.,.F.,.F.,
 .F.,(4,1,4),(2,2),(0.,0.0376062407013419,0.0676490880829865),(0.,0.02),
 .UNSPECIFIED.);
#399=B_SPLINE_SURFACE_WITH_KNOTS('',3,1,((#10260,#10261),(#10262,#10263),
(#10264,#10265),(#10266,#10267),(#10268,#10269)),.UNSPECIFIED.,.F.,.F.,
 .F.,(4,1,4),(2,2),(0.,0.0409616231797343,0.0876775809083355),(0.,0.02),
 .UNSPECIFIED.);
#400=B_SPLINE_SURFACE_WITH_KNOTS('',3,1,((#10283,#10284),(#10285,#10286),
(#10287,#10288),(#10289,#10290),(#10291,#10292)),.UNSPECIFIED.,.F.,.F.,
 .F.,(4,1,4),(2,2),(0.,0.0413795313753714,0.0806701786612861),(0.,0.02),
 .UNSPECIFIED.);
#401=B_SPLINE_SURFACE_WITH_KNOTS('',3,1,((#10306,#10307),(#10308,#10309),
(#10310,#10311),(#10312,#10313),(#10314,#10315)),.UNSPECIFIED.,.F.,.F.,
 .F.,(4,1,4),(2,2),(0.,0.0359932022049337,0.0737235949657497),(0.,0.02),
 .UNSPECIFIED.);
#402=B_SPLINE_SURFACE_WITH_KNOTS('',3,1,((#10329,#10330),(#10331,#10332),
(#10333,#10334),(#10335,#10336),(#10337,#10338)),.UNSPECIFIED.,.F.,.F.,
 .F.,(4,1,4),(2,2),(0.,0.0532066397933129,0.0978624501996368),(0.,0.02),
 .UNSPECIFIED.);
#403=B_SPLINE_SURFACE_WITH_KNOTS('',3,1,((#10352,#10353),(#10354,#10355),
(#10356,#10357),(#10358,#10359),(#10360,#10361)),.UNSPECIFIED.,.F.,.F.,
 .F.,(4,1,4),(2,2),(0.,0.0414791139273181,0.0905871708975998),(0.,0.02),
 .UNSPECIFIED.);
#404=B_SPLINE_SURFACE_WITH_KNOTS('',3,1,((#10373,#10374),(#10375,#10376),
(#10377,#10378),(#10379,#10380),(#10381,#10382)),.UNSPECIFIED.,.F.,.F.,
 .F.,(4,1,4),(2,2),(0.,0.0160784841357341,0.0375146074486444),(0.,0.02),
 .UNSPECIFIED.);
#405=B_SPLINE_SURFACE_WITH_KNOTS('',3,1,((#10399,#10400),(#10401,#10402),
(#10403,#10404),(#10405,#10406),(#10407,#10408)),.UNSPECIFIED.,.F.,.F.,
 .F.,(4,1,4),(2,2),(0.,0.0181166597125352,0.0356779954377033),(0.,0.02),
 .UNSPECIFIED.);
#406=B_SPLINE_SURFACE_WITH_KNOTS('',3,1,((#10422,#10423),(#10424,#10425),
(#10426,#10427),(#10428,#10429),(#10430,#10431)),.UNSPECIFIED.,.F.,.F.,
 .F.,(4,1,4),(2,2),(0.,0.020240018124594,0.0393165541502688),(0.,0.02),
 .UNSPECIFIED.);
#407=B_SPLINE_SURFACE_WITH_KNOTS('',3,1,((#10445,#10446),(#10447,#10448),
(#10449,#10450),(#10451,#10452),(#10453,#10454)),.UNSPECIFIED.,.F.,.F.,
 .F.,(4,1,4),(2,2),(0.,0.0155871964404406,0.0346495233310493),(0.,0.02),
 .UNSPECIFIED.);
#408=B_SPLINE_SURFACE_WITH_KNOTS('',3,1,((#10468,#10469),(#10470,#10471),
(#10472,#10473),(#10474,#10475),(#10476,#10477)),.UNSPECIFIED.,.F.,.F.,
 .F.,(4,1,4),(2,2),(0.,0.0137909067868655,0.0276502197165193),(0.,0.02),
 .UNSPECIFIED.);
#409=B_SPLINE_SURFACE_WITH_KNOTS('',3,1,((#10491,#10492),(#10493,#10494),
(#10495,#10496),(#10497,#10498),(#10499,#10500)),.UNSPECIFIED.,.F.,.F.,
 .F.,(4,1,4),(2,2),(0.,0.00915616716319794,0.0184279746479108),(0.,0.02),
 .UNSPECIFIED.);
#410=B_SPLINE_SURFACE_WITH_KNOTS('',3,1,((#10514,#10515),(#10516,#10517),
(#10518,#10519),(#10520,#10521),(#10522,#10523)),.UNSPECIFIED.,.F.,.F.,
 .F.,(4,1,4),(2,2),(0.,0.00974327525037846,0.0190371359363602),(0.,0.02),
 .UNSPECIFIED.);
#411=B_SPLINE_SURFACE_WITH_KNOTS('',3,1,((#10537,#10538),(#10539,#10540),
(#10541,#10542),(#10543,#10544),(#10545,#10546)),.UNSPECIFIED.,.F.,.F.,
 .F.,(4,1,4),(2,2),(0.,0.0196991305080934,0.0330179950737603),(0.,0.02),
 .UNSPECIFIED.);
#412=B_SPLINE_SURFACE_WITH_KNOTS('',3,1,((#10560,#10561),(#10562,#10563),
(#10564,#10565),(#10566,#10567),(#10568,#10569)),.UNSPECIFIED.,.F.,.F.,
 .F.,(4,1,4),(2,2),(0.,0.0261866862414607,0.061850992999276),(0.,0.02),
 .UNSPECIFIED.);
#413=B_SPLINE_SURFACE_WITH_KNOTS('',3,1,((#10595,#10596),(#10597,#10598),
(#10599,#10600),(#10601,#10602),(#10603,#10604)),.UNSPECIFIED.,.F.,.F.,
 .F.,(4,1,4),(2,2),(0.,0.013780138179937,0.0278031350135102),(0.,0.02),
 .UNSPECIFIED.);
#414=B_SPLINE_SURFACE_WITH_KNOTS('',3,1,((#10618,#10619),(#10620,#10621),
(#10622,#10623),(#10624,#10625),(#10626,#10627)),.UNSPECIFIED.,.F.,.F.,
 .F.,(4,1,4),(2,2),(0.,0.0419294383962614,0.0650443112091995),(0.,0.02),
 .UNSPECIFIED.);
#415=B_SPLINE_SURFACE_WITH_KNOTS('',3,1,((#10647,#10648),(#10649,#10650),
(#10651,#10652),(#10653,#10654),(#10655,#10656)),.UNSPECIFIED.,.F.,.F.,
 .F.,(4,1,4),(2,2),(0.,0.0132712877313827,0.0340471801899571),(0.,0.02),
 .UNSPECIFIED.);
#416=B_SPLINE_SURFACE_WITH_KNOTS('',3,1,((#10670,#10671),(#10672,#10673),
(#10674,#10675),(#10676,#10677),(#10678,#10679)),.UNSPECIFIED.,.F.,.F.,
 .F.,(4,1,4),(2,2),(0.,0.0132102575647376,0.0277628080971819),(0.,0.02),
 .UNSPECIFIED.);
#417=B_SPLINE_SURFACE_WITH_KNOTS('',3,1,((#10693,#10694),(#10695,#10696),
(#10697,#10698),(#10699,#10700),(#10701,#10702)),.UNSPECIFIED.,.F.,.F.,
 .F.,(4,1,4),(2,2),(0.,0.0168054145696417,0.0306781881462544),(0.,0.02),
 .UNSPECIFIED.);
#418=B_SPLINE_SURFACE_WITH_KNOTS('',3,1,((#10716,#10717),(#10718,#10719),
(#10720,#10721),(#10722,#10723),(#10724,#10725)),.UNSPECIFIED.,.F.,.F.,
 .F.,(4,1,4),(2,2),(0.,0.0252747804221509,0.0458723292908963),(0.,0.02),
 .UNSPECIFIED.);
#419=B_SPLINE_SURFACE_WITH_KNOTS('',3,1,((#10739,#10740),(#10741,#10742),
(#10743,#10744),(#10745,#10746),(#10747,#10748)),.UNSPECIFIED.,.F.,.F.,
 .F.,(4,1,4),(2,2),(0.,0.023680742652267,0.0500976591995658),(0.,0.02),
 .UNSPECIFIED.);
#420=B_SPLINE_SURFACE_WITH_KNOTS('',3,1,((#10762,#10763),(#10764,#10765),
(#10766,#10767),(#10768,#10769),(#10770,#10771)),.UNSPECIFIED.,.F.,.F.,
 .F.,(4,1,4),(2,2),(0.,0.0186488234931913,0.0396063422304613),(0.,0.02),
 .UNSPECIFIED.);
#421=B_SPLINE_SURFACE_WITH_KNOTS('',3,1,((#10785,#10786),(#10787,#10788),
(#10789,#10790),(#10791,#10792),(#10793,#10794)),.UNSPECIFIED.,.F.,.F.,
 .F.,(4,1,4),(2,2),(0.,0.0218853853055437,0.0409647637591852),(0.,0.02),
 .UNSPECIFIED.);
#422=B_SPLINE_SURFACE_WITH_KNOTS('',3,1,((#10814,#10815),(#10816,#10817),
(#10818,#10819),(#10820,#10821),(#10822,#10823)),.UNSPECIFIED.,.F.,.F.,
 .F.,(4,1,4),(2,2),(0.,0.0165833573616109,0.0376041587009779),(0.,0.02),
 .UNSPECIFIED.);
#423=B_SPLINE_SURFACE_WITH_KNOTS('',3,1,((#10837,#10838),(#10839,#10840),
(#10841,#10842),(#10843,#10844),(#10845,#10846)),.UNSPECIFIED.,.F.,.F.,
 .F.,(4,1,4),(2,2),(0.,0.0227013841225781,0.0398985921631301),(0.,0.02),
 .UNSPECIFIED.);
#424=B_SPLINE_SURFACE_WITH_KNOTS('',3,1,((#10860,#10861),(#10862,#10863),
(#10864,#10865),(#10866,#10867),(#10868,#10869)),.UNSPECIFIED.,.F.,.F.,
 .F.,(4,1,4),(2,2),(0.,0.019889039382508,0.0444908676333702),(0.,0.02),
 .UNSPECIFIED.);
#425=B_SPLINE_SURFACE_WITH_KNOTS('',3,1,((#10883,#10884),(#10885,#10886),
(#10887,#10888),(#10889,#10890),(#10891,#10892)),.UNSPECIFIED.,.F.,.F.,
 .F.,(4,1,4),(2,2),(0.,0.0193615109367827,0.0341389064757021),(0.,0.02),
 .UNSPECIFIED.);
#426=B_SPLINE_SURFACE_WITH_KNOTS('',3,1,((#10906,#10907),(#10908,#10909),
(#10910,#10911),(#10912,#10913),(#10914,#10915)),.UNSPECIFIED.,.F.,.F.,
 .F.,(4,1,4),(2,2),(0.,0.00619226051639462,0.00962026849303456),(0.,0.02),
 .UNSPECIFIED.);
#427=B_SPLINE_SURFACE_WITH_KNOTS('',3,1,((#10929,#10930),(#10931,#10932),
(#10933,#10934),(#10935,#10936),(#10937,#10938)),.UNSPECIFIED.,.F.,.F.,
 .F.,(4,1,4),(2,2),(0.,0.0391644471532374,0.0669835553839845),(0.,0.02),
 .UNSPECIFIED.);
#428=B_SPLINE_SURFACE_WITH_KNOTS('',3,1,((#10952,#10953),(#10954,#10955),
(#10956,#10957),(#10958,#10959),(#10960,#10961)),.UNSPECIFIED.,.F.,.F.,
 .F.,(4,1,4),(2,2),(0.,0.0138964216749122,0.0332211684129024),(0.,0.02),
 .UNSPECIFIED.);
#429=B_SPLINE_SURFACE_WITH_KNOTS('',3,1,((#10975,#10976),(#10977,#10978),
(#10979,#10980),(#10981,#10982),(#10983,#10984)),.UNSPECIFIED.,.F.,.F.,
 .F.,(4,1,4),(2,2),(0.,0.0143383000179168,0.0292189398920143),(0.,0.02),
 .UNSPECIFIED.);
#430=B_SPLINE_SURFACE_WITH_KNOTS('',3,1,((#10998,#10999),(#11000,#11001),
(#11002,#11003),(#11004,#11005),(#11006,#11007)),.UNSPECIFIED.,.F.,.F.,
 .F.,(4,1,4),(2,2),(0.,0.0145560227299153,0.028678879577443),(0.,0.02),
 .UNSPECIFIED.);
#431=B_SPLINE_SURFACE_WITH_KNOTS('',3,1,((#11021,#11022),(#11023,#11024),
(#11025,#11026),(#11027,#11028),(#11029,#11030)),.UNSPECIFIED.,.F.,.F.,
 .F.,(4,1,4),(2,2),(0.,0.0153788163980353,0.0302989597717689),(0.,0.02),
 .UNSPECIFIED.);
#432=B_SPLINE_SURFACE_WITH_KNOTS('',3,1,((#11044,#11045),(#11046,#11047),
(#11048,#11049),(#11050,#11051),(#11052,#11053)),.UNSPECIFIED.,.F.,.F.,
 .F.,(4,1,4),(2,2),(0.,0.0246010628887319,0.0498500724625654),(0.,0.02),
 .UNSPECIFIED.);
#433=B_SPLINE_SURFACE_WITH_KNOTS('',3,1,((#11067,#11068),(#11069,#11070),
(#11071,#11072),(#11073,#11074),(#11075,#11076)),.UNSPECIFIED.,.F.,.F.,
 .F.,(4,1,4),(2,2),(0.,0.0319684926601835,0.0587792957825013),(0.,0.02),
 .UNSPECIFIED.);
#434=B_SPLINE_SURFACE_WITH_KNOTS('',3,1,((#11090,#11091),(#11092,#11093),
(#11094,#11095),(#11096,#11097),(#11098,#11099)),.UNSPECIFIED.,.F.,.F.,
 .F.,(4,1,4),(2,2),(0.,0.0203417749611139,0.0414190761478013),(0.,0.02),
 .UNSPECIFIED.);
#435=B_SPLINE_SURFACE_WITH_KNOTS('',3,1,((#11113,#11114),(#11115,#11116),
(#11117,#11118),(#11119,#11120),(#11121,#11122)),.UNSPECIFIED.,.F.,.F.,
 .F.,(4,1,4),(2,2),(0.,0.0249665001810429,0.0465874767848586),(0.,0.02),
 .UNSPECIFIED.);
#436=B_SPLINE_SURFACE_WITH_KNOTS('',3,1,((#11136,#11137),(#11138,#11139),
(#11140,#11141),(#11142,#11143),(#11144,#11145)),.UNSPECIFIED.,.F.,.F.,
 .F.,(4,1,4),(2,2),(0.,0.0132929147797714,0.0279129107405598),(0.,0.02),
 .UNSPECIFIED.);
#437=B_SPLINE_SURFACE_WITH_KNOTS('',3,1,((#11166,#11167),(#11168,#11169),
(#11170,#11171),(#11172,#11173),(#11174,#11175)),.UNSPECIFIED.,.F.,.F.,
 .F.,(4,1,4),(2,2),(0.,0.0144122982898889,0.0371880046974268),(0.,0.02),
 .UNSPECIFIED.);
#438=B_SPLINE_SURFACE_WITH_KNOTS('',3,1,((#11189,#11190),(#11191,#11192),
(#11193,#11194),(#11195,#11196),(#11197,#11198)),.UNSPECIFIED.,.F.,.F.,
 .F.,(4,1,4),(2,2),(0.,0.0156640436064939,0.0311699483462874),(0.,0.02),
 .UNSPECIFIED.);
#439=B_SPLINE_SURFACE_WITH_KNOTS('',3,1,((#11212,#11213),(#11214,#11215),
(#11216,#11217),(#11218,#11219),(#11220,#11221)),.UNSPECIFIED.,.F.,.F.,
 .F.,(4,1,4),(2,2),(0.,0.0176321767391609,0.0340266350139904),(0.,0.02),
 .UNSPECIFIED.);
#440=B_SPLINE_SURFACE_WITH_KNOTS('',3,1,((#11235,#11236),(#11237,#11238),
(#11239,#11240),(#11241,#11242),(#11243,#11244)),.UNSPECIFIED.,.F.,.F.,
 .F.,(4,1,4),(2,2),(0.,0.02107738521567,0.0445017155497278),(0.,0.02),
 .UNSPECIFIED.);
#441=B_SPLINE_SURFACE_WITH_KNOTS('',3,1,((#11258,#11259),(#11260,#11261),
(#11262,#11263),(#11264,#11265),(#11266,#11267)),.UNSPECIFIED.,.F.,.F.,
 .F.,(4,1,4),(2,2),(0.,0.0330900407010999,0.0573423193617389),(0.,0.02),
 .UNSPECIFIED.);
#442=B_SPLINE_SURFACE_WITH_KNOTS('',3,1,((#11305,#11306),(#11307,#11308),
(#11309,#11310),(#11311,#11312),(#11313,#11314)),.UNSPECIFIED.,.F.,.F.,
 .F.,(4,1,4),(2,2),(0.,0.039534103662767,0.0937602415057422),(0.,0.02),
 .UNSPECIFIED.);
#443=B_SPLINE_SURFACE_WITH_KNOTS('',3,1,((#11328,#11329),(#11330,#11331),
(#11332,#11333),(#11334,#11335),(#11336,#11337)),.UNSPECIFIED.,.F.,.F.,
 .F.,(4,1,4),(2,2),(0.,0.0358464708584904,0.0704936137036794),(0.,0.02),
 .UNSPECIFIED.);
#444=B_SPLINE_SURFACE_WITH_KNOTS('',3,1,((#11351,#11352),(#11353,#11354),
(#11355,#11356),(#11357,#11358),(#11359,#11360)),.UNSPECIFIED.,.F.,.F.,
 .F.,(4,1,4),(2,2),(0.,0.0207020650838103,0.0422076158399444),(0.,0.02),
 .UNSPECIFIED.);
#445=B_SPLINE_SURFACE_WITH_KNOTS('',3,1,((#11374,#11375),(#11376,#11377),
(#11378,#11379),(#11380,#11381),(#11382,#11383)),.UNSPECIFIED.,.F.,.F.,
 .F.,(4,1,4),(2,2),(0.,0.0183204293665408,0.0379549429328504),(0.,0.02),
 .UNSPECIFIED.);
#446=B_SPLINE_SURFACE_WITH_KNOTS('',3,1,((#11397,#11398),(#11399,#11400),
(#11401,#11402),(#11403,#11404),(#11405,#11406)),.UNSPECIFIED.,.F.,.F.,
 .F.,(4,1,4),(2,2),(0.,0.0210022393091946,0.0398453721529177),(0.,0.02),
 .UNSPECIFIED.);
#447=B_SPLINE_SURFACE_WITH_KNOTS('',3,1,((#11420,#11421),(#11422,#11423),
(#11424,#11425),(#11426,#11427),(#11428,#11429)),.UNSPECIFIED.,.F.,.F.,
 .F.,(4,1,4),(2,2),(0.,0.0263568930996998,0.0457633276929466),(0.,0.02),
 .UNSPECIFIED.);
#448=B_SPLINE_SURFACE_WITH_KNOTS('',3,1,((#11468,#11469),(#11470,#11471),
(#11472,#11473),(#11474,#11475),(#11476,#11477)),.UNSPECIFIED.,.F.,.F.,
 .F.,(4,1,4),(2,2),(0.,0.0210752593216567,0.0435356506152042),(0.,0.02),
 .UNSPECIFIED.);
#449=B_SPLINE_SURFACE_WITH_KNOTS('',3,1,((#11491,#11492),(#11493,#11494),
(#11495,#11496),(#11497,#11498),(#11499,#11500)),.UNSPECIFIED.,.F.,.F.,
 .F.,(4,1,4),(2,2),(0.,0.0119599188928973,0.0246830734332839),(0.,0.02),
 .UNSPECIFIED.);
#450=B_SPLINE_SURFACE_WITH_KNOTS('',3,1,((#11514,#11515),(#11516,#11517),
(#11518,#11519),(#11520,#11521),(#11522,#11523)),.UNSPECIFIED.,.F.,.F.,
 .F.,(4,1,4),(2,2),(0.,0.0116027292468923,0.0231949515486619),(0.,0.02),
 .UNSPECIFIED.);
#451=B_SPLINE_SURFACE_WITH_KNOTS('',3,1,((#11537,#11538),(#11539,#11540),
(#11541,#11542),(#11543,#11544),(#11545,#11546)),.UNSPECIFIED.,.F.,.F.,
 .F.,(4,1,4),(2,2),(0.,0.0147730895220083,0.0284258396106519),(0.,0.02),
 .UNSPECIFIED.);
#452=B_SPLINE_SURFACE_WITH_KNOTS('',3,1,((#11566,#11567),(#11568,#11569),
(#11570,#11571),(#11572,#11573),(#11574,#11575)),.UNSPECIFIED.,.F.,.F.,
 .F.,(4,1,4),(2,2),(0.,0.0190085443122328,0.0400652574187498),(0.,0.02),
 .UNSPECIFIED.);
#453=B_SPLINE_SURFACE_WITH_KNOTS('',3,1,((#11589,#11590),(#11591,#11592),
(#11593,#11594),(#11595,#11596),(#11597,#11598)),.UNSPECIFIED.,.F.,.F.,
 .F.,(4,1,4),(2,2),(0.,0.0125611057733368,0.0250527099868716),(0.,0.02),
 .UNSPECIFIED.);
#454=B_SPLINE_SURFACE_WITH_KNOTS('',3,1,((#11612,#11613),(#11614,#11615),
(#11616,#11617),(#11618,#11619),(#11620,#11621)),.UNSPECIFIED.,.F.,.F.,
 .F.,(4,1,4),(2,2),(0.,0.0227362633098013,0.0386715731466579),(0.,0.02),
 .UNSPECIFIED.);
#455=B_SPLINE_SURFACE_WITH_KNOTS('',3,1,((#11657,#11658),(#11659,#11660),
(#11661,#11662),(#11663,#11664),(#11665,#11666)),.UNSPECIFIED.,.F.,.F.,
 .F.,(4,1,4),(2,2),(0.,0.0201770155878691,0.0393044968526654),(0.,0.02),
 .UNSPECIFIED.);
#456=B_SPLINE_SURFACE_WITH_KNOTS('',3,1,((#11683,#11684),(#11685,#11686),
(#11687,#11688),(#11689,#11690),(#11691,#11692)),.UNSPECIFIED.,.F.,.F.,
 .F.,(4,1,4),(2,2),(0.,0.0244050970221797,0.0493578208915151),(0.,0.02),
 .UNSPECIFIED.);
#457=B_SPLINE_SURFACE_WITH_KNOTS('',3,1,((#11706,#11707),(#11708,#11709),
(#11710,#11711),(#11712,#11713),(#11714,#11715)),.UNSPECIFIED.,.F.,.F.,
 .F.,(4,1,4),(2,2),(0.,0.0380389554433183,0.0667768968812236),(0.,0.02),
 .UNSPECIFIED.);
#458=B_SPLINE_SURFACE_WITH_KNOTS('',3,1,((#11729,#11730),(#11731,#11732),
(#11733,#11734),(#11735,#11736),(#11737,#11738)),.UNSPECIFIED.,.F.,.F.,
 .F.,(4,1,4),(2,2),(0.,0.0288740102225343,0.0664982695462736),(0.,0.02),
 .UNSPECIFIED.);
#459=B_SPLINE_SURFACE_WITH_KNOTS('',3,1,((#11752,#11753),(#11754,#11755),
(#11756,#11757),(#11758,#11759),(#11760,#11761)),.UNSPECIFIED.,.F.,.F.,
 .F.,(4,1,4),(2,2),(0.,0.0257102180151196,0.0506915210014963),(0.,0.02),
 .UNSPECIFIED.);
#460=B_SPLINE_SURFACE_WITH_KNOTS('',3,1,((#11775,#11776),(#11777,#11778),
(#11779,#11780),(#11781,#11782),(#11783,#11784)),.UNSPECIFIED.,.F.,.F.,
 .F.,(4,1,4),(2,2),(0.,0.0165716437657271,0.0338555670971964),(0.,0.02),
 .UNSPECIFIED.);
#461=B_SPLINE_SURFACE_WITH_KNOTS('',3,1,((#11798,#11799),(#11800,#11801),
(#11802,#11803),(#11804,#11805),(#11806,#11807)),.UNSPECIFIED.,.F.,.F.,
 .F.,(4,1,4),(2,2),(0.,0.0204514743536195,0.0380849884235646),(0.,0.02),
 .UNSPECIFIED.);
#462=B_SPLINE_SURFACE_WITH_KNOTS('',3,1,((#11827,#11828),(#11829,#11830),
(#11831,#11832),(#11833,#11834),(#11835,#11836)),.UNSPECIFIED.,.F.,.F.,
 .F.,(4,1,4),(2,2),(0.,0.0284694149236572,0.059448672566535),(0.,0.02),
 .UNSPECIFIED.);
#463=B_SPLINE_SURFACE_WITH_KNOTS('',3,1,((#11850,#11851),(#11852,#11853),
(#11854,#11855),(#11856,#11857),(#11858,#11859)),.UNSPECIFIED.,.F.,.F.,
 .F.,(4,1,4),(2,2),(0.,0.0324892860162629,0.0615159656047829),(0.,0.02),
 .UNSPECIFIED.);
#464=B_SPLINE_SURFACE_WITH_KNOTS('',3,1,((#11873,#11874),(#11875,#11876),
(#11877,#11878),(#11879,#11880),(#11881,#11882)),.UNSPECIFIED.,.F.,.F.,
 .F.,(4,1,4),(2,2),(0.,0.0267856028585348,0.0539733179428633),(0.,0.02),
 .UNSPECIFIED.);
#465=B_SPLINE_SURFACE_WITH_KNOTS('',3,1,((#11896,#11897),(#11898,#11899),
(#11900,#11901),(#11902,#11903),(#11904,#11905)),.UNSPECIFIED.,.F.,.F.,
 .F.,(4,1,4),(2,2),(0.,0.0273839695989237,0.0539302493261196),(0.,0.02),
 .UNSPECIFIED.);
#466=B_SPLINE_SURFACE_WITH_KNOTS('',3,1,((#11919,#11920),(#11921,#11922),
(#11923,#11924),(#11925,#11926),(#11927,#11928)),.UNSPECIFIED.,.F.,.F.,
 .F.,(4,1,4),(2,2),(0.,0.0331265659739551,0.0630329041548511),(0.,0.02),
 .UNSPECIFIED.);
#467=B_SPLINE_SURFACE_WITH_KNOTS('',3,1,((#11942,#11943),(#11944,#11945),
(#11946,#11947),(#11948,#11949),(#11950,#11951)),.UNSPECIFIED.,.F.,.F.,
 .F.,(4,1,4),(2,2),(0.,0.0408940353133244,0.0894847980763303),(0.,0.02),
 .UNSPECIFIED.);
#468=B_SPLINE_SURFACE_WITH_KNOTS('',3,1,((#11965,#11966),(#11967,#11968),
(#11969,#11970),(#11971,#11972),(#11973,#11974)),.UNSPECIFIED.,.F.,.F.,
 .F.,(4,1,4),(2,2),(0.,0.0408921091974078,0.0792310183978023),(0.,0.02),
 .UNSPECIFIED.);
#469=B_SPLINE_SURFACE_WITH_KNOTS('',3,1,((#11988,#11989),(#11990,#11991),
(#11992,#11993),(#11994,#11995),(#11996,#11997)),.UNSPECIFIED.,.F.,.F.,
 .F.,(4,1,4),(2,2),(0.,0.0315354703535533,0.064778793148759),(0.,0.02),
 .UNSPECIFIED.);
#470=B_SPLINE_SURFACE_WITH_KNOTS('',3,1,((#12011,#12012),(#12013,#12014),
(#12015,#12016),(#12017,#12018),(#12019,#12020)),.UNSPECIFIED.,.F.,.F.,
 .F.,(4,1,4),(2,2),(0.,0.0350134471124664,0.067113777374383),(0.,0.02),
 .UNSPECIFIED.);
#471=B_SPLINE_SURFACE_WITH_KNOTS('',3,1,((#12040,#12041),(#12042,#12043),
(#12044,#12045),(#12046,#12047),(#12048,#12049)),.UNSPECIFIED.,.F.,.F.,
 .F.,(4,1,4),(2,2),(0.,0.0206373213655865,0.0455581167073906),(0.,0.02),
 .UNSPECIFIED.);
#472=B_SPLINE_SURFACE_WITH_KNOTS('',3,1,((#12118,#12119),(#12120,#12121),
(#12122,#12123),(#12124,#12125),(#12126,#12127)),.UNSPECIFIED.,.F.,.F.,
 .F.,(4,1,4),(2,2),(0.,0.0212425919622945,0.0506707448292913),(0.,0.02),
 .UNSPECIFIED.);
#473=B_SPLINE_SURFACE_WITH_KNOTS('',3,1,((#12141,#12142),(#12143,#12144),
(#12145,#12146),(#12147,#12148),(#12149,#12150)),.UNSPECIFIED.,.F.,.F.,
 .F.,(4,1,4),(2,2),(0.,0.0272928191281862,0.0466604304200152),(0.,0.02),
 .UNSPECIFIED.);
#474=B_SPLINE_SURFACE_WITH_KNOTS('',3,1,((#12243,#12244),(#12245,#12246),
(#12247,#12248),(#12249,#12250),(#12251,#12252)),.UNSPECIFIED.,.F.,.F.,
 .F.,(4,1,4),(2,2),(0.,0.0212425919622945,0.0506707448292913),(0.,0.02),
 .UNSPECIFIED.);
#475=B_SPLINE_SURFACE_WITH_KNOTS('',3,1,((#12266,#12267),(#12268,#12269),
(#12270,#12271),(#12272,#12273),(#12274,#12275)),.UNSPECIFIED.,.F.,.F.,
 .F.,(4,1,4),(2,2),(0.,0.027292847451026,0.0466604587428549),(0.,0.02),
 .UNSPECIFIED.);
#476=SHAPE_REPRESENTATION_RELATIONSHIP('SRR','None',#12906,#478);
#477=SHAPE_REPRESENTATION_RELATIONSHIP('SRR','None',#12908,#479);
#478=ADVANCED_BREP_SHAPE_REPRESENTATION('',(#483),#12886);
#479=ADVANCED_BREP_SHAPE_REPRESENTATION('',(#484),#12888);
#480=STYLED_ITEM('',(#12932),#483);
#481=STYLED_ITEM('',(#12929),#484);
#482=STYLED_ITEM('',(#12933),#12);
#483=MANIFOLD_SOLID_BREP('Body1',#6728);
#484=MANIFOLD_SOLID_BREP('Body1',#6729);
#485=FACE_BOUND('',#1037,.T.);
#486=FACE_BOUND('',#1038,.T.);
#487=FACE_BOUND('',#1039,.T.);
#488=FACE_BOUND('',#1040,.T.);
#489=FACE_BOUND('',#1061,.T.);
#490=FACE_BOUND('',#1062,.T.);
#491=FACE_BOUND('',#1063,.T.);
#492=FACE_BOUND('',#1064,.T.);
#493=FACE_BOUND('',#1067,.T.);
#494=FACE_BOUND('',#1070,.T.);
#495=FACE_BOUND('',#1073,.T.);
#496=FACE_BOUND('',#1076,.T.);
#497=FACE_BOUND('',#1134,.T.);
#498=FACE_BOUND('',#1158,.T.);
#499=FACE_BOUND('',#1177,.T.);
#500=FACE_BOUND('',#1216,.T.);
#501=FACE_BOUND('',#1237,.T.);
#502=FACE_BOUND('',#1305,.T.);
#503=FACE_BOUND('',#1306,.T.);
#504=FACE_BOUND('',#1307,.T.);
#505=FACE_BOUND('',#1308,.T.);
#506=FACE_BOUND('',#1309,.T.);
#507=FACE_BOUND('',#1310,.T.);
#508=FACE_BOUND('',#1311,.T.);
#509=FACE_BOUND('',#1312,.T.);
#510=FACE_BOUND('',#1313,.T.);
#511=FACE_BOUND('',#1314,.T.);
#512=FACE_BOUND('',#1315,.T.);
#513=FACE_BOUND('',#1316,.T.);
#514=FACE_BOUND('',#1317,.T.);
#515=FACE_BOUND('',#1318,.T.);
#516=FACE_BOUND('',#1319,.T.);
#517=FACE_BOUND('',#1320,.T.);
#518=FACE_BOUND('',#1321,.T.);
#519=FACE_BOUND('',#1322,.T.);
#520=FACE_BOUND('',#1323,.T.);
#521=FACE_BOUND('',#1324,.T.);
#522=FACE_BOUND('',#1325,.T.);
#523=FACE_BOUND('',#1326,.T.);
#524=FACE_BOUND('',#1327,.T.);
#525=FACE_BOUND('',#1328,.T.);
#526=FACE_BOUND('',#1329,.T.);
#527=FACE_BOUND('',#1335,.T.);
#528=FACE_BOUND('',#1336,.T.);
#529=FACE_BOUND('',#1337,.T.);
#530=FACE_BOUND('',#1338,.T.);
#531=FACE_BOUND('',#1339,.T.);
#532=FACE_BOUND('',#1340,.T.);
#533=FACE_BOUND('',#1341,.T.);
#534=FACE_BOUND('',#1342,.T.);
#535=FACE_BOUND('',#1343,.T.);
#536=FACE_BOUND('',#1344,.T.);
#537=FACE_BOUND('',#1345,.T.);
#538=FACE_BOUND('',#1346,.T.);
#539=FACE_BOUND('',#1347,.T.);
#540=FACE_BOUND('',#1348,.T.);
#541=FACE_BOUND('',#1349,.T.);
#542=PLANE('',#6769);
#543=PLANE('',#6777);
#544=PLANE('',#6782);
#545=PLANE('',#6785);
#546=PLANE('',#6786);
#547=PLANE('',#6787);
#548=PLANE('',#6788);
#549=PLANE('',#6789);
#550=PLANE('',#6790);
#551=PLANE('',#6791);
#552=PLANE('',#6804);
#553=PLANE('',#6805);
#554=PLANE('',#6806);
#555=PLANE('',#6807);
#556=PLANE('',#6810);
#557=PLANE('',#6813);
#558=PLANE('',#6816);
#559=PLANE('',#6819);
#560=PLANE('',#6822);
#561=PLANE('',#6823);
#562=PLANE('',#6824);
#563=PLANE('',#6825);
#564=PLANE('',#6826);
#565=PLANE('',#6827);
#566=PLANE('',#6828);
#567=PLANE('',#6829);
#568=PLANE('',#6830);
#569=PLANE('',#6831);
#570=PLANE('',#6832);
#571=PLANE('',#6833);
#572=PLANE('',#6834);
#573=PLANE('',#6835);
#574=PLANE('',#6836);
#575=PLANE('',#6837);
#576=PLANE('',#6838);
#577=PLANE('',#6839);
#578=PLANE('',#6840);
#579=PLANE('',#6841);
#580=PLANE('',#6842);
#581=PLANE('',#6843);
#582=PLANE('',#6844);
#583=PLANE('',#6845);
#584=PLANE('',#6846);
#585=PLANE('',#6847);
#586=PLANE('',#6848);
#587=PLANE('',#6849);
#588=PLANE('',#6850);
#589=PLANE('',#6851);
#590=PLANE('',#6852);
#591=PLANE('',#6853);
#592=PLANE('',#6854);
#593=PLANE('',#6855);
#594=PLANE('',#6856);
#595=PLANE('',#6857);
#596=PLANE('',#6858);
#597=PLANE('',#6859);
#598=PLANE('',#6860);
#599=PLANE('',#6861);
#600=PLANE('',#6862);
#601=PLANE('',#6863);
#602=PLANE('',#6864);
#603=PLANE('',#6865);
#604=PLANE('',#6866);
#605=PLANE('',#6867);
#606=PLANE('',#6868);
#607=PLANE('',#6869);
#608=PLANE('',#6870);
#609=PLANE('',#6871);
#610=PLANE('',#6872);
#611=PLANE('',#6873);
#612=PLANE('',#6874);
#613=PLANE('',#6875);
#614=PLANE('',#6876);
#615=PLANE('',#6877);
#616=PLANE('',#6878);
#617=PLANE('',#6879);
#618=PLANE('',#6880);
#619=PLANE('',#6881);
#620=PLANE('',#6882);
#621=PLANE('',#6883);
#622=PLANE('',#6884);
#623=PLANE('',#6885);
#624=PLANE('',#6886);
#625=PLANE('',#6887);
#626=PLANE('',#6888);
#627=PLANE('',#6889);
#628=PLANE('',#6890);
#629=PLANE('',#6891);
#630=PLANE('',#6892);
#631=PLANE('',#6893);
#632=PLANE('',#6894);
#633=PLANE('',#6944);
#634=PLANE('',#6945);
#635=PLANE('',#6946);
#636=PLANE('',#6947);
#637=PLANE('',#6948);
#638=PLANE('',#6998);
#639=PLANE('',#7000);
#640=PLANE('',#7002);
#641=PLANE('',#7004);
#642=PLANE('',#7007);
#643=PLANE('',#7009);
#644=PLANE('',#7010);
#645=PLANE('',#7012);
#646=PLANE('',#7014);
#647=PLANE('',#7016);
#648=PLANE('',#7018);
#649=PLANE('',#7020);
#650=PLANE('',#7022);
#651=PLANE('',#7024);
#652=PLANE('',#7026);
#653=PLANE('',#7028);
#654=PLANE('',#7030);
#655=PLANE('',#7032);
#656=PLANE('',#7034);
#657=PLANE('',#7036);
#658=PLANE('',#7038);
#659=PLANE('',#7040);
#660=PLANE('',#7043);
#661=PLANE('',#7044);
#662=PLANE('',#7046);
#663=PLANE('',#7048);
#664=PLANE('',#7050);
#665=PLANE('',#7052);
#666=PLANE('',#7055);
#667=PLANE('',#7057);
#668=PLANE('',#7061);
#669=PLANE('',#7063);
#670=PLANE('',#7065);
#671=PLANE('',#7067);
#672=PLANE('',#7069);
#673=PLANE('',#7071);
#674=PLANE('',#7075);
#675=PLANE('',#7077);
#676=PLANE('',#7079);
#677=PLANE('',#7081);
#678=PLANE('',#7083);
#679=PLANE('',#7085);
#680=PLANE('',#7087);
#681=PLANE('',#7089);
#682=PLANE('',#7091);
#683=FACE_OUTER_BOUND('',#1035,.T.);
#684=FACE_OUTER_BOUND('',#1036,.T.);
#685=FACE_OUTER_BOUND('',#1041,.T.);
#686=FACE_OUTER_BOUND('',#1042,.T.);
#687=FACE_OUTER_BOUND('',#1043,.T.);
#688=FACE_OUTER_BOUND('',#1044,.T.);
#689=FACE_OUTER_BOUND('',#1045,.T.);
#690=FACE_OUTER_BOUND('',#1046,.T.);
#691=FACE_OUTER_BOUND('',#1047,.T.);
#692=FACE_OUTER_BOUND('',#1048,.T.);
#693=FACE_OUTER_BOUND('',#1049,.T.);
#694=FACE_OUTER_BOUND('',#1050,.T.);
#695=FACE_OUTER_BOUND('',#1051,.T.);
#696=FACE_OUTER_BOUND('',#1052,.T.);
#697=FACE_OUTER_BOUND('',#1053,.T.);
#698=FACE_OUTER_BOUND('',#1054,.T.);
#699=FACE_OUTER_BOUND('',#1055,.T.);
#700=FACE_OUTER_BOUND('',#1056,.T.);
#701=FACE_OUTER_BOUND('',#1057,.T.);
#702=FACE_OUTER_BOUND('',#1058,.T.);
#703=FACE_OUTER_BOUND('',#1059,.T.);
#704=FACE_OUTER_BOUND('',#1060,.T.);
#705=FACE_OUTER_BOUND('',#1065,.T.);
#706=FACE_OUTER_BOUND('',#1066,.T.);
#707=FACE_OUTER_BOUND('',#1068,.T.);
#708=FACE_OUTER_BOUND('',#1069,.T.);
#709=FACE_OUTER_BOUND('',#1071,.T.);
#710=FACE_OUTER_BOUND('',#1072,.T.);
#711=FACE_OUTER_BOUND('',#1074,.T.);
#712=FACE_OUTER_BOUND('',#1075,.T.);
#713=FACE_OUTER_BOUND('',#1077,.T.);
#714=FACE_OUTER_BOUND('',#1078,.T.);
#715=FACE_OUTER_BOUND('',#1079,.T.);
#716=FACE_OUTER_BOUND('',#1080,.T.);
#717=FACE_OUTER_BOUND('',#1081,.T.);
#718=FACE_OUTER_BOUND('',#1082,.T.);
#719=FACE_OUTER_BOUND('',#1083,.T.);
#720=FACE_OUTER_BOUND('',#1084,.T.);
#721=FACE_OUTER_BOUND('',#1085,.T.);
#722=FACE_OUTER_BOUND('',#1086,.T.);
#723=FACE_OUTER_BOUND('',#1087,.T.);
#724=FACE_OUTER_BOUND('',#1088,.T.);
#725=FACE_OUTER_BOUND('',#1089,.T.);
#726=FACE_OUTER_BOUND('',#1090,.T.);
#727=FACE_OUTER_BOUND('',#1091,.T.);
#728=FACE_OUTER_BOUND('',#1092,.T.);
#729=FACE_OUTER_BOUND('',#1093,.T.);
#730=FACE_OUTER_BOUND('',#1094,.T.);
#731=FACE_OUTER_BOUND('',#1095,.T.);
#732=FACE_OUTER_BOUND('',#1096,.T.);
#733=FACE_OUTER_BOUND('',#1097,.T.);
#734=FACE_OUTER_BOUND('',#1098,.T.);
#735=FACE_OUTER_BOUND('',#1099,.T.);
#736=FACE_OUTER_BOUND('',#1100,.T.);
#737=FACE_OUTER_BOUND('',#1101,.T.);
#738=FACE_OUTER_BOUND('',#1102,.T.);
#739=FACE_OUTER_BOUND('',#1103,.T.);
#740=FACE_OUTER_BOUND('',#1104,.T.);
#741=FACE_OUTER_BOUND('',#1105,.T.);
#742=FACE_OUTER_BOUND('',#1106,.T.);
#743=FACE_OUTER_BOUND('',#1107,.T.);
#744=FACE_OUTER_BOUND('',#1108,.T.);
#745=FACE_OUTER_BOUND('',#1109,.T.);
#746=FACE_OUTER_BOUND('',#1110,.T.);
#747=FACE_OUTER_BOUND('',#1111,.T.);
#748=FACE_OUTER_BOUND('',#1112,.T.);
#749=FACE_OUTER_BOUND('',#1113,.T.);
#750=FACE_OUTER_BOUND('',#1114,.T.);
#751=FACE_OUTER_BOUND('',#1115,.T.);
#752=FACE_OUTER_BOUND('',#1116,.T.);
#753=FACE_OUTER_BOUND('',#1117,.T.);
#754=FACE_OUTER_BOUND('',#1118,.T.);
#755=FACE_OUTER_BOUND('',#1119,.T.);
#756=FACE_OUTER_BOUND('',#1120,.T.);
#757=FACE_OUTER_BOUND('',#1121,.T.);
#758=FACE_OUTER_BOUND('',#1122,.T.);
#759=FACE_OUTER_BOUND('',#1123,.T.);
#760=FACE_OUTER_BOUND('',#1124,.T.);
#761=FACE_OUTER_BOUND('',#1125,.T.);
#762=FACE_OUTER_BOUND('',#1126,.T.);
#763=FACE_OUTER_BOUND('',#1127,.T.);
#764=FACE_OUTER_BOUND('',#1128,.T.);
#765=FACE_OUTER_BOUND('',#1129,.T.);
#766=FACE_OUTER_BOUND('',#1130,.T.);
#767=FACE_OUTER_BOUND('',#1131,.T.);
#768=FACE_OUTER_BOUND('',#1132,.T.);
#769=FACE_OUTER_BOUND('',#1133,.T.);
#770=FACE_OUTER_BOUND('',#1135,.T.);
#771=FACE_OUTER_BOUND('',#1136,.T.);
#772=FACE_OUTER_BOUND('',#1137,.T.);
#773=FACE_OUTER_BOUND('',#1138,.T.);
#774=FACE_OUTER_BOUND('',#1139,.T.);
#775=FACE_OUTER_BOUND('',#1140,.T.);
#776=FACE_OUTER_BOUND('',#1141,.T.);
#777=FACE_OUTER_BOUND('',#1142,.T.);
#778=FACE_OUTER_BOUND('',#1143,.T.);
#779=FACE_OUTER_BOUND('',#1144,.T.);
#780=FACE_OUTER_BOUND('',#1145,.T.);
#781=FACE_OUTER_BOUND('',#1146,.T.);
#782=FACE_OUTER_BOUND('',#1147,.T.);
#783=FACE_OUTER_BOUND('',#1148,.T.);
#784=FACE_OUTER_BOUND('',#1149,.T.);
#785=FACE_OUTER_BOUND('',#1150,.T.);
#786=FACE_OUTER_BOUND('',#1151,.T.);
#787=FACE_OUTER_BOUND('',#1152,.T.);
#788=FACE_OUTER_BOUND('',#1153,.T.);
#789=FACE_OUTER_BOUND('',#1154,.T.);
#790=FACE_OUTER_BOUND('',#1155,.T.);
#791=FACE_OUTER_BOUND('',#1156,.T.);
#792=FACE_OUTER_BOUND('',#1157,.T.);
#793=FACE_OUTER_BOUND('',#1159,.T.);
#794=FACE_OUTER_BOUND('',#1160,.T.);
#795=FACE_OUTER_BOUND('',#1161,.T.);
#796=FACE_OUTER_BOUND('',#1162,.T.);
#797=FACE_OUTER_BOUND('',#1163,.T.);
#798=FACE_OUTER_BOUND('',#1164,.T.);
#799=FACE_OUTER_BOUND('',#1165,.T.);
#800=FACE_OUTER_BOUND('',#1166,.T.);
#801=FACE_OUTER_BOUND('',#1167,.T.);
#802=FACE_OUTER_BOUND('',#1168,.T.);
#803=FACE_OUTER_BOUND('',#1169,.T.);
#804=FACE_OUTER_BOUND('',#1170,.T.);
#805=FACE_OUTER_BOUND('',#1171,.T.);
#806=FACE_OUTER_BOUND('',#1172,.T.);
#807=FACE_OUTER_BOUND('',#1173,.T.);
#808=FACE_OUTER_BOUND('',#1174,.T.);
#809=FACE_OUTER_BOUND('',#1175,.T.);
#810=FACE_OUTER_BOUND('',#1176,.T.);
#811=FACE_OUTER_BOUND('',#1178,.T.);
#812=FACE_OUTER_BOUND('',#1179,.T.);
#813=FACE_OUTER_BOUND('',#1180,.T.);
#814=FACE_OUTER_BOUND('',#1181,.T.);
#815=FACE_OUTER_BOUND('',#1182,.T.);
#816=FACE_OUTER_BOUND('',#1183,.T.);
#817=FACE_OUTER_BOUND('',#1184,.T.);
#818=FACE_OUTER_BOUND('',#1185,.T.);
#819=FACE_OUTER_BOUND('',#1186,.T.);
#820=FACE_OUTER_BOUND('',#1187,.T.);
#821=FACE_OUTER_BOUND('',#1188,.T.);
#822=FACE_OUTER_BOUND('',#1189,.T.);
#823=FACE_OUTER_BOUND('',#1190,.T.);
#824=FACE_OUTER_BOUND('',#1191,.T.);
#825=FACE_OUTER_BOUND('',#1192,.T.);
#826=FACE_OUTER_BOUND('',#1193,.T.);
#827=FACE_OUTER_BOUND('',#1194,.T.);
#828=FACE_OUTER_BOUND('',#1195,.T.);
#829=FACE_OUTER_BOUND('',#1196,.T.);
#830=FACE_OUTER_BOUND('',#1197,.T.);
#831=FACE_OUTER_BOUND('',#1198,.T.);
#832=FACE_OUTER_BOUND('',#1199,.T.);
#833=FACE_OUTER_BOUND('',#1200,.T.);
#834=FACE_OUTER_BOUND('',#1201,.T.);
#835=FACE_OUTER_BOUND('',#1202,.T.);
#836=FACE_OUTER_BOUND('',#1203,.T.);
#837=FACE_OUTER_BOUND('',#1204,.T.);
#838=FACE_OUTER_BOUND('',#1205,.T.);
#839=FACE_OUTER_BOUND('',#1206,.T.);
#840=FACE_OUTER_BOUND('',#1207,.T.);
#841=FACE_OUTER_BOUND('',#1208,.T.);
#842=FACE_OUTER_BOUND('',#1209,.T.);
#843=FACE_OUTER_BOUND('',#1210,.T.);
#844=FACE_OUTER_BOUND('',#1211,.T.);
#845=FACE_OUTER_BOUND('',#1212,.T.);
#846=FACE_OUTER_BOUND('',#1213,.T.);
#847=FACE_OUTER_BOUND('',#1214,.T.);
#848=FACE_OUTER_BOUND('',#1215,.T.);
#849=FACE_OUTER_BOUND('',#1217,.T.);
#850=FACE_OUTER_BOUND('',#1218,.T.);
#851=FACE_OUTER_BOUND('',#1219,.T.);
#852=FACE_OUTER_BOUND('',#1220,.T.);
#853=FACE_OUTER_BOUND('',#1221,.T.);
#854=FACE_OUTER_BOUND('',#1222,.T.);
#855=FACE_OUTER_BOUND('',#1223,.T.);
#856=FACE_OUTER_BOUND('',#1224,.T.);
#857=FACE_OUTER_BOUND('',#1225,.T.);
#858=FACE_OUTER_BOUND('',#1226,.T.);
#859=FACE_OUTER_BOUND('',#1227,.T.);
#860=FACE_OUTER_BOUND('',#1228,.T.);
#861=FACE_OUTER_BOUND('',#1229,.T.);
#862=FACE_OUTER_BOUND('',#1230,.T.);
#863=FACE_OUTER_BOUND('',#1231,.T.);
#864=FACE_OUTER_BOUND('',#1232,.T.);
#865=FACE_OUTER_BOUND('',#1233,.T.);
#866=FACE_OUTER_BOUND('',#1234,.T.);
#867=FACE_OUTER_BOUND('',#1235,.T.);
#868=FACE_OUTER_BOUND('',#1236,.T.);
#869=FACE_OUTER_BOUND('',#1238,.T.);
#870=FACE_OUTER_BOUND('',#1239,.T.);
#871=FACE_OUTER_BOUND('',#1240,.T.);
#872=FACE_OUTER_BOUND('',#1241,.T.);
#873=FACE_OUTER_BOUND('',#1242,.T.);
#874=FACE_OUTER_BOUND('',#1243,.T.);
#875=FACE_OUTER_BOUND('',#1244,.T.);
#876=FACE_OUTER_BOUND('',#1245,.T.);
#877=FACE_OUTER_BOUND('',#1246,.T.);
#878=FACE_OUTER_BOUND('',#1247,.T.);
#879=FACE_OUTER_BOUND('',#1248,.T.);
#880=FACE_OUTER_BOUND('',#1249,.T.);
#881=FACE_OUTER_BOUND('',#1250,.T.);
#882=FACE_OUTER_BOUND('',#1251,.T.);
#883=FACE_OUTER_BOUND('',#1252,.T.);
#884=FACE_OUTER_BOUND('',#1253,.T.);
#885=FACE_OUTER_BOUND('',#1254,.T.);
#886=FACE_OUTER_BOUND('',#1255,.T.);
#887=FACE_OUTER_BOUND('',#1256,.T.);
#888=FACE_OUTER_BOUND('',#1257,.T.);
#889=FACE_OUTER_BOUND('',#1258,.T.);
#890=FACE_OUTER_BOUND('',#1259,.T.);
#891=FACE_OUTER_BOUND('',#1260,.T.);
#892=FACE_OUTER_BOUND('',#1261,.T.);
#893=FACE_OUTER_BOUND('',#1262,.T.);
#894=FACE_OUTER_BOUND('',#1263,.T.);
#895=FACE_OUTER_BOUND('',#1264,.T.);
#896=FACE_OUTER_BOUND('',#1265,.T.);
#897=FACE_OUTER_BOUND('',#1266,.T.);
#898=FACE_OUTER_BOUND('',#1267,.T.);
#899=FACE_OUTER_BOUND('',#1268,.T.);
#900=FACE_OUTER_BOUND('',#1269,.T.);
#901=FACE_OUTER_BOUND('',#1270,.T.);
#902=FACE_OUTER_BOUND('',#1271,.T.);
#903=FACE_OUTER_BOUND('',#1272,.T.);
#904=FACE_OUTER_BOUND('',#1273,.T.);
#905=FACE_OUTER_BOUND('',#1274,.T.);
#906=FACE_OUTER_BOUND('',#1275,.T.);
#907=FACE_OUTER_BOUND('',#1276,.T.);
#908=FACE_OUTER_BOUND('',#1277,.T.);
#909=FACE_OUTER_BOUND('',#1278,.T.);
#910=FACE_OUTER_BOUND('',#1279,.T.);
#911=FACE_OUTER_BOUND('',#1280,.T.);
#912=FACE_OUTER_BOUND('',#1281,.T.);
#913=FACE_OUTER_BOUND('',#1282,.T.);
#914=FACE_OUTER_BOUND('',#1283,.T.);
#915=FACE_OUTER_BOUND('',#1284,.T.);
#916=FACE_OUTER_BOUND('',#1285,.T.);
#917=FACE_OUTER_BOUND('',#1286,.T.);
#918=FACE_OUTER_BOUND('',#1287,.T.);
#919=FACE_OUTER_BOUND('',#1288,.T.);
#920=FACE_OUTER_BOUND('',#1289,.T.);
#921=FACE_OUTER_BOUND('',#1290,.T.);
#922=FACE_OUTER_BOUND('',#1291,.T.);
#923=FACE_OUTER_BOUND('',#1292,.T.);
#924=FACE_OUTER_BOUND('',#1293,.T.);
#925=FACE_OUTER_BOUND('',#1294,.T.);
#926=FACE_OUTER_BOUND('',#1295,.T.);
#927=FACE_OUTER_BOUND('',#1296,.T.);
#928=FACE_OUTER_BOUND('',#1297,.T.);
#929=FACE_OUTER_BOUND('',#1298,.T.);
#930=FACE_OUTER_BOUND('',#1299,.T.);
#931=FACE_OUTER_BOUND('',#1300,.T.);
#932=FACE_OUTER_BOUND('',#1301,.T.);
#933=FACE_OUTER_BOUND('',#1302,.T.);
#934=FACE_OUTER_BOUND('',#1303,.T.);
#935=FACE_OUTER_BOUND('',#1304,.T.);
#936=FACE_OUTER_BOUND('',#1330,.T.);
#937=FACE_OUTER_BOUND('',#1331,.T.);
#938=FACE_OUTER_BOUND('',#1332,.T.);
#939=FACE_OUTER_BOUND('',#1333,.T.);
#940=FACE_OUTER_BOUND('',#1334,.T.);
#941=FACE_OUTER_BOUND('',#1350,.T.);
#942=FACE_OUTER_BOUND('',#1351,.T.);
#943=FACE_OUTER_BOUND('',#1352,.T.);
#944=FACE_OUTER_BOUND('',#1353,.T.);
#945=FACE_OUTER_BOUND('',#1354,.T.);
#946=FACE_OUTER_BOUND('',#1355,.T.);
#947=FACE_OUTER_BOUND('',#1356,.T.);
#948=FACE_OUTER_BOUND('',#1357,.T.);
#949=FACE_OUTER_BOUND('',#1358,.T.);
#950=FACE_OUTER_BOUND('',#1359,.T.);
#951=FACE_OUTER_BOUND('',#1360,.T.);
#952=FACE_OUTER_BOUND('',#1361,.T.);
#953=FACE_OUTER_BOUND('',#1362,.T.);
#954=FACE_OUTER_BOUND('',#1363,.T.);
#955=FACE_OUTER_BOUND('',#1364,.T.);
#956=FACE_OUTER_BOUND('',#1365,.T.);
#957=FACE_OUTER_BOUND('',#1366,.T.);
#958=FACE_OUTER_BOUND('',#1367,.T.);
#959=FACE_OUTER_BOUND('',#1368,.T.);
#960=FACE_OUTER_BOUND('',#1369,.T.);
#961=FACE_OUTER_BOUND('',#1370,.T.);
#962=FACE_OUTER_BOUND('',#1371,.T.);
#963=FACE_OUTER_BOUND('',#1372,.T.);
#964=FACE_OUTER_BOUND('',#1373,.T.);
#965=FACE_OUTER_BOUND('',#1374,.T.);
#966=FACE_OUTER_BOUND('',#1375,.T.);
#967=FACE_OUTER_BOUND('',#1376,.T.);
#968=FACE_OUTER_BOUND('',#1377,.T.);
#969=FACE_OUTER_BOUND('',#1378,.T.);
#970=FACE_OUTER_BOUND('',#1379,.T.);
#971=FACE_OUTER_BOUND('',#1380,.T.);
#972=FACE_OUTER_BOUND('',#1381,.T.);
#973=FACE_OUTER_BOUND('',#1382,.T.);
#974=FACE_OUTER_BOUND('',#1383,.T.);
#975=FACE_OUTER_BOUND('',#1384,.T.);
#976=FACE_OUTER_BOUND('',#1385,.T.);
#977=FACE_OUTER_BOUND('',#1386,.T.);
#978=FACE_OUTER_BOUND('',#1387,.T.);
#979=FACE_OUTER_BOUND('',#1388,.T.);
#980=FACE_OUTER_BOUND('',#1389,.T.);
#981=FACE_OUTER_BOUND('',#1390,.T.);
#982=FACE_OUTER_BOUND('',#1391,.T.);
#983=FACE_OUTER_BOUND('',#1392,.T.);
#984=FACE_OUTER_BOUND('',#1393,.T.);
#985=FACE_OUTER_BOUND('',#1394,.T.);
#986=FACE_OUTER_BOUND('',#1395,.T.);
#987=FACE_OUTER_BOUND('',#1396,.T.);
#988=FACE_OUTER_BOUND('',#1397,.T.);
#989=FACE_OUTER_BOUND('',#1398,.T.);
#990=FACE_OUTER_BOUND('',#1399,.T.);
#991=FACE_OUTER_BOUND('',#1400,.T.);
#992=FACE_OUTER_BOUND('',#1401,.T.);
#993=FACE_OUTER_BOUND('',#1402,.T.);
#994=FACE_OUTER_BOUND('',#1403,.T.);
#995=FACE_OUTER_BOUND('',#1404,.T.);
#996=FACE_OUTER_BOUND('',#1405,.T.);
#997=FACE_OUTER_BOUND('',#1406,.T.);
#998=FACE_OUTER_BOUND('',#1407,.T.);
#999=FACE_OUTER_BOUND('',#1408,.T.);
#1000=FACE_OUTER_BOUND('',#1409,.T.);
#1001=FACE_OUTER_BOUND('',#1410,.T.);
#1002=FACE_OUTER_BOUND('',#1411,.T.);
#1003=FACE_OUTER_BOUND('',#1412,.T.);
#1004=FACE_OUTER_BOUND('',#1413,.T.);
#1005=FACE_OUTER_BOUND('',#1414,.T.);
#1006=FACE_OUTER_BOUND('',#1415,.T.);
#1007=FACE_OUTER_BOUND('',#1416,.T.);
#1008=FACE_OUTER_BOUND('',#1417,.T.);
#1009=FACE_OUTER_BOUND('',#1418,.T.);
#1010=FACE_OUTER_BOUND('',#1419,.T.);
#1011=FACE_OUTER_BOUND('',#1420,.T.);
#1012=FACE_OUTER_BOUND('',#1421,.T.);
#1013=FACE_OUTER_BOUND('',#1422,.T.);
#1014=FACE_OUTER_BOUND('',#1423,.T.);
#1015=FACE_OUTER_BOUND('',#1424,.T.);
#1016=FACE_OUTER_BOUND('',#1425,.T.);
#1017=FACE_OUTER_BOUND('',#1426,.T.);
#1018=FACE_OUTER_BOUND('',#1427,.T.);
#1019=FACE_OUTER_BOUND('',#1428,.T.);
#1020=FACE_OUTER_BOUND('',#1429,.T.);
#1021=FACE_OUTER_BOUND('',#1430,.T.);
#1022=FACE_OUTER_BOUND('',#1431,.T.);
#1023=FACE_OUTER_BOUND('',#1432,.T.);
#1024=FACE_OUTER_BOUND('',#1433,.T.);
#1025=FACE_OUTER_BOUND('',#1434,.T.);
#1026=FACE_OUTER_BOUND('',#1435,.T.);
#1027=FACE_OUTER_BOUND('',#1436,.T.);
#1028=FACE_OUTER_BOUND('',#1437,.T.);
#1029=FACE_OUTER_BOUND('',#1438,.T.);
#1030=FACE_OUTER_BOUND('',#1439,.T.);
#1031=FACE_OUTER_BOUND('',#1440,.T.);
#1032=FACE_OUTER_BOUND('',#1441,.T.);
#1033=FACE_OUTER_BOUND('',#1442,.T.);
#1034=FACE_OUTER_BOUND('',#1443,.T.);
#1035=EDGE_LOOP('',(#4341,#4342,#4343,#4344));
#1036=EDGE_LOOP('',(#4345,#4346,#4347,#4348,#4349,#4350,#4351,#4352,#4353,
#4354,#4355,#4356,#4357,#4358,#4359,#4360));
#1037=EDGE_LOOP('',(#4361));
#1038=EDGE_LOOP('',(#4362));
#1039=EDGE_LOOP('',(#4363));
#1040=EDGE_LOOP('',(#4364));
#1041=EDGE_LOOP('',(#4365,#4366,#4367,#4368));
#1042=EDGE_LOOP('',(#4369,#4370,#4371,#4372));
#1043=EDGE_LOOP('',(#4373,#4374,#4375,#4376));
#1044=EDGE_LOOP('',(#4377,#4378,#4379,#4380));
#1045=EDGE_LOOP('',(#4381,#4382,#4383,#4384));
#1046=EDGE_LOOP('',(#4385,#4386,#4387,#4388));
#1047=EDGE_LOOP('',(#4389,#4390,#4391,#4392));
#1048=EDGE_LOOP('',(#4393,#4394,#4395,#4396));
#1049=EDGE_LOOP('',(#4397,#4398,#4399,#4400));
#1050=EDGE_LOOP('',(#4401,#4402,#4403,#4404,#4405,#4406,#4407,#4408));
#1051=EDGE_LOOP('',(#4409,#4410,#4411,#4412));
#1052=EDGE_LOOP('',(#4413,#4414,#4415,#4416));
#1053=EDGE_LOOP('',(#4417,#4418,#4419,#4420));
#1054=EDGE_LOOP('',(#4421,#4422,#4423,#4424));
#1055=EDGE_LOOP('',(#4425,#4426,#4427,#4428));
#1056=EDGE_LOOP('',(#4429,#4430,#4431,#4432));
#1057=EDGE_LOOP('',(#4433,#4434,#4435,#4436));
#1058=EDGE_LOOP('',(#4437,#4438,#4439,#4440));
#1059=EDGE_LOOP('',(#4441,#4442,#4443,#4444,#4445,#4446,#4447,#4448));
#1060=EDGE_LOOP('',(#4449,#4450,#4451,#4452,#4453,#4454,#4455,#4456));
#1061=EDGE_LOOP('',(#4457));
#1062=EDGE_LOOP('',(#4458));
#1063=EDGE_LOOP('',(#4459));
#1064=EDGE_LOOP('',(#4460));
#1065=EDGE_LOOP('',(#4461,#4462,#4463,#4464));
#1066=EDGE_LOOP('',(#4465));
#1067=EDGE_LOOP('',(#4466));
#1068=EDGE_LOOP('',(#4467,#4468,#4469,#4470));
#1069=EDGE_LOOP('',(#4471));
#1070=EDGE_LOOP('',(#4472));
#1071=EDGE_LOOP('',(#4473,#4474,#4475,#4476));
#1072=EDGE_LOOP('',(#4477));
#1073=EDGE_LOOP('',(#4478));
#1074=EDGE_LOOP('',(#4479,#4480,#4481,#4482));
#1075=EDGE_LOOP('',(#4483));
#1076=EDGE_LOOP('',(#4484));
#1077=EDGE_LOOP('',(#4485,#4486,#4487,#4488));
#1078=EDGE_LOOP('',(#4489,#4490,#4491,#4492));
#1079=EDGE_LOOP('',(#4493,#4494,#4495,#4496));
#1080=EDGE_LOOP('',(#4497,#4498,#4499,#4500));
#1081=EDGE_LOOP('',(#4501,#4502,#4503,#4504));
#1082=EDGE_LOOP('',(#4505,#4506,#4507,#4508));
#1083=EDGE_LOOP('',(#4509,#4510,#4511,#4512));
#1084=EDGE_LOOP('',(#4513,#4514,#4515,#4516));
#1085=EDGE_LOOP('',(#4517,#4518,#4519,#4520));
#1086=EDGE_LOOP('',(#4521,#4522,#4523,#4524));
#1087=EDGE_LOOP('',(#4525,#4526,#4527,#4528));
#1088=EDGE_LOOP('',(#4529,#4530,#4531,#4532));
#1089=EDGE_LOOP('',(#4533,#4534,#4535,#4536));
#1090=EDGE_LOOP('',(#4537,#4538,#4539,#4540));
#1091=EDGE_LOOP('',(#4541,#4542,#4543,#4544));
#1092=EDGE_LOOP('',(#4545,#4546,#4547,#4548));
#1093=EDGE_LOOP('',(#4549,#4550,#4551,#4552));
#1094=EDGE_LOOP('',(#4553,#4554,#4555,#4556));
#1095=EDGE_LOOP('',(#4557,#4558,#4559,#4560,#4561,#4562,#4563,#4564,#4565,
#4566,#4567,#4568,#4569,#4570,#4571,#4572,#4573,#4574));
#1096=EDGE_LOOP('',(#4575,#4576,#4577,#4578));
#1097=EDGE_LOOP('',(#4579,#4580,#4581,#4582));
#1098=EDGE_LOOP('',(#4583,#4584,#4585,#4586));
#1099=EDGE_LOOP('',(#4587,#4588,#4589,#4590));
#1100=EDGE_LOOP('',(#4591,#4592,#4593,#4594));
#1101=EDGE_LOOP('',(#4595,#4596,#4597,#4598));
#1102=EDGE_LOOP('',(#4599,#4600,#4601,#4602));
#1103=EDGE_LOOP('',(#4603,#4604,#4605,#4606));
#1104=EDGE_LOOP('',(#4607,#4608,#4609,#4610));
#1105=EDGE_LOOP('',(#4611,#4612,#4613,#4614));
#1106=EDGE_LOOP('',(#4615,#4616,#4617,#4618));
#1107=EDGE_LOOP('',(#4619,#4620,#4621,#4622));
#1108=EDGE_LOOP('',(#4623,#4624,#4625,#4626));
#1109=EDGE_LOOP('',(#4627,#4628,#4629,#4630));
#1110=EDGE_LOOP('',(#4631,#4632,#4633,#4634));
#1111=EDGE_LOOP('',(#4635,#4636,#4637,#4638));
#1112=EDGE_LOOP('',(#4639,#4640,#4641,#4642));
#1113=EDGE_LOOP('',(#4643,#4644,#4645,#4646));
#1114=EDGE_LOOP('',(#4647,#4648,#4649,#4650));
#1115=EDGE_LOOP('',(#4651,#4652,#4653,#4654));
#1116=EDGE_LOOP('',(#4655,#4656,#4657,#4658));
#1117=EDGE_LOOP('',(#4659,#4660,#4661,#4662));
#1118=EDGE_LOOP('',(#4663,#4664,#4665,#4666));
#1119=EDGE_LOOP('',(#4667,#4668,#4669,#4670));
#1120=EDGE_LOOP('',(#4671,#4672,#4673,#4674));
#1121=EDGE_LOOP('',(#4675,#4676,#4677,#4678));
#1122=EDGE_LOOP('',(#4679,#4680,#4681,#4682));
#1123=EDGE_LOOP('',(#4683,#4684,#4685,#4686));
#1124=EDGE_LOOP('',(#4687,#4688,#4689,#4690));
#1125=EDGE_LOOP('',(#4691,#4692,#4693,#4694));
#1126=EDGE_LOOP('',(#4695,#4696,#4697,#4698));
#1127=EDGE_LOOP('',(#4699,#4700,#4701,#4702));
#1128=EDGE_LOOP('',(#4703,#4704,#4705,#4706));
#1129=EDGE_LOOP('',(#4707,#4708,#4709,#4710));
#1130=EDGE_LOOP('',(#4711,#4712,#4713,#4714));
#1131=EDGE_LOOP('',(#4715,#4716,#4717,#4718));
#1132=EDGE_LOOP('',(#4719,#4720,#4721,#4722));
#1133=EDGE_LOOP('',(#4723,#4724,#4725,#4726,#4727,#4728,#4729,#4730,#4731,
#4732,#4733,#4734,#4735,#4736,#4737,#4738,#4739,#4740,#4741,#4742,#4743,
#4744,#4745,#4746,#4747,#4748,#4749));
#1134=EDGE_LOOP('',(#4750,#4751,#4752,#4753,#4754,#4755,#4756,#4757,#4758,
#4759));
#1135=EDGE_LOOP('',(#4760,#4761,#4762,#4763));
#1136=EDGE_LOOP('',(#4764,#4765,#4766,#4767));
#1137=EDGE_LOOP('',(#4768,#4769,#4770,#4771));
#1138=EDGE_LOOP('',(#4772,#4773,#4774,#4775));
#1139=EDGE_LOOP('',(#4776,#4777,#4778,#4779));
#1140=EDGE_LOOP('',(#4780,#4781,#4782,#4783));
#1141=EDGE_LOOP('',(#4784,#4785,#4786,#4787));
#1142=EDGE_LOOP('',(#4788,#4789,#4790,#4791));
#1143=EDGE_LOOP('',(#4792,#4793,#4794,#4795));
#1144=EDGE_LOOP('',(#4796,#4797,#4798,#4799));
#1145=EDGE_LOOP('',(#4800,#4801,#4802,#4803));
#1146=EDGE_LOOP('',(#4804,#4805,#4806,#4807));
#1147=EDGE_LOOP('',(#4808,#4809,#4810,#4811));
#1148=EDGE_LOOP('',(#4812,#4813,#4814,#4815));
#1149=EDGE_LOOP('',(#4816,#4817,#4818,#4819));
#1150=EDGE_LOOP('',(#4820,#4821,#4822,#4823));
#1151=EDGE_LOOP('',(#4824,#4825,#4826,#4827));
#1152=EDGE_LOOP('',(#4828,#4829,#4830,#4831));
#1153=EDGE_LOOP('',(#4832,#4833,#4834,#4835));
#1154=EDGE_LOOP('',(#4836,#4837,#4838,#4839));
#1155=EDGE_LOOP('',(#4840,#4841,#4842,#4843));
#1156=EDGE_LOOP('',(#4844,#4845,#4846,#4847));
#1157=EDGE_LOOP('',(#4848,#4849,#4850,#4851,#4852,#4853,#4854,#4855,#4856,
#4857,#4858,#4859,#4860,#4861));
#1158=EDGE_LOOP('',(#4862,#4863,#4864,#4865,#4866,#4867,#4868,#4869));
#1159=EDGE_LOOP('',(#4870,#4871,#4872,#4873));
#1160=EDGE_LOOP('',(#4874,#4875,#4876,#4877));
#1161=EDGE_LOOP('',(#4878,#4879,#4880,#4881));
#1162=EDGE_LOOP('',(#4882,#4883,#4884,#4885));
#1163=EDGE_LOOP('',(#4886,#4887,#4888,#4889));
#1164=EDGE_LOOP('',(#4890,#4891,#4892,#4893));
#1165=EDGE_LOOP('',(#4894,#4895,#4896,#4897));
#1166=EDGE_LOOP('',(#4898,#4899,#4900,#4901));
#1167=EDGE_LOOP('',(#4902,#4903,#4904,#4905));
#1168=EDGE_LOOP('',(#4906,#4907,#4908,#4909));
#1169=EDGE_LOOP('',(#4910,#4911,#4912,#4913));
#1170=EDGE_LOOP('',(#4914,#4915,#4916,#4917));
#1171=EDGE_LOOP('',(#4918,#4919,#4920,#4921));
#1172=EDGE_LOOP('',(#4922,#4923,#4924,#4925));
#1173=EDGE_LOOP('',(#4926,#4927,#4928,#4929));
#1174=EDGE_LOOP('',(#4930,#4931,#4932,#4933));
#1175=EDGE_LOOP('',(#4934,#4935,#4936,#4937));
#1176=EDGE_LOOP('',(#4938,#4939,#4940,#4941,#4942,#4943,#4944,#4945,#4946));
#1177=EDGE_LOOP('',(#4947,#4948,#4949,#4950,#4951,#4952,#4953,#4954));
#1178=EDGE_LOOP('',(#4955,#4956,#4957,#4958));
#1179=EDGE_LOOP('',(#4959,#4960,#4961,#4962));
#1180=EDGE_LOOP('',(#4963,#4964,#4965,#4966));
#1181=EDGE_LOOP('',(#4967,#4968,#4969,#4970));
#1182=EDGE_LOOP('',(#4971,#4972,#4973,#4974));
#1183=EDGE_LOOP('',(#4975,#4976,#4977,#4978));
#1184=EDGE_LOOP('',(#4979,#4980,#4981,#4982));
#1185=EDGE_LOOP('',(#4983,#4984,#4985,#4986));
#1186=EDGE_LOOP('',(#4987,#4988,#4989,#4990));
#1187=EDGE_LOOP('',(#4991,#4992,#4993,#4994));
#1188=EDGE_LOOP('',(#4995,#4996,#4997,#4998));
#1189=EDGE_LOOP('',(#4999,#5000,#5001,#5002));
#1190=EDGE_LOOP('',(#5003,#5004,#5005,#5006));
#1191=EDGE_LOOP('',(#5007,#5008,#5009,#5010));
#1192=EDGE_LOOP('',(#5011,#5012,#5013,#5014));
#1193=EDGE_LOOP('',(#5015,#5016,#5017,#5018));
#1194=EDGE_LOOP('',(#5019,#5020,#5021,#5022));
#1195=EDGE_LOOP('',(#5023,#5024,#5025,#5026));
#1196=EDGE_LOOP('',(#5027,#5028,#5029,#5030));
#1197=EDGE_LOOP('',(#5031,#5032,#5033,#5034));
#1198=EDGE_LOOP('',(#5035,#5036,#5037,#5038));
#1199=EDGE_LOOP('',(#5039,#5040,#5041,#5042));
#1200=EDGE_LOOP('',(#5043,#5044,#5045,#5046));
#1201=EDGE_LOOP('',(#5047,#5048,#5049,#5050));
#1202=EDGE_LOOP('',(#5051,#5052,#5053,#5054));
#1203=EDGE_LOOP('',(#5055,#5056,#5057,#5058));
#1204=EDGE_LOOP('',(#5059,#5060,#5061,#5062));
#1205=EDGE_LOOP('',(#5063,#5064,#5065,#5066));
#1206=EDGE_LOOP('',(#5067,#5068,#5069,#5070));
#1207=EDGE_LOOP('',(#5071,#5072,#5073,#5074));
#1208=EDGE_LOOP('',(#5075,#5076,#5077,#5078));
#1209=EDGE_LOOP('',(#5079,#5080,#5081,#5082));
#1210=EDGE_LOOP('',(#5083,#5084,#5085,#5086));
#1211=EDGE_LOOP('',(#5087,#5088,#5089,#5090));
#1212=EDGE_LOOP('',(#5091,#5092,#5093,#5094));
#1213=EDGE_LOOP('',(#5095,#5096,#5097,#5098));
#1214=EDGE_LOOP('',(#5099,#5100,#5101,#5102));
#1215=EDGE_LOOP('',(#5103,#5104,#5105,#5106,#5107,#5108,#5109,#5110,#5111,
#5112,#5113,#5114,#5115,#5116,#5117,#5118,#5119,#5120,#5121,#5122,#5123,
#5124,#5125,#5126,#5127,#5128,#5129));
#1216=EDGE_LOOP('',(#5130,#5131,#5132,#5133,#5134,#5135,#5136,#5137,#5138,
#5139));
#1217=EDGE_LOOP('',(#5140,#5141,#5142,#5143));
#1218=EDGE_LOOP('',(#5144,#5145,#5146,#5147));
#1219=EDGE_LOOP('',(#5148,#5149,#5150,#5151));
#1220=EDGE_LOOP('',(#5152,#5153,#5154,#5155));
#1221=EDGE_LOOP('',(#5156,#5157,#5158,#5159));
#1222=EDGE_LOOP('',(#5160,#5161,#5162,#5163));
#1223=EDGE_LOOP('',(#5164,#5165,#5166,#5167));
#1224=EDGE_LOOP('',(#5168,#5169,#5170,#5171));
#1225=EDGE_LOOP('',(#5172,#5173,#5174,#5175));
#1226=EDGE_LOOP('',(#5176,#5177,#5178,#5179));
#1227=EDGE_LOOP('',(#5180,#5181,#5182,#5183));
#1228=EDGE_LOOP('',(#5184,#5185,#5186,#5187));
#1229=EDGE_LOOP('',(#5188,#5189,#5190,#5191));
#1230=EDGE_LOOP('',(#5192,#5193,#5194,#5195));
#1231=EDGE_LOOP('',(#5196,#5197,#5198,#5199));
#1232=EDGE_LOOP('',(#5200,#5201,#5202,#5203));
#1233=EDGE_LOOP('',(#5204,#5205,#5206,#5207));
#1234=EDGE_LOOP('',(#5208,#5209,#5210,#5211));
#1235=EDGE_LOOP('',(#5212,#5213,#5214,#5215));
#1236=EDGE_LOOP('',(#5216,#5217,#5218,#5219,#5220,#5221,#5222,#5223,#5224,
#5225,#5226));
#1237=EDGE_LOOP('',(#5227,#5228,#5229,#5230,#5231,#5232,#5233,#5234));
#1238=EDGE_LOOP('',(#5235,#5236,#5237,#5238));
#1239=EDGE_LOOP('',(#5239,#5240,#5241,#5242));
#1240=EDGE_LOOP('',(#5243,#5244,#5245,#5246));
#1241=EDGE_LOOP('',(#5247,#5248,#5249,#5250));
#1242=EDGE_LOOP('',(#5251,#5252,#5253,#5254));
#1243=EDGE_LOOP('',(#5255,#5256,#5257,#5258));
#1244=EDGE_LOOP('',(#5259,#5260,#5261,#5262));
#1245=EDGE_LOOP('',(#5263,#5264,#5265,#5266));
#1246=EDGE_LOOP('',(#5267,#5268,#5269,#5270));
#1247=EDGE_LOOP('',(#5271,#5272,#5273,#5274));
#1248=EDGE_LOOP('',(#5275,#5276,#5277,#5278));
#1249=EDGE_LOOP('',(#5279,#5280,#5281,#5282));
#1250=EDGE_LOOP('',(#5283,#5284,#5285,#5286));
#1251=EDGE_LOOP('',(#5287,#5288,#5289,#5290,#5291,#5292,#5293,#5294,#5295,
#5296,#5297,#5298,#5299));
#1252=EDGE_LOOP('',(#5300,#5301,#5302,#5303));
#1253=EDGE_LOOP('',(#5304,#5305,#5306,#5307));
#1254=EDGE_LOOP('',(#5308,#5309,#5310,#5311));
#1255=EDGE_LOOP('',(#5312,#5313,#5314,#5315));
#1256=EDGE_LOOP('',(#5316,#5317,#5318,#5319));
#1257=EDGE_LOOP('',(#5320,#5321,#5322,#5323));
#1258=EDGE_LOOP('',(#5324,#5325,#5326,#5327));
#1259=EDGE_LOOP('',(#5328,#5329,#5330,#5331));
#1260=EDGE_LOOP('',(#5332,#5333,#5334,#5335));
#1261=EDGE_LOOP('',(#5336,#5337,#5338,#5339));
#1262=EDGE_LOOP('',(#5340,#5341,#5342,#5343));
#1263=EDGE_LOOP('',(#5344,#5345,#5346,#5347));
#1264=EDGE_LOOP('',(#5348,#5349,#5350,#5351));
#1265=EDGE_LOOP('',(#5352,#5353,#5354,#5355));
#1266=EDGE_LOOP('',(#5356,#5357,#5358,#5359));
#1267=EDGE_LOOP('',(#5360,#5361,#5362,#5363));
#1268=EDGE_LOOP('',(#5364,#5365,#5366,#5367));
#1269=EDGE_LOOP('',(#5368,#5369,#5370,#5371));
#1270=EDGE_LOOP('',(#5372,#5373,#5374,#5375));
#1271=EDGE_LOOP('',(#5376,#5377,#5378,#5379,#5380,#5381,#5382,#5383,#5384,
#5385,#5386,#5387,#5388,#5389,#5390,#5391,#5392,#5393,#5394));
#1272=EDGE_LOOP('',(#5395,#5396,#5397,#5398));
#1273=EDGE_LOOP('',(#5399,#5400,#5401,#5402));
#1274=EDGE_LOOP('',(#5403,#5404,#5405,#5406));
#1275=EDGE_LOOP('',(#5407,#5408,#5409,#5410));
#1276=EDGE_LOOP('',(#5411,#5412,#5413,#5414));
#1277=EDGE_LOOP('',(#5415,#5416,#5417,#5418));
#1278=EDGE_LOOP('',(#5419,#5420,#5421,#5422));
#1279=EDGE_LOOP('',(#5423,#5424,#5425,#5426));
#1280=EDGE_LOOP('',(#5427,#5428,#5429,#5430));
#1281=EDGE_LOOP('',(#5431,#5432,#5433,#5434));
#1282=EDGE_LOOP('',(#5435,#5436,#5437,#5438));
#1283=EDGE_LOOP('',(#5439,#5440,#5441,#5442));
#1284=EDGE_LOOP('',(#5443,#5444,#5445,#5446));
#1285=EDGE_LOOP('',(#5447,#5448,#5449,#5450));
#1286=EDGE_LOOP('',(#5451,#5452,#5453,#5454));
#1287=EDGE_LOOP('',(#5455,#5456,#5457,#5458,#5459,#5460,#5461,#5462,#5463,
#5464,#5465,#5466,#5467,#5468,#5469));
#1288=EDGE_LOOP('',(#5470,#5471,#5472,#5473));
#1289=EDGE_LOOP('',(#5474,#5475,#5476,#5477));
#1290=EDGE_LOOP('',(#5478,#5479,#5480,#5481));
#1291=EDGE_LOOP('',(#5482,#5483,#5484,#5485));
#1292=EDGE_LOOP('',(#5486,#5487,#5488,#5489));
#1293=EDGE_LOOP('',(#5490,#5491,#5492,#5493));
#1294=EDGE_LOOP('',(#5494,#5495,#5496,#5497));
#1295=EDGE_LOOP('',(#5498,#5499,#5500,#5501));
#1296=EDGE_LOOP('',(#5502,#5503,#5504,#5505));
#1297=EDGE_LOOP('',(#5506,#5507,#5508,#5509));
#1298=EDGE_LOOP('',(#5510,#5511,#5512,#5513));
#1299=EDGE_LOOP('',(#5514,#5515,#5516,#5517));
#1300=EDGE_LOOP('',(#5518,#5519,#5520,#5521));
#1301=EDGE_LOOP('',(#5522,#5523,#5524,#5525));
#1302=EDGE_LOOP('',(#5526,#5527,#5528,#5529));
#1303=EDGE_LOOP('',(#5530,#5531,#5532,#5533,#5534,#5535,#5536,#5537,#5538,
#5539,#5540,#5541,#5542,#5543,#5544));
#1304=EDGE_LOOP('',(#5545,#5546,#5547,#5548,#5549,#5550,#5551,#5552));
#1305=EDGE_LOOP('',(#5553,#5554,#5555,#5556,#5557,#5558,#5559,#5560));
#1306=EDGE_LOOP('',(#5561));
#1307=EDGE_LOOP('',(#5562,#5563,#5564,#5565,#5566,#5567,#5568,#5569));
#1308=EDGE_LOOP('',(#5570));
#1309=EDGE_LOOP('',(#5571));
#1310=EDGE_LOOP('',(#5572,#5573,#5574,#5575,#5576,#5577,#5578,#5579));
#1311=EDGE_LOOP('',(#5580,#5581,#5582,#5583,#5584,#5585,#5586,#5587));
#1312=EDGE_LOOP('',(#5588,#5589,#5590,#5591,#5592,#5593,#5594,#5595));
#1313=EDGE_LOOP('',(#5596,#5597,#5598,#5599,#5600,#5601,#5602,#5603));
#1314=EDGE_LOOP('',(#5604));
#1315=EDGE_LOOP('',(#5605));
#1316=EDGE_LOOP('',(#5606,#5607,#5608,#5609,#5610,#5611,#5612,#5613));
#1317=EDGE_LOOP('',(#5614,#5615,#5616,#5617,#5618,#5619,#5620,#5621));
#1318=EDGE_LOOP('',(#5622,#5623,#5624,#5625,#5626,#5627,#5628,#5629));
#1319=EDGE_LOOP('',(#5630,#5631,#5632,#5633,#5634,#5635,#5636,#5637));
#1320=EDGE_LOOP('',(#5638,#5639,#5640,#5641,#5642,#5643,#5644,#5645,#5646,
#5647,#5648,#5649,#5650,#5651,#5652));
#1321=EDGE_LOOP('',(#5653,#5654,#5655,#5656,#5657,#5658,#5659,#5660,#5661,
#5662,#5663,#5664,#5665,#5666,#5667));
#1322=EDGE_LOOP('',(#5668,#5669,#5670,#5671,#5672,#5673,#5674,#5675,#5676,
#5677,#5678,#5679,#5680,#5681,#5682,#5683,#5684,#5685,#5686));
#1323=EDGE_LOOP('',(#5687,#5688,#5689,#5690,#5691,#5692,#5693,#5694,#5695,
#5696,#5697,#5698,#5699));
#1324=EDGE_LOOP('',(#5700,#5701,#5702,#5703,#5704,#5705,#5706,#5707,#5708,
#5709,#5710));
#1325=EDGE_LOOP('',(#5711,#5712,#5713,#5714,#5715,#5716,#5717,#5718,#5719,
#5720,#5721,#5722,#5723,#5724,#5725,#5726,#5727,#5728,#5729,#5730,#5731,
#5732,#5733,#5734,#5735,#5736,#5737));
#1326=EDGE_LOOP('',(#5738,#5739,#5740,#5741,#5742,#5743,#5744,#5745,#5746));
#1327=EDGE_LOOP('',(#5747,#5748,#5749,#5750,#5751,#5752,#5753,#5754,#5755,
#5756,#5757,#5758,#5759,#5760));
#1328=EDGE_LOOP('',(#5761,#5762,#5763,#5764,#5765,#5766,#5767,#5768,#5769,
#5770,#5771,#5772,#5773,#5774,#5775,#5776,#5777,#5778,#5779,#5780,#5781,
#5782,#5783,#5784,#5785,#5786,#5787));
#1329=EDGE_LOOP('',(#5788,#5789,#5790,#5791,#5792,#5793,#5794,#5795,#5796,
#5797,#5798,#5799,#5800,#5801,#5802,#5803,#5804,#5805));
#1330=EDGE_LOOP('',(#5806,#5807,#5808,#5809,#5810,#5811,#5812,#5813));
#1331=EDGE_LOOP('',(#5814,#5815,#5816,#5817,#5818,#5819,#5820,#5821,#5822,
#5823));
#1332=EDGE_LOOP('',(#5824,#5825,#5826,#5827,#5828,#5829,#5830,#5831));
#1333=EDGE_LOOP('',(#5832,#5833,#5834,#5835,#5836,#5837,#5838,#5839));
#1334=EDGE_LOOP('',(#5840,#5841,#5842,#5843,#5844,#5845,#5846,#5847));
#1335=EDGE_LOOP('',(#5848,#5849,#5850,#5851,#5852,#5853,#5854,#5855));
#1336=EDGE_LOOP('',(#5856,#5857,#5858,#5859,#5860,#5861,#5862,#5863));
#1337=EDGE_LOOP('',(#5864,#5865,#5866,#5867,#5868,#5869,#5870,#5871));
#1338=EDGE_LOOP('',(#5872,#5873,#5874,#5875,#5876,#5877,#5878,#5879));
#1339=EDGE_LOOP('',(#5880));
#1340=EDGE_LOOP('',(#5881));
#1341=EDGE_LOOP('',(#5882,#5883,#5884,#5885,#5886,#5887,#5888,#5889));
#1342=EDGE_LOOP('',(#5890,#5891,#5892,#5893,#5894,#5895,#5896,#5897));
#1343=EDGE_LOOP('',(#5898,#5899,#5900,#5901,#5902,#5903,#5904,#5905));
#1344=EDGE_LOOP('',(#5906,#5907,#5908,#5909,#5910,#5911,#5912,#5913));
#1345=EDGE_LOOP('',(#5914));
#1346=EDGE_LOOP('',(#5915));
#1347=EDGE_LOOP('',(#5916,#5917,#5918,#5919,#5920,#5921,#5922,#5923));
#1348=EDGE_LOOP('',(#5924));
#1349=EDGE_LOOP('',(#5925,#5926,#5927,#5928,#5929,#5930,#5931,#5932));
#1350=EDGE_LOOP('',(#5933,#5934,#5935,#5936));
#1351=EDGE_LOOP('',(#5937,#5938,#5939,#5940));
#1352=EDGE_LOOP('',(#5941,#5942,#5943,#5944));
#1353=EDGE_LOOP('',(#5945,#5946,#5947,#5948));
#1354=EDGE_LOOP('',(#5949,#5950,#5951,#5952));
#1355=EDGE_LOOP('',(#5953,#5954,#5955,#5956));
#1356=EDGE_LOOP('',(#5957,#5958,#5959,#5960));
#1357=EDGE_LOOP('',(#5961,#5962,#5963,#5964));
#1358=EDGE_LOOP('',(#5965,#5966,#5967,#5968));
#1359=EDGE_LOOP('',(#5969,#5970,#5971,#5972));
#1360=EDGE_LOOP('',(#5973,#5974,#5975,#5976));
#1361=EDGE_LOOP('',(#5977,#5978,#5979,#5980));
#1362=EDGE_LOOP('',(#5981,#5982,#5983,#5984));
#1363=EDGE_LOOP('',(#5985,#5986,#5987,#5988));
#1364=EDGE_LOOP('',(#5989,#5990,#5991,#5992));
#1365=EDGE_LOOP('',(#5993,#5994,#5995,#5996));
#1366=EDGE_LOOP('',(#5997,#5998,#5999,#6000));
#1367=EDGE_LOOP('',(#6001,#6002,#6003,#6004));
#1368=EDGE_LOOP('',(#6005,#6006,#6007,#6008));
#1369=EDGE_LOOP('',(#6009,#6010,#6011,#6012));
#1370=EDGE_LOOP('',(#6013,#6014,#6015,#6016));
#1371=EDGE_LOOP('',(#6017,#6018,#6019,#6020));
#1372=EDGE_LOOP('',(#6021,#6022,#6023,#6024));
#1373=EDGE_LOOP('',(#6025,#6026,#6027,#6028));
#1374=EDGE_LOOP('',(#6029,#6030,#6031,#6032));
#1375=EDGE_LOOP('',(#6033,#6034,#6035,#6036));
#1376=EDGE_LOOP('',(#6037,#6038,#6039,#6040));
#1377=EDGE_LOOP('',(#6041,#6042,#6043,#6044));
#1378=EDGE_LOOP('',(#6045,#6046,#6047,#6048));
#1379=EDGE_LOOP('',(#6049,#6050,#6051,#6052));
#1380=EDGE_LOOP('',(#6053,#6054,#6055,#6056));
#1381=EDGE_LOOP('',(#6057,#6058,#6059,#6060));
#1382=EDGE_LOOP('',(#6061,#6062,#6063,#6064));
#1383=EDGE_LOOP('',(#6065,#6066,#6067,#6068));
#1384=EDGE_LOOP('',(#6069,#6070,#6071,#6072));
#1385=EDGE_LOOP('',(#6073,#6074,#6075,#6076));
#1386=EDGE_LOOP('',(#6077,#6078,#6079,#6080));
#1387=EDGE_LOOP('',(#6081,#6082,#6083,#6084));
#1388=EDGE_LOOP('',(#6085,#6086,#6087,#6088));
#1389=EDGE_LOOP('',(#6089,#6090,#6091,#6092));
#1390=EDGE_LOOP('',(#6093,#6094,#6095,#6096));
#1391=EDGE_LOOP('',(#6097,#6098,#6099,#6100));
#1392=EDGE_LOOP('',(#6101,#6102,#6103,#6104));
#1393=EDGE_LOOP('',(#6105,#6106,#6107,#6108));
#1394=EDGE_LOOP('',(#6109,#6110,#6111,#6112));
#1395=EDGE_LOOP('',(#6113,#6114,#6115,#6116));
#1396=EDGE_LOOP('',(#6117,#6118,#6119,#6120));
#1397=EDGE_LOOP('',(#6121,#6122,#6123,#6124));
#1398=EDGE_LOOP('',(#6125,#6126,#6127,#6128,#6129,#6130,#6131,#6132,#6133,
#6134));
#1399=EDGE_LOOP('',(#6135,#6136,#6137,#6138));
#1400=EDGE_LOOP('',(#6139,#6140,#6141,#6142));
#1401=EDGE_LOOP('',(#6143,#6144,#6145,#6146));
#1402=EDGE_LOOP('',(#6147,#6148,#6149,#6150));
#1403=EDGE_LOOP('',(#6151,#6152,#6153,#6154));
#1404=EDGE_LOOP('',(#6155,#6156,#6157,#6158));
#1405=EDGE_LOOP('',(#6159,#6160,#6161,#6162));
#1406=EDGE_LOOP('',(#6163,#6164,#6165,#6166));
#1407=EDGE_LOOP('',(#6167,#6168,#6169,#6170));
#1408=EDGE_LOOP('',(#6171,#6172,#6173,#6174));
#1409=EDGE_LOOP('',(#6175,#6176,#6177,#6178));
#1410=EDGE_LOOP('',(#6179,#6180,#6181,#6182));
#1411=EDGE_LOOP('',(#6183,#6184,#6185,#6186));
#1412=EDGE_LOOP('',(#6187,#6188,#6189,#6190));
#1413=EDGE_LOOP('',(#6191,#6192,#6193,#6194));
#1414=EDGE_LOOP('',(#6195,#6196,#6197,#6198));
#1415=EDGE_LOOP('',(#6199,#6200,#6201,#6202));
#1416=EDGE_LOOP('',(#6203,#6204,#6205,#6206));
#1417=EDGE_LOOP('',(#6207,#6208,#6209,#6210));
#1418=EDGE_LOOP('',(#6211,#6212,#6213,#6214));
#1419=EDGE_LOOP('',(#6215,#6216,#6217,#6218));
#1420=EDGE_LOOP('',(#6219,#6220,#6221,#6222));
#1421=EDGE_LOOP('',(#6223,#6224,#6225,#6226));
#1422=EDGE_LOOP('',(#6227,#6228,#6229,#6230));
#1423=EDGE_LOOP('',(#6231,#6232,#6233,#6234));
#1424=EDGE_LOOP('',(#6235,#6236,#6237,#6238));
#1425=EDGE_LOOP('',(#6239,#6240,#6241,#6242));
#1426=EDGE_LOOP('',(#6243,#6244,#6245,#6246));
#1427=EDGE_LOOP('',(#6247,#6248,#6249,#6250));
#1428=EDGE_LOOP('',(#6251,#6252,#6253,#6254));
#1429=EDGE_LOOP('',(#6255,#6256,#6257,#6258));
#1430=EDGE_LOOP('',(#6259,#6260,#6261,#6262));
#1431=EDGE_LOOP('',(#6263,#6264,#6265,#6266));
#1432=EDGE_LOOP('',(#6267,#6268,#6269,#6270));
#1433=EDGE_LOOP('',(#6271,#6272,#6273,#6274));
#1434=EDGE_LOOP('',(#6275,#6276,#6277,#6278));
#1435=EDGE_LOOP('',(#6279,#6280,#6281,#6282));
#1436=EDGE_LOOP('',(#6283,#6284,#6285,#6286));
#1437=EDGE_LOOP('',(#6287,#6288,#6289,#6290));
#1438=EDGE_LOOP('',(#6291,#6292,#6293,#6294));
#1439=EDGE_LOOP('',(#6295,#6296,#6297,#6298));
#1440=EDGE_LOOP('',(#6299,#6300,#6301,#6302));
#1441=EDGE_LOOP('',(#6303,#6304,#6305,#6306));
#1442=EDGE_LOOP('',(#6307,#6308,#6309,#6310));
#1443=EDGE_LOOP('',(#6311,#6312,#6313,#6314));
#1444=LINE('',#8332,#2009);
#1445=LINE('',#8335,#2010);
#1446=LINE('',#8338,#2011);
#1447=LINE('',#8342,#2012);
#1448=LINE('',#8346,#2013);
#1449=LINE('',#8350,#2014);
#1450=LINE('',#8352,#2015);
#1451=LINE('',#8354,#2016);
#1452=LINE('',#8356,#2017);
#1453=LINE('',#8358,#2018);
#1454=LINE('',#8360,#2019);
#1455=LINE('',#8362,#2020);
#1456=LINE('',#8364,#2021);
#1457=LINE('',#8365,#2022);
#1458=LINE('',#8376,#2023);
#1459=LINE('',#8377,#2024);
#1460=LINE('',#8381,#2025);
#1461=LINE('',#8384,#2026);
#1462=LINE('',#8387,#2027);
#1463=LINE('',#8390,#2028);
#1464=LINE('',#8391,#2029);
#1465=LINE('',#8394,#2030);
#1466=LINE('',#8397,#2031);
#1467=LINE('',#8400,#2032);
#1468=LINE('',#8402,#2033);
#1469=LINE('',#8403,#2034);
#1470=LINE('',#8406,#2035);
#1471=LINE('',#8408,#2036);
#1472=LINE('',#8409,#2037);
#1473=LINE('',#8411,#2038);
#1474=LINE('',#8412,#2039);
#1475=LINE('',#8415,#2040);
#1476=LINE('',#8417,#2041);
#1477=LINE('',#8418,#2042);
#1478=LINE('',#8422,#2043);
#1479=LINE('',#8423,#2044);
#1480=LINE('',#8424,#2045);
#1481=LINE('',#8426,#2046);
#1482=LINE('',#8431,#2047);
#1483=LINE('',#8437,#2048);
#1484=LINE('',#8443,#2049);
#1485=LINE('',#8449,#2050);
#1486=LINE('',#8452,#2051);
#1487=LINE('',#8455,#2052);
#1488=LINE('',#8459,#2053);
#1489=LINE('',#8464,#2054);
#1490=LINE('',#8469,#2055);
#1491=LINE('',#8474,#2056);
#1492=LINE('',#8497,#2057);
#1493=LINE('',#8504,#2058);
#1494=LINE('',#8522,#2059);
#1495=LINE('',#8545,#2060);
#1496=LINE('',#8553,#2061);
#1497=LINE('',#8555,#2062);
#1498=LINE('',#8556,#2063);
#1499=LINE('',#8559,#2064);
#1500=LINE('',#8561,#2065);
#1501=LINE('',#8562,#2066);
#1502=LINE('',#8565,#2067);
#1503=LINE('',#8567,#2068);
#1504=LINE('',#8568,#2069);
#1505=LINE('',#8586,#2070);
#1506=LINE('',#8609,#2071);
#1507=LINE('',#8617,#2072);
#1508=LINE('',#8619,#2073);
#1509=LINE('',#8620,#2074);
#1510=LINE('',#8623,#2075);
#1511=LINE('',#8625,#2076);
#1512=LINE('',#8626,#2077);
#1513=LINE('',#8629,#2078);
#1514=LINE('',#8631,#2079);
#1515=LINE('',#8632,#2080);
#1516=LINE('',#8650,#2081);
#1517=LINE('',#8673,#2082);
#1518=LINE('',#8696,#2083);
#1519=LINE('',#8719,#2084);
#1520=LINE('',#8742,#2085);
#1521=LINE('',#8750,#2086);
#1522=LINE('',#8752,#2087);
#1523=LINE('',#8753,#2088);
#1524=LINE('',#8793,#2089);
#1525=LINE('',#8800,#2090);
#1526=LINE('',#8818,#2091);
#1527=LINE('',#8841,#2092);
#1528=LINE('',#8864,#2093);
#1529=LINE('',#8887,#2094);
#1530=LINE('',#8910,#2095);
#1531=LINE('',#8933,#2096);
#1532=LINE('',#8956,#2097);
#1533=LINE('',#8979,#2098);
#1534=LINE('',#8986,#2099);
#1535=LINE('',#8987,#2100);
#1536=LINE('',#8991,#2101);
#1537=LINE('',#8993,#2102);
#1538=LINE('',#8995,#2103);
#1539=LINE('',#8996,#2104);
#1540=LINE('',#9014,#2105);
#1541=LINE('',#9037,#2106);
#1542=LINE('',#9045,#2107);
#1543=LINE('',#9047,#2108);
#1544=LINE('',#9048,#2109);
#1545=LINE('',#9066,#2110);
#1546=LINE('',#9089,#2111);
#1547=LINE('',#9112,#2112);
#1548=LINE('',#9135,#2113);
#1549=LINE('',#9158,#2114);
#1550=LINE('',#9181,#2115);
#1551=LINE('',#9204,#2116);
#1552=LINE('',#9212,#2117);
#1553=LINE('',#9214,#2118);
#1554=LINE('',#9215,#2119);
#1555=LINE('',#9233,#2120);
#1556=LINE('',#9256,#2121);
#1557=LINE('',#9279,#2122);
#1558=LINE('',#9302,#2123);
#1559=LINE('',#9325,#2124);
#1560=LINE('',#9348,#2125);
#1561=LINE('',#9371,#2126);
#1562=LINE('',#9394,#2127);
#1563=LINE('',#9417,#2128);
#1564=LINE('',#9440,#2129);
#1565=LINE('',#9463,#2130);
#1566=LINE('',#9486,#2131);
#1567=LINE('',#9509,#2132);
#1568=LINE('',#9532,#2133);
#1569=LINE('',#9577,#2134);
#1570=LINE('',#9584,#2135);
#1571=LINE('',#9602,#2136);
#1572=LINE('',#9625,#2137);
#1573=LINE('',#9648,#2138);
#1574=LINE('',#9671,#2139);
#1575=LINE('',#9694,#2140);
#1576=LINE('',#9717,#2141);
#1577=LINE('',#9746,#2142);
#1578=LINE('',#9748,#2143);
#1579=LINE('',#9750,#2144);
#1580=LINE('',#9751,#2145);
#1581=LINE('',#9754,#2146);
#1582=LINE('',#9756,#2147);
#1583=LINE('',#9757,#2148);
#1584=LINE('',#9760,#2149);
#1585=LINE('',#9762,#2150);
#1586=LINE('',#9763,#2151);
#1587=LINE('',#9781,#2152);
#1588=LINE('',#9804,#2153);
#1589=LINE('',#9827,#2154);
#1590=LINE('',#9850,#2155);
#1591=LINE('',#9873,#2156);
#1592=LINE('',#9896,#2157);
#1593=LINE('',#9919,#2158);
#1594=LINE('',#9942,#2159);
#1595=LINE('',#9965,#2160);
#1596=LINE('',#9973,#2161);
#1597=LINE('',#9975,#2162);
#1598=LINE('',#9976,#2163);
#1599=LINE('',#9978,#2164);
#1600=LINE('',#9979,#2165);
#1601=LINE('',#9999,#2166);
#1602=LINE('',#10006,#2167);
#1603=LINE('',#10024,#2168);
#1604=LINE('',#10047,#2169);
#1605=LINE('',#10070,#2170);
#1606=LINE('',#10093,#2171);
#1607=LINE('',#10116,#2172);
#1608=LINE('',#10139,#2173);
#1609=LINE('',#10183,#2174);
#1610=LINE('',#10190,#2175);
#1611=LINE('',#10208,#2176);
#1612=LINE('',#10231,#2177);
#1613=LINE('',#10254,#2178);
#1614=LINE('',#10277,#2179);
#1615=LINE('',#10300,#2180);
#1616=LINE('',#10323,#2181);
#1617=LINE('',#10346,#2182);
#1618=LINE('',#10391,#2183);
#1619=LINE('',#10398,#2184);
#1620=LINE('',#10416,#2185);
#1621=LINE('',#10439,#2186);
#1622=LINE('',#10462,#2187);
#1623=LINE('',#10485,#2188);
#1624=LINE('',#10508,#2189);
#1625=LINE('',#10531,#2190);
#1626=LINE('',#10554,#2191);
#1627=LINE('',#10577,#2192);
#1628=LINE('',#10584,#2193);
#1629=LINE('',#10585,#2194);
#1630=LINE('',#10589,#2195);
#1631=LINE('',#10591,#2196);
#1632=LINE('',#10593,#2197);
#1633=LINE('',#10594,#2198);
#1634=LINE('',#10612,#2199);
#1635=LINE('',#10635,#2200);
#1636=LINE('',#10643,#2201);
#1637=LINE('',#10645,#2202);
#1638=LINE('',#10646,#2203);
#1639=LINE('',#10664,#2204);
#1640=LINE('',#10687,#2205);
#1641=LINE('',#10710,#2206);
#1642=LINE('',#10733,#2207);
#1643=LINE('',#10756,#2208);
#1644=LINE('',#10779,#2209);
#1645=LINE('',#10802,#2210);
#1646=LINE('',#10810,#2211);
#1647=LINE('',#10812,#2212);
#1648=LINE('',#10813,#2213);
#1649=LINE('',#10831,#2214);
#1650=LINE('',#10854,#2215);
#1651=LINE('',#10877,#2216);
#1652=LINE('',#10900,#2217);
#1653=LINE('',#10923,#2218);
#1654=LINE('',#10946,#2219);
#1655=LINE('',#10969,#2220);
#1656=LINE('',#10992,#2221);
#1657=LINE('',#11015,#2222);
#1658=LINE('',#11038,#2223);
#1659=LINE('',#11061,#2224);
#1660=LINE('',#11084,#2225);
#1661=LINE('',#11107,#2226);
#1662=LINE('',#11130,#2227);
#1663=LINE('',#11160,#2228);
#1664=LINE('',#11162,#2229);
#1665=LINE('',#11164,#2230);
#1666=LINE('',#11165,#2231);
#1667=LINE('',#11183,#2232);
#1668=LINE('',#11206,#2233);
#1669=LINE('',#11229,#2234);
#1670=LINE('',#11252,#2235);
#1671=LINE('',#11275,#2236);
#1672=LINE('',#11283,#2237);
#1673=LINE('',#11285,#2238);
#1674=LINE('',#11286,#2239);
#1675=LINE('',#11288,#2240);
#1676=LINE('',#11289,#2241);
#1677=LINE('',#11293,#2242);
#1678=LINE('',#11295,#2243);
#1679=LINE('',#11297,#2244);
#1680=LINE('',#11298,#2245);
#1681=LINE('',#11301,#2246);
#1682=LINE('',#11303,#2247);
#1683=LINE('',#11304,#2248);
#1684=LINE('',#11322,#2249);
#1685=LINE('',#11345,#2250);
#1686=LINE('',#11368,#2251);
#1687=LINE('',#11391,#2252);
#1688=LINE('',#11414,#2253);
#1689=LINE('',#11437,#2254);
#1690=LINE('',#11445,#2255);
#1691=LINE('',#11447,#2256);
#1692=LINE('',#11448,#2257);
#1693=LINE('',#11451,#2258);
#1694=LINE('',#11453,#2259);
#1695=LINE('',#11454,#2260);
#1696=LINE('',#11456,#2261);
#1697=LINE('',#11457,#2262);
#1698=LINE('',#11462,#2263);
#1699=LINE('',#11464,#2264);
#1700=LINE('',#11466,#2265);
#1701=LINE('',#11467,#2266);
#1702=LINE('',#11485,#2267);
#1703=LINE('',#11508,#2268);
#1704=LINE('',#11531,#2269);
#1705=LINE('',#11554,#2270);
#1706=LINE('',#11562,#2271);
#1707=LINE('',#11564,#2272);
#1708=LINE('',#11565,#2273);
#1709=LINE('',#11583,#2274);
#1710=LINE('',#11606,#2275);
#1711=LINE('',#11629,#2276);
#1712=LINE('',#11637,#2277);
#1713=LINE('',#11639,#2278);
#1714=LINE('',#11640,#2279);
#1715=LINE('',#11643,#2280);
#1716=LINE('',#11645,#2281);
#1717=LINE('',#11646,#2282);
#1718=LINE('',#11649,#2283);
#1719=LINE('',#11651,#2284);
#1720=LINE('',#11652,#2285);
#1721=LINE('',#11654,#2286);
#1722=LINE('',#11655,#2287);
#1723=LINE('',#11675,#2288);
#1724=LINE('',#11682,#2289);
#1725=LINE('',#11700,#2290);
#1726=LINE('',#11723,#2291);
#1727=LINE('',#11746,#2292);
#1728=LINE('',#11769,#2293);
#1729=LINE('',#11792,#2294);
#1730=LINE('',#11815,#2295);
#1731=LINE('',#11823,#2296);
#1732=LINE('',#11825,#2297);
#1733=LINE('',#11826,#2298);
#1734=LINE('',#11844,#2299);
#1735=LINE('',#11867,#2300);
#1736=LINE('',#11890,#2301);
#1737=LINE('',#11913,#2302);
#1738=LINE('',#11936,#2303);
#1739=LINE('',#11959,#2304);
#1740=LINE('',#11982,#2305);
#1741=LINE('',#12005,#2306);
#1742=LINE('',#12028,#2307);
#1743=LINE('',#12036,#2308);
#1744=LINE('',#12038,#2309);
#1745=LINE('',#12039,#2310);
#1746=LINE('',#12064,#2311);
#1747=LINE('',#12066,#2312);
#1748=LINE('',#12068,#2313);
#1749=LINE('',#12069,#2314);
#1750=LINE('',#12072,#2315);
#1751=LINE('',#12074,#2316);
#1752=LINE('',#12075,#2317);
#1753=LINE('',#12078,#2318);
#1754=LINE('',#12080,#2319);
#1755=LINE('',#12081,#2320);
#1756=LINE('',#12084,#2321);
#1757=LINE('',#12086,#2322);
#1758=LINE('',#12087,#2323);
#1759=LINE('',#12090,#2324);
#1760=LINE('',#12092,#2325);
#1761=LINE('',#12093,#2326);
#1762=LINE('',#12096,#2327);
#1763=LINE('',#12098,#2328);
#1764=LINE('',#12099,#2329);
#1765=LINE('',#12102,#2330);
#1766=LINE('',#12104,#2331);
#1767=LINE('',#12105,#2332);
#1768=LINE('',#12108,#2333);
#1769=LINE('',#12110,#2334);
#1770=LINE('',#12111,#2335);
#1771=LINE('',#12114,#2336);
#1772=LINE('',#12116,#2337);
#1773=LINE('',#12117,#2338);
#1774=LINE('',#12135,#2339);
#1775=LINE('',#12158,#2340);
#1776=LINE('',#12166,#2341);
#1777=LINE('',#12168,#2342);
#1778=LINE('',#12169,#2343);
#1779=LINE('',#12172,#2344);
#1780=LINE('',#12174,#2345);
#1781=LINE('',#12175,#2346);
#1782=LINE('',#12178,#2347);
#1783=LINE('',#12180,#2348);
#1784=LINE('',#12181,#2349);
#1785=LINE('',#12183,#2350);
#1786=LINE('',#12184,#2351);
#1787=LINE('',#12189,#2352);
#1788=LINE('',#12191,#2353);
#1789=LINE('',#12193,#2354);
#1790=LINE('',#12194,#2355);
#1791=LINE('',#12197,#2356);
#1792=LINE('',#12199,#2357);
#1793=LINE('',#12200,#2358);
#1794=LINE('',#12203,#2359);
#1795=LINE('',#12205,#2360);
#1796=LINE('',#12206,#2361);
#1797=LINE('',#12209,#2362);
#1798=LINE('',#12211,#2363);
#1799=LINE('',#12212,#2364);
#1800=LINE('',#12215,#2365);
#1801=LINE('',#12217,#2366);
#1802=LINE('',#12218,#2367);
#1803=LINE('',#12221,#2368);
#1804=LINE('',#12223,#2369);
#1805=LINE('',#12224,#2370);
#1806=LINE('',#12227,#2371);
#1807=LINE('',#12229,#2372);
#1808=LINE('',#12230,#2373);
#1809=LINE('',#12233,#2374);
#1810=LINE('',#12235,#2375);
#1811=LINE('',#12236,#2376);
#1812=LINE('',#12239,#2377);
#1813=LINE('',#12241,#2378);
#1814=LINE('',#12242,#2379);
#1815=LINE('',#12260,#2380);
#1816=LINE('',#12283,#2381);
#1817=LINE('',#12291,#2382);
#1818=LINE('',#12293,#2383);
#1819=LINE('',#12294,#2384);
#1820=LINE('',#12297,#2385);
#1821=LINE('',#12299,#2386);
#1822=LINE('',#12300,#2387);
#1823=LINE('',#12303,#2388);
#1824=LINE('',#12305,#2389);
#1825=LINE('',#12306,#2390);
#1826=LINE('',#12308,#2391);
#1827=LINE('',#12309,#2392);
#1828=LINE('',#12316,#2393);
#1829=LINE('',#12320,#2394);
#1830=LINE('',#12324,#2395);
#1831=LINE('',#12327,#2396);
#1832=LINE('',#12332,#2397);
#1833=LINE('',#12336,#2398);
#1834=LINE('',#12340,#2399);
#1835=LINE('',#12343,#2400);
#1836=LINE('',#12350,#2401);
#1837=LINE('',#12354,#2402);
#1838=LINE('',#12358,#2403);
#1839=LINE('',#12361,#2404);
#1840=LINE('',#12370,#2405);
#1841=LINE('',#12374,#2406);
#1842=LINE('',#12378,#2407);
#1843=LINE('',#12381,#2408);
#1844=LINE('',#12386,#2409);
#1845=LINE('',#12390,#2410);
#1846=LINE('',#12394,#2411);
#1847=LINE('',#12397,#2412);
#1848=LINE('',#12402,#2413);
#1849=LINE('',#12406,#2414);
#1850=LINE('',#12410,#2415);
#1851=LINE('',#12413,#2416);
#1852=LINE('',#12418,#2417);
#1853=LINE('',#12422,#2418);
#1854=LINE('',#12426,#2419);
#1855=LINE('',#12429,#2420);
#1856=LINE('',#12438,#2421);
#1857=LINE('',#12442,#2422);
#1858=LINE('',#12446,#2423);
#1859=LINE('',#12449,#2424);
#1860=LINE('',#12454,#2425);
#1861=LINE('',#12458,#2426);
#1862=LINE('',#12462,#2427);
#1863=LINE('',#12465,#2428);
#1864=LINE('',#12470,#2429);
#1865=LINE('',#12474,#2430);
#1866=LINE('',#12478,#2431);
#1867=LINE('',#12481,#2432);
#1868=LINE('',#12486,#2433);
#1869=LINE('',#12490,#2434);
#1870=LINE('',#12494,#2435);
#1871=LINE('',#12497,#2436);
#1872=LINE('',#12507,#2437);
#1873=LINE('',#12511,#2438);
#1874=LINE('',#12515,#2439);
#1875=LINE('',#12518,#2440);
#1876=LINE('',#12523,#2441);
#1877=LINE('',#12527,#2442);
#1878=LINE('',#12531,#2443);
#1879=LINE('',#12534,#2444);
#1880=LINE('',#12539,#2445);
#1881=LINE('',#12543,#2446);
#1882=LINE('',#12547,#2447);
#1883=LINE('',#12550,#2448);
#1884=LINE('',#12555,#2449);
#1885=LINE('',#12559,#2450);
#1886=LINE('',#12563,#2451);
#1887=LINE('',#12566,#2452);
#1888=LINE('',#12571,#2453);
#1889=LINE('',#12575,#2454);
#1890=LINE('',#12579,#2455);
#1891=LINE('',#12582,#2456);
#1892=LINE('',#12591,#2457);
#1893=LINE('',#12595,#2458);
#1894=LINE('',#12599,#2459);
#1895=LINE('',#12602,#2460);
#1896=LINE('',#12607,#2461);
#1897=LINE('',#12611,#2462);
#1898=LINE('',#12615,#2463);
#1899=LINE('',#12618,#2464);
#1900=LINE('',#12623,#2465);
#1901=LINE('',#12627,#2466);
#1902=LINE('',#12631,#2467);
#1903=LINE('',#12634,#2468);
#1904=LINE('',#12637,#2469);
#1905=LINE('',#12641,#2470);
#1906=LINE('',#12645,#2471);
#1907=LINE('',#12649,#2472);
#1908=LINE('',#12659,#2473);
#1909=LINE('',#12663,#2474);
#1910=LINE('',#12667,#2475);
#1911=LINE('',#12670,#2476);
#1912=LINE('',#12677,#2477);
#1913=LINE('',#12681,#2478);
#1914=LINE('',#12685,#2479);
#1915=LINE('',#12688,#2480);
#1916=LINE('',#12690,#2481);
#1917=LINE('',#12691,#2482);
#1918=LINE('',#12693,#2483);
#1919=LINE('',#12695,#2484);
#1920=LINE('',#12697,#2485);
#1921=LINE('',#12699,#2486);
#1922=LINE('',#12700,#2487);
#1923=LINE('',#12702,#2488);
#1924=LINE('',#12704,#2489);
#1925=LINE('',#12706,#2490);
#1926=LINE('',#12708,#2491);
#1927=LINE('',#12709,#2492);
#1928=LINE('',#12711,#2493);
#1929=LINE('',#12713,#2494);
#1930=LINE('',#12715,#2495);
#1931=LINE('',#12717,#2496);
#1932=LINE('',#12718,#2497);
#1933=LINE('',#12720,#2498);
#1934=LINE('',#12722,#2499);
#1935=LINE('',#12724,#2500);
#1936=LINE('',#12726,#2501);
#1937=LINE('',#12727,#2502);
#1938=LINE('',#12729,#2503);
#1939=LINE('',#12731,#2504);
#1940=LINE('',#12733,#2505);
#1941=LINE('',#12735,#2506);
#1942=LINE('',#12736,#2507);
#1943=LINE('',#12738,#2508);
#1944=LINE('',#12740,#2509);
#1945=LINE('',#12742,#2510);
#1946=LINE('',#12744,#2511);
#1947=LINE('',#12745,#2512);
#1948=LINE('',#12747,#2513);
#1949=LINE('',#12749,#2514);
#1950=LINE('',#12751,#2515);
#1951=LINE('',#12753,#2516);
#1952=LINE('',#12754,#2517);
#1953=LINE('',#12756,#2518);
#1954=LINE('',#12758,#2519);
#1955=LINE('',#12760,#2520);
#1956=LINE('',#12762,#2521);
#1957=LINE('',#12763,#2522);
#1958=LINE('',#12765,#2523);
#1959=LINE('',#12767,#2524);
#1960=LINE('',#12769,#2525);
#1961=LINE('',#12771,#2526);
#1962=LINE('',#12772,#2527);
#1963=LINE('',#12774,#2528);
#1964=LINE('',#12776,#2529);
#1965=LINE('',#12778,#2530);
#1966=LINE('',#12780,#2531);
#1967=LINE('',#12781,#2532);
#1968=LINE('',#12783,#2533);
#1969=LINE('',#12785,#2534);
#1970=LINE('',#12787,#2535);
#1971=LINE('',#12789,#2536);
#1972=LINE('',#12790,#2537);
#1973=LINE('',#12792,#2538);
#1974=LINE('',#12797,#2539);
#1975=LINE('',#12799,#2540);
#1976=LINE('',#12801,#2541);
#1977=LINE('',#12803,#2542);
#1978=LINE('',#12805,#2543);
#1979=LINE('',#12807,#2544);
#1980=LINE('',#12810,#2545);
#1981=LINE('',#12812,#2546);
#1982=LINE('',#12814,#2547);
#1983=LINE('',#12816,#2548);
#1984=LINE('',#12819,#2549);
#1985=LINE('',#12821,#2550);
#1986=LINE('',#12823,#2551);
#1987=LINE('',#12825,#2552);
#1988=LINE('',#12827,#2553);
#1989=LINE('',#12830,#2554);
#1990=LINE('',#12832,#2555);
#1991=LINE('',#12834,#2556);
#1992=LINE('',#12837,#2557);
#1993=LINE('',#12839,#2558);
#1994=LINE('',#12841,#2559);
#1995=LINE('',#12844,#2560);
#1996=LINE('',#12846,#2561);
#1997=LINE('',#12848,#2562);
#1998=LINE('',#12850,#2563);
#1999=LINE('',#12852,#2564);
#2000=LINE('',#12855,#2565);
#2001=LINE('',#12857,#2566);
#2002=LINE('',#12859,#2567);
#2003=LINE('',#12862,#2568);
#2004=LINE('',#12864,#2569);
#2005=LINE('',#12866,#2570);
#2006=LINE('',#12869,#2571);
#2007=LINE('',#12871,#2572);
#2008=LINE('',#12873,#2573);
#2009=VECTOR('',#7104,10.);
#2010=VECTOR('',#7107,10.);
#2011=VECTOR('',#7110,10.);
#2012=VECTOR('',#7113,10.);
#2013=VECTOR('',#7116,10.);
#2014=VECTOR('',#7119,10.);
#2015=VECTOR('',#7120,10.);
#2016=VECTOR('',#7121,10.);
#2017=VECTOR('',#7122,10.);
#2018=VECTOR('',#7123,10.);
#2019=VECTOR('',#7124,10.);
#2020=VECTOR('',#7125,10.);
#2021=VECTOR('',#7126,10.);
#2022=VECTOR('',#7127,10.);
#2023=VECTOR('',#7138,10.);
#2024=VECTOR('',#7139,10.);
#2025=VECTOR('',#7144,10.);
#2026=VECTOR('',#7147,10.);
#2027=VECTOR('',#7150,10.);
#2028=VECTOR('',#7153,10.);
#2029=VECTOR('',#7154,10.);
#2030=VECTOR('',#7157,10.);
#2031=VECTOR('',#7162,10.);
#2032=VECTOR('',#7165,10.);
#2033=VECTOR('',#7166,10.);
#2034=VECTOR('',#7167,10.);
#2035=VECTOR('',#7170,10.);
#2036=VECTOR('',#7171,10.);
#2037=VECTOR('',#7172,10.);
#2038=VECTOR('',#7175,10.);
#2039=VECTOR('',#7176,10.);
#2040=VECTOR('',#7179,10.);
#2041=VECTOR('',#7180,10.);
#2042=VECTOR('',#7181,10.);
#2043=VECTOR('',#7184,10.);
#2044=VECTOR('',#7185,10.);
#2045=VECTOR('',#7186,10.);
#2046=VECTOR('',#7189,10.);
#2047=VECTOR('',#7194,2.99999999999999);
#2048=VECTOR('',#7201,3.);
#2049=VECTOR('',#7208,3.00000000000001);
#2050=VECTOR('',#7215,3.);
#2051=VECTOR('',#7220,10.);
#2052=VECTOR('',#7225,10.);
#2053=VECTOR('',#7230,1.7);
#2054=VECTOR('',#7237,1.7);
#2055=VECTOR('',#7244,1.7);
#2056=VECTOR('',#7251,1.7);
#2057=VECTOR('',#7260,10.);
#2058=VECTOR('',#7261,10.);
#2059=VECTOR('',#7262,10.);
#2060=VECTOR('',#7263,10.);
#2061=VECTOR('',#7266,10.);
#2062=VECTOR('',#7267,10.);
#2063=VECTOR('',#7268,10.);
#2064=VECTOR('',#7271,10.);
#2065=VECTOR('',#7272,10.);
#2066=VECTOR('',#7273,10.);
#2067=VECTOR('',#7276,10.);
#2068=VECTOR('',#7277,10.);
#2069=VECTOR('',#7278,10.);
#2070=VECTOR('',#7279,10.);
#2071=VECTOR('',#7280,10.);
#2072=VECTOR('',#7283,10.);
#2073=VECTOR('',#7284,10.);
#2074=VECTOR('',#7285,10.);
#2075=VECTOR('',#7288,10.);
#2076=VECTOR('',#7289,10.);
#2077=VECTOR('',#7290,10.);
#2078=VECTOR('',#7293,10.);
#2079=VECTOR('',#7294,10.);
#2080=VECTOR('',#7295,10.);
#2081=VECTOR('',#7296,10.);
#2082=VECTOR('',#7297,10.);
#2083=VECTOR('',#7298,10.);
#2084=VECTOR('',#7299,10.);
#2085=VECTOR('',#7300,10.);
#2086=VECTOR('',#7303,10.);
#2087=VECTOR('',#7304,10.);
#2088=VECTOR('',#7305,10.);
#2089=VECTOR('',#7308,10.);
#2090=VECTOR('',#7309,10.);
#2091=VECTOR('',#7310,10.);
#2092=VECTOR('',#7311,10.);
#2093=VECTOR('',#7312,10.);
#2094=VECTOR('',#7313,10.);
#2095=VECTOR('',#7314,10.);
#2096=VECTOR('',#7315,10.);
#2097=VECTOR('',#7316,10.);
#2098=VECTOR('',#7317,10.);
#2099=VECTOR('',#7320,10.);
#2100=VECTOR('',#7321,10.);
#2101=VECTOR('',#7324,10.);
#2102=VECTOR('',#7325,10.);
#2103=VECTOR('',#7326,10.);
#2104=VECTOR('',#7327,10.);
#2105=VECTOR('',#7328,10.);
#2106=VECTOR('',#7329,10.);
#2107=VECTOR('',#7332,10.);
#2108=VECTOR('',#7333,10.);
#2109=VECTOR('',#7334,10.);
#2110=VECTOR('',#7335,10.);
#2111=VECTOR('',#7336,10.);
#2112=VECTOR('',#7337,10.);
#2113=VECTOR('',#7338,10.);
#2114=VECTOR('',#7339,10.);
#2115=VECTOR('',#7340,10.);
#2116=VECTOR('',#7341,10.);
#2117=VECTOR('',#7344,10.);
#2118=VECTOR('',#7345,10.);
#2119=VECTOR('',#7346,10.);
#2120=VECTOR('',#7347,10.);
#2121=VECTOR('',#7348,10.);
#2122=VECTOR('',#7349,10.);
#2123=VECTOR('',#7350,10.);
#2124=VECTOR('',#7351,10.);
#2125=VECTOR('',#7352,10.);
#2126=VECTOR('',#7353,10.);
#2127=VECTOR('',#7354,10.);
#2128=VECTOR('',#7355,10.);
#2129=VECTOR('',#7356,10.);
#2130=VECTOR('',#7357,10.);
#2131=VECTOR('',#7358,10.);
#2132=VECTOR('',#7359,10.);
#2133=VECTOR('',#7360,10.);
#2134=VECTOR('',#7363,10.);
#2135=VECTOR('',#7364,10.);
#2136=VECTOR('',#7365,10.);
#2137=VECTOR('',#7366,10.);
#2138=VECTOR('',#7367,10.);
#2139=VECTOR('',#7368,10.);
#2140=VECTOR('',#7369,10.);
#2141=VECTOR('',#7370,10.);
#2142=VECTOR('',#7373,10.);
#2143=VECTOR('',#7374,10.);
#2144=VECTOR('',#7375,10.);
#2145=VECTOR('',#7376,10.);
#2146=VECTOR('',#7379,10.);
#2147=VECTOR('',#7380,10.);
#2148=VECTOR('',#7381,10.);
#2149=VECTOR('',#7384,10.);
#2150=VECTOR('',#7385,10.);
#2151=VECTOR('',#7386,10.);
#2152=VECTOR('',#7387,10.);
#2153=VECTOR('',#7388,10.);
#2154=VECTOR('',#7389,10.);
#2155=VECTOR('',#7390,10.);
#2156=VECTOR('',#7391,10.);
#2157=VECTOR('',#7392,10.);
#2158=VECTOR('',#7393,10.);
#2159=VECTOR('',#7394,10.);
#2160=VECTOR('',#7395,10.);
#2161=VECTOR('',#7398,10.);
#2162=VECTOR('',#7399,10.);
#2163=VECTOR('',#7400,10.);
#2164=VECTOR('',#7403,10.);
#2165=VECTOR('',#7404,10.);
#2166=VECTOR('',#7407,10.);
#2167=VECTOR('',#7408,10.);
#2168=VECTOR('',#7409,10.);
#2169=VECTOR('',#7410,10.);
#2170=VECTOR('',#7411,10.);
#2171=VECTOR('',#7412,10.);
#2172=VECTOR('',#7413,10.);
#2173=VECTOR('',#7414,10.);
#2174=VECTOR('',#7415,10.);
#2175=VECTOR('',#7416,10.);
#2176=VECTOR('',#7417,10.);
#2177=VECTOR('',#7418,10.);
#2178=VECTOR('',#7419,10.);
#2179=VECTOR('',#7420,10.);
#2180=VECTOR('',#7421,10.);
#2181=VECTOR('',#7422,10.);
#2182=VECTOR('',#7423,10.);
#2183=VECTOR('',#7426,10.);
#2184=VECTOR('',#7427,10.);
#2185=VECTOR('',#7428,10.);
#2186=VECTOR('',#7429,10.);
#2187=VECTOR('',#7430,10.);
#2188=VECTOR('',#7431,10.);
#2189=VECTOR('',#7432,10.);
#2190=VECTOR('',#7433,10.);
#2191=VECTOR('',#7434,10.);
#2192=VECTOR('',#7435,10.);
#2193=VECTOR('',#7438,10.);
#2194=VECTOR('',#7439,10.);
#2195=VECTOR('',#7442,10.);
#2196=VECTOR('',#7443,10.);
#2197=VECTOR('',#7444,10.);
#2198=VECTOR('',#7445,10.);
#2199=VECTOR('',#7446,10.);
#2200=VECTOR('',#7447,10.);
#2201=VECTOR('',#7450,10.);
#2202=VECTOR('',#7451,10.);
#2203=VECTOR('',#7452,10.);
#2204=VECTOR('',#7453,10.);
#2205=VECTOR('',#7454,10.);
#2206=VECTOR('',#7455,10.);
#2207=VECTOR('',#7456,10.);
#2208=VECTOR('',#7457,10.);
#2209=VECTOR('',#7458,10.);
#2210=VECTOR('',#7459,10.);
#2211=VECTOR('',#7462,10.);
#2212=VECTOR('',#7463,10.);
#2213=VECTOR('',#7464,10.);
#2214=VECTOR('',#7465,10.);
#2215=VECTOR('',#7466,10.);
#2216=VECTOR('',#7467,10.);
#2217=VECTOR('',#7468,10.);
#2218=VECTOR('',#7469,10.);
#2219=VECTOR('',#7470,10.);
#2220=VECTOR('',#7471,10.);
#2221=VECTOR('',#7472,10.);
#2222=VECTOR('',#7473,10.);
#2223=VECTOR('',#7474,10.);
#2224=VECTOR('',#7475,10.);
#2225=VECTOR('',#7476,10.);
#2226=VECTOR('',#7477,10.);
#2227=VECTOR('',#7478,10.);
#2228=VECTOR('',#7483,10.);
#2229=VECTOR('',#7484,10.);
#2230=VECTOR('',#7485,10.);
#2231=VECTOR('',#7486,10.);
#2232=VECTOR('',#7487,10.);
#2233=VECTOR('',#7488,10.);
#2234=VECTOR('',#7489,10.);
#2235=VECTOR('',#7490,10.);
#2236=VECTOR('',#7491,10.);
#2237=VECTOR('',#7494,10.);
#2238=VECTOR('',#7495,10.);
#2239=VECTOR('',#7496,10.);
#2240=VECTOR('',#7499,10.);
#2241=VECTOR('',#7500,10.);
#2242=VECTOR('',#7503,10.);
#2243=VECTOR('',#7504,10.);
#2244=VECTOR('',#7505,10.);
#2245=VECTOR('',#7506,10.);
#2246=VECTOR('',#7509,10.);
#2247=VECTOR('',#7510,10.);
#2248=VECTOR('',#7511,10.);
#2249=VECTOR('',#7512,10.);
#2250=VECTOR('',#7513,10.);
#2251=VECTOR('',#7514,10.);
#2252=VECTOR('',#7515,10.);
#2253=VECTOR('',#7516,10.);
#2254=VECTOR('',#7517,10.);
#2255=VECTOR('',#7520,10.);
#2256=VECTOR('',#7521,10.);
#2257=VECTOR('',#7522,10.);
#2258=VECTOR('',#7525,10.);
#2259=VECTOR('',#7526,10.);
#2260=VECTOR('',#7527,10.);
#2261=VECTOR('',#7530,10.);
#2262=VECTOR('',#7531,10.);
#2263=VECTOR('',#7536,10.);
#2264=VECTOR('',#7537,10.);
#2265=VECTOR('',#7538,10.);
#2266=VECTOR('',#7539,10.);
#2267=VECTOR('',#7540,10.);
#2268=VECTOR('',#7541,10.);
#2269=VECTOR('',#7542,10.);
#2270=VECTOR('',#7543,10.);
#2271=VECTOR('',#7546,10.);
#2272=VECTOR('',#7547,10.);
#2273=VECTOR('',#7548,10.);
#2274=VECTOR('',#7549,10.);
#2275=VECTOR('',#7550,10.);
#2276=VECTOR('',#7551,10.);
#2277=VECTOR('',#7554,10.);
#2278=VECTOR('',#7555,10.);
#2279=VECTOR('',#7556,10.);
#2280=VECTOR('',#7559,10.);
#2281=VECTOR('',#7560,10.);
#2282=VECTOR('',#7561,10.);
#2283=VECTOR('',#7564,10.);
#2284=VECTOR('',#7565,10.);
#2285=VECTOR('',#7566,10.);
#2286=VECTOR('',#7569,10.);
#2287=VECTOR('',#7570,10.);
#2288=VECTOR('',#7573,10.);
#2289=VECTOR('',#7574,10.);
#2290=VECTOR('',#7575,10.);
#2291=VECTOR('',#7576,10.);
#2292=VECTOR('',#7577,10.);
#2293=VECTOR('',#7578,10.);
#2294=VECTOR('',#7579,10.);
#2295=VECTOR('',#7580,10.);
#2296=VECTOR('',#7583,10.);
#2297=VECTOR('',#7584,10.);
#2298=VECTOR('',#7585,10.);
#2299=VECTOR('',#7586,10.);
#2300=VECTOR('',#7587,10.);
#2301=VECTOR('',#7588,10.);
#2302=VECTOR('',#7589,10.);
#2303=VECTOR('',#7590,10.);
#2304=VECTOR('',#7591,10.);
#2305=VECTOR('',#7592,10.);
#2306=VECTOR('',#7593,10.);
#2307=VECTOR('',#7594,10.);
#2308=VECTOR('',#7597,10.);
#2309=VECTOR('',#7598,10.);
#2310=VECTOR('',#7599,10.);
#2311=VECTOR('',#7604,10.);
#2312=VECTOR('',#7605,10.);
#2313=VECTOR('',#7606,10.);
#2314=VECTOR('',#7607,10.);
#2315=VECTOR('',#7610,10.);
#2316=VECTOR('',#7611,10.);
#2317=VECTOR('',#7612,10.);
#2318=VECTOR('',#7615,10.);
#2319=VECTOR('',#7616,10.);
#2320=VECTOR('',#7617,10.);
#2321=VECTOR('',#7620,10.);
#2322=VECTOR('',#7621,10.);
#2323=VECTOR('',#7622,10.);
#2324=VECTOR('',#7625,10.);
#2325=VECTOR('',#7626,10.);
#2326=VECTOR('',#7627,10.);
#2327=VECTOR('',#7630,10.);
#2328=VECTOR('',#7631,10.);
#2329=VECTOR('',#7632,10.);
#2330=VECTOR('',#7635,10.);
#2331=VECTOR('',#7636,10.);
#2332=VECTOR('',#7637,10.);
#2333=VECTOR('',#7640,10.);
#2334=VECTOR('',#7641,10.);
#2335=VECTOR('',#7642,10.);
#2336=VECTOR('',#7645,10.);
#2337=VECTOR('',#7646,10.);
#2338=VECTOR('',#7647,10.);
#2339=VECTOR('',#7648,10.);
#2340=VECTOR('',#7649,10.);
#2341=VECTOR('',#7652,10.);
#2342=VECTOR('',#7653,10.);
#2343=VECTOR('',#7654,10.);
#2344=VECTOR('',#7657,10.);
#2345=VECTOR('',#7658,10.);
#2346=VECTOR('',#7659,10.);
#2347=VECTOR('',#7662,10.);
#2348=VECTOR('',#7663,10.);
#2349=VECTOR('',#7664,10.);
#2350=VECTOR('',#7667,10.);
#2351=VECTOR('',#7668,10.);
#2352=VECTOR('',#7673,10.);
#2353=VECTOR('',#7674,10.);
#2354=VECTOR('',#7675,10.);
#2355=VECTOR('',#7676,10.);
#2356=VECTOR('',#7679,10.);
#2357=VECTOR('',#7680,10.);
#2358=VECTOR('',#7681,10.);
#2359=VECTOR('',#7684,10.);
#2360=VECTOR('',#7685,10.);
#2361=VECTOR('',#7686,10.);
#2362=VECTOR('',#7689,10.);
#2363=VECTOR('',#7690,10.);
#2364=VECTOR('',#7691,10.);
#2365=VECTOR('',#7694,10.);
#2366=VECTOR('',#7695,10.);
#2367=VECTOR('',#7696,10.);
#2368=VECTOR('',#7699,10.);
#2369=VECTOR('',#7700,10.);
#2370=VECTOR('',#7701,10.);
#2371=VECTOR('',#7704,10.);
#2372=VECTOR('',#7705,10.);
#2373=VECTOR('',#7706,10.);
#2374=VECTOR('',#7709,10.);
#2375=VECTOR('',#7710,10.);
#2376=VECTOR('',#7711,10.);
#2377=VECTOR('',#7714,10.);
#2378=VECTOR('',#7715,10.);
#2379=VECTOR('',#7716,10.);
#2380=VECTOR('',#7717,10.);
#2381=VECTOR('',#7718,10.);
#2382=VECTOR('',#7721,10.);
#2383=VECTOR('',#7722,10.);
#2384=VECTOR('',#7723,10.);
#2385=VECTOR('',#7726,10.);
#2386=VECTOR('',#7727,10.);
#2387=VECTOR('',#7728,10.);
#2388=VECTOR('',#7731,10.);
#2389=VECTOR('',#7732,10.);
#2390=VECTOR('',#7733,10.);
#2391=VECTOR('',#7736,10.);
#2392=VECTOR('',#7737,10.);
#2393=VECTOR('',#7744,10.);
#2394=VECTOR('',#7747,10.);
#2395=VECTOR('',#7750,10.);
#2396=VECTOR('',#7753,10.);
#2397=VECTOR('',#7756,10.);
#2398=VECTOR('',#7759,10.);
#2399=VECTOR('',#7762,10.);
#2400=VECTOR('',#7765,10.);
#2401=VECTOR('',#7770,10.);
#2402=VECTOR('',#7773,10.);
#2403=VECTOR('',#7776,10.);
#2404=VECTOR('',#7779,10.);
#2405=VECTOR('',#7786,10.);
#2406=VECTOR('',#7789,10.);
#2407=VECTOR('',#7792,10.);
#2408=VECTOR('',#7795,10.);
#2409=VECTOR('',#7798,10.);
#2410=VECTOR('',#7801,10.);
#2411=VECTOR('',#7804,10.);
#2412=VECTOR('',#7807,10.);
#2413=VECTOR('',#7810,10.);
#2414=VECTOR('',#7813,10.);
#2415=VECTOR('',#7816,10.);
#2416=VECTOR('',#7819,10.);
#2417=VECTOR('',#7822,10.);
#2418=VECTOR('',#7825,10.);
#2419=VECTOR('',#7828,10.);
#2420=VECTOR('',#7831,10.);
#2421=VECTOR('',#7838,10.);
#2422=VECTOR('',#7841,10.);
#2423=VECTOR('',#7844,10.);
#2424=VECTOR('',#7847,10.);
#2425=VECTOR('',#7850,10.);
#2426=VECTOR('',#7853,10.);
#2427=VECTOR('',#7856,10.);
#2428=VECTOR('',#7859,10.);
#2429=VECTOR('',#7862,10.);
#2430=VECTOR('',#7865,10.);
#2431=VECTOR('',#7868,10.);
#2432=VECTOR('',#7871,10.);
#2433=VECTOR('',#7874,10.);
#2434=VECTOR('',#7877,10.);
#2435=VECTOR('',#7880,10.);
#2436=VECTOR('',#7883,10.);
#2437=VECTOR('',#7896,10.);
#2438=VECTOR('',#7899,10.);
#2439=VECTOR('',#7902,10.);
#2440=VECTOR('',#7905,10.);
#2441=VECTOR('',#7908,10.);
#2442=VECTOR('',#7911,10.);
#2443=VECTOR('',#7914,10.);
#2444=VECTOR('',#7917,10.);
#2445=VECTOR('',#7920,10.);
#2446=VECTOR('',#7923,10.);
#2447=VECTOR('',#7926,10.);
#2448=VECTOR('',#7929,10.);
#2449=VECTOR('',#7932,10.);
#2450=VECTOR('',#7935,10.);
#2451=VECTOR('',#7938,10.);
#2452=VECTOR('',#7941,10.);
#2453=VECTOR('',#7944,10.);
#2454=VECTOR('',#7947,10.);
#2455=VECTOR('',#7950,10.);
#2456=VECTOR('',#7953,10.);
#2457=VECTOR('',#7960,10.);
#2458=VECTOR('',#7963,10.);
#2459=VECTOR('',#7966,10.);
#2460=VECTOR('',#7969,10.);
#2461=VECTOR('',#7972,10.);
#2462=VECTOR('',#7975,10.);
#2463=VECTOR('',#7978,10.);
#2464=VECTOR('',#7981,10.);
#2465=VECTOR('',#7984,10.);
#2466=VECTOR('',#7987,10.);
#2467=VECTOR('',#7990,10.);
#2468=VECTOR('',#7993,10.);
#2469=VECTOR('',#7994,10.);
#2470=VECTOR('',#7997,10.);
#2471=VECTOR('',#8000,10.);
#2472=VECTOR('',#8003,10.);
#2473=VECTOR('',#8012,10.);
#2474=VECTOR('',#8015,10.);
#2475=VECTOR('',#8018,10.);
#2476=VECTOR('',#8021,10.);
#2477=VECTOR('',#8026,10.);
#2478=VECTOR('',#8029,10.);
#2479=VECTOR('',#8032,10.);
#2480=VECTOR('',#8035,10.);
#2481=VECTOR('',#8038,10.);
#2482=VECTOR('',#8039,10.);
#2483=VECTOR('',#8042,10.);
#2484=VECTOR('',#8045,10.);
#2485=VECTOR('',#8048,10.);
#2486=VECTOR('',#8051,10.);
#2487=VECTOR('',#8052,10.);
#2488=VECTOR('',#8055,10.);
#2489=VECTOR('',#8058,10.);
#2490=VECTOR('',#8061,10.);
#2491=VECTOR('',#8064,10.);
#2492=VECTOR('',#8065,10.);
#2493=VECTOR('',#8068,10.);
#2494=VECTOR('',#8071,10.);
#2495=VECTOR('',#8074,10.);
#2496=VECTOR('',#8077,10.);
#2497=VECTOR('',#8078,10.);
#2498=VECTOR('',#8081,10.);
#2499=VECTOR('',#8084,10.);
#2500=VECTOR('',#8087,10.);
#2501=VECTOR('',#8090,10.);
#2502=VECTOR('',#8091,10.);
#2503=VECTOR('',#8094,10.);
#2504=VECTOR('',#8097,10.);
#2505=VECTOR('',#8100,10.);
#2506=VECTOR('',#8103,10.);
#2507=VECTOR('',#8104,10.);
#2508=VECTOR('',#8107,10.);
#2509=VECTOR('',#8110,10.);
#2510=VECTOR('',#8113,10.);
#2511=VECTOR('',#8116,10.);
#2512=VECTOR('',#8117,10.);
#2513=VECTOR('',#8120,10.);
#2514=VECTOR('',#8123,10.);
#2515=VECTOR('',#8126,10.);
#2516=VECTOR('',#8129,10.);
#2517=VECTOR('',#8130,10.);
#2518=VECTOR('',#8133,10.);
#2519=VECTOR('',#8136,10.);
#2520=VECTOR('',#8139,10.);
#2521=VECTOR('',#8142,10.);
#2522=VECTOR('',#8143,10.);
#2523=VECTOR('',#8146,10.);
#2524=VECTOR('',#8149,10.);
#2525=VECTOR('',#8152,10.);
#2526=VECTOR('',#8155,10.);
#2527=VECTOR('',#8156,10.);
#2528=VECTOR('',#8159,10.);
#2529=VECTOR('',#8162,10.);
#2530=VECTOR('',#8165,10.);
#2531=VECTOR('',#8168,10.);
#2532=VECTOR('',#8169,10.);
#2533=VECTOR('',#8172,10.);
#2534=VECTOR('',#8175,10.);
#2535=VECTOR('',#8178,10.);
#2536=VECTOR('',#8181,10.);
#2537=VECTOR('',#8182,10.);
#2538=VECTOR('',#8185,10.);
#2539=VECTOR('',#8194,10.);
#2540=VECTOR('',#8197,10.);
#2541=VECTOR('',#8200,10.);
#2542=VECTOR('',#8203,10.);
#2543=VECTOR('',#8206,10.);
#2544=VECTOR('',#8209,10.);
#2545=VECTOR('',#8214,1.7);
#2546=VECTOR('',#8217,10.);
#2547=VECTOR('',#8220,10.);
#2548=VECTOR('',#8223,10.);
#2549=VECTOR('',#8228,1.7);
#2550=VECTOR('',#8231,3.55);
#2551=VECTOR('',#8234,10.);
#2552=VECTOR('',#8237,10.);
#2553=VECTOR('',#8240,10.);
#2554=VECTOR('',#8245,10.);
#2555=VECTOR('',#8248,10.);
#2556=VECTOR('',#8251,10.);
#2557=VECTOR('',#8256,10.);
#2558=VECTOR('',#8259,10.);
#2559=VECTOR('',#8262,10.);
#2560=VECTOR('',#8267,1.7);
#2561=VECTOR('',#8270,1.7);
#2562=VECTOR('',#8273,10.);
#2563=VECTOR('',#8276,10.);
#2564=VECTOR('',#8279,10.);
#2565=VECTOR('',#8284,10.);
#2566=VECTOR('',#8287,10.);
#2567=VECTOR('',#8290,10.);
#2568=VECTOR('',#8295,10.);
#2569=VECTOR('',#8298,10.);
#2570=VECTOR('',#8301,10.);
#2571=VECTOR('',#8306,10.);
#2572=VECTOR('',#8309,10.);
#2573=VECTOR('',#8312,10.);
#2574=CIRCLE('',#6767,5.);
#2575=CIRCLE('',#6768,5.);
#2576=CIRCLE('',#6770,5.);
#2577=CIRCLE('',#6771,5.);
#2578=CIRCLE('',#6772,5.);
#2579=CIRCLE('',#6773,1.7);
#2580=CIRCLE('',#6774,1.7);
#2581=CIRCLE('',#6775,1.7);
#2582=CIRCLE('',#6776,1.7);
#2583=CIRCLE('',#6779,5.);
#2584=CIRCLE('',#6781,5.);
#2585=CIRCLE('',#6784,5.);
#2586=CIRCLE('',#6793,2.99999999999999);
#2587=CIRCLE('',#6794,2.99999999999999);
#2588=CIRCLE('',#6796,3.);
#2589=CIRCLE('',#6797,3.);
#2590=CIRCLE('',#6799,3.00000000000001);
#2591=CIRCLE('',#6800,3.00000000000001);
#2592=CIRCLE('',#6802,3.);
#2593=CIRCLE('',#6803,3.);
#2594=CIRCLE('',#6809,1.7);
#2595=CIRCLE('',#6812,1.7);
#2596=CIRCLE('',#6815,1.7);
#2597=CIRCLE('',#6818,1.7);
#2598=CIRCLE('',#6895,5.);
#2599=CIRCLE('',#6896,5.);
#2600=CIRCLE('',#6897,5.);
#2601=CIRCLE('',#6898,5.);
#2602=CIRCLE('',#6899,0.499999999999998);
#2603=CIRCLE('',#6900,0.499999999999998);
#2604=CIRCLE('',#6901,0.499999999999998);
#2605=CIRCLE('',#6902,0.500000000000003);
#2606=CIRCLE('',#6903,1.7);
#2607=CIRCLE('',#6904,0.499999999999998);
#2608=CIRCLE('',#6905,0.5);
#2609=CIRCLE('',#6906,0.500000000000003);
#2610=CIRCLE('',#6907,0.499999999999998);
#2611=CIRCLE('',#6908,1.7);
#2612=CIRCLE('',#6909,3.55);
#2613=CIRCLE('',#6910,1.);
#2614=CIRCLE('',#6911,1.);
#2615=CIRCLE('',#6912,1.);
#2616=CIRCLE('',#6913,1.);
#2617=CIRCLE('',#6914,0.499999999999998);
#2618=CIRCLE('',#6915,0.499999999999998);
#2619=CIRCLE('',#6916,0.499999999999998);
#2620=CIRCLE('',#6917,0.499999999999998);
#2621=CIRCLE('',#6918,0.499999999999998);
#2622=CIRCLE('',#6919,0.499999999999998);
#2623=CIRCLE('',#6920,0.499999999999998);
#2624=CIRCLE('',#6921,0.499999999999998);
#2625=CIRCLE('',#6922,0.499999999999998);
#2626=CIRCLE('',#6923,0.499999999999998);
#2627=CIRCLE('',#6924,0.500000000000003);
#2628=CIRCLE('',#6925,0.499999999999998);
#2629=CIRCLE('',#6926,1.7);
#2630=CIRCLE('',#6927,1.7);
#2631=CIRCLE('',#6928,0.499999999999998);
#2632=CIRCLE('',#6929,0.499999999999998);
#2633=CIRCLE('',#6930,0.499999999999998);
#2634=CIRCLE('',#6931,0.500000000000003);
#2635=CIRCLE('',#6932,0.499999999999998);
#2636=CIRCLE('',#6933,0.5);
#2637=CIRCLE('',#6934,0.499999999999998);
#2638=CIRCLE('',#6935,0.499999999999998);
#2639=CIRCLE('',#6936,0.499999999999998);
#2640=CIRCLE('',#6937,0.499999999999998);
#2641=CIRCLE('',#6938,0.500000000000003);
#2642=CIRCLE('',#6939,0.500000000000003);
#2643=CIRCLE('',#6940,0.499999999999998);
#2644=CIRCLE('',#6941,0.5);
#2645=CIRCLE('',#6942,0.499999999999998);
#2646=CIRCLE('',#6943,0.499999999999998);
#2647=CIRCLE('',#6949,5.);
#2648=CIRCLE('',#6950,5.);
#2649=CIRCLE('',#6951,5.);
#2650=CIRCLE('',#6952,5.);
#2651=CIRCLE('',#6953,0.499999999999998);
#2652=CIRCLE('',#6954,0.499999999999998);
#2653=CIRCLE('',#6955,0.499999999999998);
#2654=CIRCLE('',#6956,0.5);
#2655=CIRCLE('',#6957,0.499999999999998);
#2656=CIRCLE('',#6958,0.500000000000003);
#2657=CIRCLE('',#6959,0.500000000000003);
#2658=CIRCLE('',#6960,0.499999999999998);
#2659=CIRCLE('',#6961,0.499999999999998);
#2660=CIRCLE('',#6962,0.499999999999998);
#2661=CIRCLE('',#6963,0.499999999999998);
#2662=CIRCLE('',#6964,0.5);
#2663=CIRCLE('',#6965,0.499999999999998);
#2664=CIRCLE('',#6966,0.500000000000003);
#2665=CIRCLE('',#6967,0.499999999999998);
#2666=CIRCLE('',#6968,0.499999999999998);
#2667=CIRCLE('',#6969,1.7);
#2668=CIRCLE('',#6970,1.7);
#2669=CIRCLE('',#6971,0.499999999999998);
#2670=CIRCLE('',#6972,0.499999999999998);
#2671=CIRCLE('',#6973,0.500000000000003);
#2672=CIRCLE('',#6974,0.499999999999998);
#2673=CIRCLE('',#6975,0.499999999999998);
#2674=CIRCLE('',#6976,0.499999999999998);
#2675=CIRCLE('',#6977,0.499999999999998);
#2676=CIRCLE('',#6978,0.499999999999998);
#2677=CIRCLE('',#6979,0.499999999999998);
#2678=CIRCLE('',#6980,0.499999999999998);
#2679=CIRCLE('',#6981,0.499999999999998);
#2680=CIRCLE('',#6982,0.499999999999998);
#2681=CIRCLE('',#6983,1.);
#2682=CIRCLE('',#6984,1.);
#2683=CIRCLE('',#6985,1.);
#2684=CIRCLE('',#6986,1.);
#2685=CIRCLE('',#6987,3.55);
#2686=CIRCLE('',#6988,1.7);
#2687=CIRCLE('',#6989,0.499999999999998);
#2688=CIRCLE('',#6990,0.499999999999998);
#2689=CIRCLE('',#6991,0.500000000000003);
#2690=CIRCLE('',#6992,0.5);
#2691=CIRCLE('',#6993,1.7);
#2692=CIRCLE('',#6994,0.499999999999998);
#2693=CIRCLE('',#6995,0.500000000000003);
#2694=CIRCLE('',#6996,0.499999999999998);
#2695=CIRCLE('',#6997,0.499999999999998);
#2696=VERTEX_POINT('',#8328);
#2697=VERTEX_POINT('',#8329);
#2698=VERTEX_POINT('',#8331);
#2699=VERTEX_POINT('',#8333);
#2700=VERTEX_POINT('',#8337);
#2701=VERTEX_POINT('',#8339);
#2702=VERTEX_POINT('',#8341);
#2703=VERTEX_POINT('',#8343);
#2704=VERTEX_POINT('',#8345);
#2705=VERTEX_POINT('',#8347);
#2706=VERTEX_POINT('',#8349);
#2707=VERTEX_POINT('',#8351);
#2708=VERTEX_POINT('',#8353);
#2709=VERTEX_POINT('',#8355);
#2710=VERTEX_POINT('',#8357);
#2711=VERTEX_POINT('',#8359);
#2712=VERTEX_POINT('',#8361);
#2713=VERTEX_POINT('',#8363);
#2714=VERTEX_POINT('',#8366);
#2715=VERTEX_POINT('',#8368);
#2716=VERTEX_POINT('',#8370);
#2717=VERTEX_POINT('',#8372);
#2718=VERTEX_POINT('',#8375);
#2719=VERTEX_POINT('',#8379);
#2720=VERTEX_POINT('',#8383);
#2721=VERTEX_POINT('',#8385);
#2722=VERTEX_POINT('',#8389);
#2723=VERTEX_POINT('',#8393);
#2724=VERTEX_POINT('',#8399);
#2725=VERTEX_POINT('',#8401);
#2726=VERTEX_POINT('',#8405);
#2727=VERTEX_POINT('',#8407);
#2728=VERTEX_POINT('',#8414);
#2729=VERTEX_POINT('',#8416);
#2730=VERTEX_POINT('',#8420);
#2731=VERTEX_POINT('',#8421);
#2732=VERTEX_POINT('',#8428);
#2733=VERTEX_POINT('',#8430);
#2734=VERTEX_POINT('',#8434);
#2735=VERTEX_POINT('',#8436);
#2736=VERTEX_POINT('',#8440);
#2737=VERTEX_POINT('',#8442);
#2738=VERTEX_POINT('',#8446);
#2739=VERTEX_POINT('',#8448);
#2740=VERTEX_POINT('',#8458);
#2741=VERTEX_POINT('',#8463);
#2742=VERTEX_POINT('',#8468);
#2743=VERTEX_POINT('',#8473);
#2744=VERTEX_POINT('',#8489);
#2745=VERTEX_POINT('',#8490);
#2746=VERTEX_POINT('',#8496);
#2747=VERTEX_POINT('',#8498);
#2748=VERTEX_POINT('',#8515);
#2749=VERTEX_POINT('',#8521);
#2750=VERTEX_POINT('',#8538);
#2751=VERTEX_POINT('',#8544);
#2752=VERTEX_POINT('',#8552);
#2753=VERTEX_POINT('',#8554);
#2754=VERTEX_POINT('',#8558);
#2755=VERTEX_POINT('',#8560);
#2756=VERTEX_POINT('',#8564);
#2757=VERTEX_POINT('',#8566);
#2758=VERTEX_POINT('',#8579);
#2759=VERTEX_POINT('',#8585);
#2760=VERTEX_POINT('',#8602);
#2761=VERTEX_POINT('',#8608);
#2762=VERTEX_POINT('',#8616);
#2763=VERTEX_POINT('',#8618);
#2764=VERTEX_POINT('',#8622);
#2765=VERTEX_POINT('',#8624);
#2766=VERTEX_POINT('',#8628);
#2767=VERTEX_POINT('',#8630);
#2768=VERTEX_POINT('',#8643);
#2769=VERTEX_POINT('',#8649);
#2770=VERTEX_POINT('',#8666);
#2771=VERTEX_POINT('',#8672);
#2772=VERTEX_POINT('',#8689);
#2773=VERTEX_POINT('',#8695);
#2774=VERTEX_POINT('',#8712);
#2775=VERTEX_POINT('',#8718);
#2776=VERTEX_POINT('',#8735);
#2777=VERTEX_POINT('',#8741);
#2778=VERTEX_POINT('',#8749);
#2779=VERTEX_POINT('',#8751);
#2780=VERTEX_POINT('',#8785);
#2781=VERTEX_POINT('',#8786);
#2782=VERTEX_POINT('',#8792);
#2783=VERTEX_POINT('',#8794);
#2784=VERTEX_POINT('',#8811);
#2785=VERTEX_POINT('',#8817);
#2786=VERTEX_POINT('',#8834);
#2787=VERTEX_POINT('',#8840);
#2788=VERTEX_POINT('',#8857);
#2789=VERTEX_POINT('',#8863);
#2790=VERTEX_POINT('',#8880);
#2791=VERTEX_POINT('',#8886);
#2792=VERTEX_POINT('',#8903);
#2793=VERTEX_POINT('',#8909);
#2794=VERTEX_POINT('',#8926);
#2795=VERTEX_POINT('',#8932);
#2796=VERTEX_POINT('',#8949);
#2797=VERTEX_POINT('',#8955);
#2798=VERTEX_POINT('',#8972);
#2799=VERTEX_POINT('',#8978);
#2800=VERTEX_POINT('',#8989);
#2801=VERTEX_POINT('',#8990);
#2802=VERTEX_POINT('',#8992);
#2803=VERTEX_POINT('',#8994);
#2804=VERTEX_POINT('',#9007);
#2805=VERTEX_POINT('',#9013);
#2806=VERTEX_POINT('',#9030);
#2807=VERTEX_POINT('',#9036);
#2808=VERTEX_POINT('',#9044);
#2809=VERTEX_POINT('',#9046);
#2810=VERTEX_POINT('',#9059);
#2811=VERTEX_POINT('',#9065);
#2812=VERTEX_POINT('',#9082);
#2813=VERTEX_POINT('',#9088);
#2814=VERTEX_POINT('',#9105);
#2815=VERTEX_POINT('',#9111);
#2816=VERTEX_POINT('',#9128);
#2817=VERTEX_POINT('',#9134);
#2818=VERTEX_POINT('',#9151);
#2819=VERTEX_POINT('',#9157);
#2820=VERTEX_POINT('',#9174);
#2821=VERTEX_POINT('',#9180);
#2822=VERTEX_POINT('',#9197);
#2823=VERTEX_POINT('',#9203);
#2824=VERTEX_POINT('',#9211);
#2825=VERTEX_POINT('',#9213);
#2826=VERTEX_POINT('',#9226);
#2827=VERTEX_POINT('',#9232);
#2828=VERTEX_POINT('',#9249);
#2829=VERTEX_POINT('',#9255);
#2830=VERTEX_POINT('',#9272);
#2831=VERTEX_POINT('',#9278);
#2832=VERTEX_POINT('',#9295);
#2833=VERTEX_POINT('',#9301);
#2834=VERTEX_POINT('',#9318);
#2835=VERTEX_POINT('',#9324);
#2836=VERTEX_POINT('',#9341);
#2837=VERTEX_POINT('',#9347);
#2838=VERTEX_POINT('',#9364);
#2839=VERTEX_POINT('',#9370);
#2840=VERTEX_POINT('',#9387);
#2841=VERTEX_POINT('',#9393);
#2842=VERTEX_POINT('',#9410);
#2843=VERTEX_POINT('',#9416);
#2844=VERTEX_POINT('',#9433);
#2845=VERTEX_POINT('',#9439);
#2846=VERTEX_POINT('',#9456);
#2847=VERTEX_POINT('',#9462);
#2848=VERTEX_POINT('',#9479);
#2849=VERTEX_POINT('',#9485);
#2850=VERTEX_POINT('',#9502);
#2851=VERTEX_POINT('',#9508);
#2852=VERTEX_POINT('',#9525);
#2853=VERTEX_POINT('',#9531);
#2854=VERTEX_POINT('',#9569);
#2855=VERTEX_POINT('',#9570);
#2856=VERTEX_POINT('',#9576);
#2857=VERTEX_POINT('',#9578);
#2858=VERTEX_POINT('',#9595);
#2859=VERTEX_POINT('',#9601);
#2860=VERTEX_POINT('',#9618);
#2861=VERTEX_POINT('',#9624);
#2862=VERTEX_POINT('',#9641);
#2863=VERTEX_POINT('',#9647);
#2864=VERTEX_POINT('',#9664);
#2865=VERTEX_POINT('',#9670);
#2866=VERTEX_POINT('',#9687);
#2867=VERTEX_POINT('',#9693);
#2868=VERTEX_POINT('',#9710);
#2869=VERTEX_POINT('',#9716);
#2870=VERTEX_POINT('',#9744);
#2871=VERTEX_POINT('',#9745);
#2872=VERTEX_POINT('',#9747);
#2873=VERTEX_POINT('',#9749);
#2874=VERTEX_POINT('',#9753);
#2875=VERTEX_POINT('',#9755);
#2876=VERTEX_POINT('',#9759);
#2877=VERTEX_POINT('',#9761);
#2878=VERTEX_POINT('',#9774);
#2879=VERTEX_POINT('',#9780);
#2880=VERTEX_POINT('',#9797);
#2881=VERTEX_POINT('',#9803);
#2882=VERTEX_POINT('',#9820);
#2883=VERTEX_POINT('',#9826);
#2884=VERTEX_POINT('',#9843);
#2885=VERTEX_POINT('',#9849);
#2886=VERTEX_POINT('',#9866);
#2887=VERTEX_POINT('',#9872);
#2888=VERTEX_POINT('',#9889);
#2889=VERTEX_POINT('',#9895);
#2890=VERTEX_POINT('',#9912);
#2891=VERTEX_POINT('',#9918);
#2892=VERTEX_POINT('',#9935);
#2893=VERTEX_POINT('',#9941);
#2894=VERTEX_POINT('',#9958);
#2895=VERTEX_POINT('',#9964);
#2896=VERTEX_POINT('',#9972);
#2897=VERTEX_POINT('',#9974);
#2898=VERTEX_POINT('',#9991);
#2899=VERTEX_POINT('',#9992);
#2900=VERTEX_POINT('',#9998);
#2901=VERTEX_POINT('',#10000);
#2902=VERTEX_POINT('',#10017);
#2903=VERTEX_POINT('',#10023);
#2904=VERTEX_POINT('',#10040);
#2905=VERTEX_POINT('',#10046);
#2906=VERTEX_POINT('',#10063);
#2907=VERTEX_POINT('',#10069);
#2908=VERTEX_POINT('',#10086);
#2909=VERTEX_POINT('',#10092);
#2910=VERTEX_POINT('',#10109);
#2911=VERTEX_POINT('',#10115);
#2912=VERTEX_POINT('',#10132);
#2913=VERTEX_POINT('',#10138);
#2914=VERTEX_POINT('',#10175);
#2915=VERTEX_POINT('',#10176);
#2916=VERTEX_POINT('',#10182);
#2917=VERTEX_POINT('',#10184);
#2918=VERTEX_POINT('',#10201);
#2919=VERTEX_POINT('',#10207);
#2920=VERTEX_POINT('',#10224);
#2921=VERTEX_POINT('',#10230);
#2922=VERTEX_POINT('',#10247);
#2923=VERTEX_POINT('',#10253);
#2924=VERTEX_POINT('',#10270);
#2925=VERTEX_POINT('',#10276);
#2926=VERTEX_POINT('',#10293);
#2927=VERTEX_POINT('',#10299);
#2928=VERTEX_POINT('',#10316);
#2929=VERTEX_POINT('',#10322);
#2930=VERTEX_POINT('',#10339);
#2931=VERTEX_POINT('',#10345);
#2932=VERTEX_POINT('',#10383);
#2933=VERTEX_POINT('',#10384);
#2934=VERTEX_POINT('',#10390);
#2935=VERTEX_POINT('',#10392);
#2936=VERTEX_POINT('',#10409);
#2937=VERTEX_POINT('',#10415);
#2938=VERTEX_POINT('',#10432);
#2939=VERTEX_POINT('',#10438);
#2940=VERTEX_POINT('',#10455);
#2941=VERTEX_POINT('',#10461);
#2942=VERTEX_POINT('',#10478);
#2943=VERTEX_POINT('',#10484);
#2944=VERTEX_POINT('',#10501);
#2945=VERTEX_POINT('',#10507);
#2946=VERTEX_POINT('',#10524);
#2947=VERTEX_POINT('',#10530);
#2948=VERTEX_POINT('',#10547);
#2949=VERTEX_POINT('',#10553);
#2950=VERTEX_POINT('',#10570);
#2951=VERTEX_POINT('',#10576);
#2952=VERTEX_POINT('',#10587);
#2953=VERTEX_POINT('',#10588);
#2954=VERTEX_POINT('',#10590);
#2955=VERTEX_POINT('',#10592);
#2956=VERTEX_POINT('',#10605);
#2957=VERTEX_POINT('',#10611);
#2958=VERTEX_POINT('',#10628);
#2959=VERTEX_POINT('',#10634);
#2960=VERTEX_POINT('',#10642);
#2961=VERTEX_POINT('',#10644);
#2962=VERTEX_POINT('',#10657);
#2963=VERTEX_POINT('',#10663);
#2964=VERTEX_POINT('',#10680);
#2965=VERTEX_POINT('',#10686);
#2966=VERTEX_POINT('',#10703);
#2967=VERTEX_POINT('',#10709);
#2968=VERTEX_POINT('',#10726);
#2969=VERTEX_POINT('',#10732);
#2970=VERTEX_POINT('',#10749);
#2971=VERTEX_POINT('',#10755);
#2972=VERTEX_POINT('',#10772);
#2973=VERTEX_POINT('',#10778);
#2974=VERTEX_POINT('',#10795);
#2975=VERTEX_POINT('',#10801);
#2976=VERTEX_POINT('',#10809);
#2977=VERTEX_POINT('',#10811);
#2978=VERTEX_POINT('',#10824);
#2979=VERTEX_POINT('',#10830);
#2980=VERTEX_POINT('',#10847);
#2981=VERTEX_POINT('',#10853);
#2982=VERTEX_POINT('',#10870);
#2983=VERTEX_POINT('',#10876);
#2984=VERTEX_POINT('',#10893);
#2985=VERTEX_POINT('',#10899);
#2986=VERTEX_POINT('',#10916);
#2987=VERTEX_POINT('',#10922);
#2988=VERTEX_POINT('',#10939);
#2989=VERTEX_POINT('',#10945);
#2990=VERTEX_POINT('',#10962);
#2991=VERTEX_POINT('',#10968);
#2992=VERTEX_POINT('',#10985);
#2993=VERTEX_POINT('',#10991);
#2994=VERTEX_POINT('',#11008);
#2995=VERTEX_POINT('',#11014);
#2996=VERTEX_POINT('',#11031);
#2997=VERTEX_POINT('',#11037);
#2998=VERTEX_POINT('',#11054);
#2999=VERTEX_POINT('',#11060);
#3000=VERTEX_POINT('',#11077);
#3001=VERTEX_POINT('',#11083);
#3002=VERTEX_POINT('',#11100);
#3003=VERTEX_POINT('',#11106);
#3004=VERTEX_POINT('',#11123);
#3005=VERTEX_POINT('',#11129);
#3006=VERTEX_POINT('',#11158);
#3007=VERTEX_POINT('',#11159);
#3008=VERTEX_POINT('',#11161);
#3009=VERTEX_POINT('',#11163);
#3010=VERTEX_POINT('',#11176);
#3011=VERTEX_POINT('',#11182);
#3012=VERTEX_POINT('',#11199);
#3013=VERTEX_POINT('',#11205);
#3014=VERTEX_POINT('',#11222);
#3015=VERTEX_POINT('',#11228);
#3016=VERTEX_POINT('',#11245);
#3017=VERTEX_POINT('',#11251);
#3018=VERTEX_POINT('',#11268);
#3019=VERTEX_POINT('',#11274);
#3020=VERTEX_POINT('',#11282);
#3021=VERTEX_POINT('',#11284);
#3022=VERTEX_POINT('',#11291);
#3023=VERTEX_POINT('',#11292);
#3024=VERTEX_POINT('',#11294);
#3025=VERTEX_POINT('',#11296);
#3026=VERTEX_POINT('',#11300);
#3027=VERTEX_POINT('',#11302);
#3028=VERTEX_POINT('',#11315);
#3029=VERTEX_POINT('',#11321);
#3030=VERTEX_POINT('',#11338);
#3031=VERTEX_POINT('',#11344);
#3032=VERTEX_POINT('',#11361);
#3033=VERTEX_POINT('',#11367);
#3034=VERTEX_POINT('',#11384);
#3035=VERTEX_POINT('',#11390);
#3036=VERTEX_POINT('',#11407);
#3037=VERTEX_POINT('',#11413);
#3038=VERTEX_POINT('',#11430);
#3039=VERTEX_POINT('',#11436);
#3040=VERTEX_POINT('',#11444);
#3041=VERTEX_POINT('',#11446);
#3042=VERTEX_POINT('',#11450);
#3043=VERTEX_POINT('',#11452);
#3044=VERTEX_POINT('',#11460);
#3045=VERTEX_POINT('',#11461);
#3046=VERTEX_POINT('',#11463);
#3047=VERTEX_POINT('',#11465);
#3048=VERTEX_POINT('',#11478);
#3049=VERTEX_POINT('',#11484);
#3050=VERTEX_POINT('',#11501);
#3051=VERTEX_POINT('',#11507);
#3052=VERTEX_POINT('',#11524);
#3053=VERTEX_POINT('',#11530);
#3054=VERTEX_POINT('',#11547);
#3055=VERTEX_POINT('',#11553);
#3056=VERTEX_POINT('',#11561);
#3057=VERTEX_POINT('',#11563);
#3058=VERTEX_POINT('',#11576);
#3059=VERTEX_POINT('',#11582);
#3060=VERTEX_POINT('',#11599);
#3061=VERTEX_POINT('',#11605);
#3062=VERTEX_POINT('',#11622);
#3063=VERTEX_POINT('',#11628);
#3064=VERTEX_POINT('',#11636);
#3065=VERTEX_POINT('',#11638);
#3066=VERTEX_POINT('',#11642);
#3067=VERTEX_POINT('',#11644);
#3068=VERTEX_POINT('',#11648);
#3069=VERTEX_POINT('',#11650);
#3070=VERTEX_POINT('',#11667);
#3071=VERTEX_POINT('',#11668);
#3072=VERTEX_POINT('',#11674);
#3073=VERTEX_POINT('',#11676);
#3074=VERTEX_POINT('',#11693);
#3075=VERTEX_POINT('',#11699);
#3076=VERTEX_POINT('',#11716);
#3077=VERTEX_POINT('',#11722);
#3078=VERTEX_POINT('',#11739);
#3079=VERTEX_POINT('',#11745);
#3080=VERTEX_POINT('',#11762);
#3081=VERTEX_POINT('',#11768);
#3082=VERTEX_POINT('',#11785);
#3083=VERTEX_POINT('',#11791);
#3084=VERTEX_POINT('',#11808);
#3085=VERTEX_POINT('',#11814);
#3086=VERTEX_POINT('',#11822);
#3087=VERTEX_POINT('',#11824);
#3088=VERTEX_POINT('',#11837);
#3089=VERTEX_POINT('',#11843);
#3090=VERTEX_POINT('',#11860);
#3091=VERTEX_POINT('',#11866);
#3092=VERTEX_POINT('',#11883);
#3093=VERTEX_POINT('',#11889);
#3094=VERTEX_POINT('',#11906);
#3095=VERTEX_POINT('',#11912);
#3096=VERTEX_POINT('',#11929);
#3097=VERTEX_POINT('',#11935);
#3098=VERTEX_POINT('',#11952);
#3099=VERTEX_POINT('',#11958);
#3100=VERTEX_POINT('',#11975);
#3101=VERTEX_POINT('',#11981);
#3102=VERTEX_POINT('',#11998);
#3103=VERTEX_POINT('',#12004);
#3104=VERTEX_POINT('',#12021);
#3105=VERTEX_POINT('',#12027);
#3106=VERTEX_POINT('',#12035);
#3107=VERTEX_POINT('',#12037);
#3108=VERTEX_POINT('',#12062);
#3109=VERTEX_POINT('',#12063);
#3110=VERTEX_POINT('',#12065);
#3111=VERTEX_POINT('',#12067);
#3112=VERTEX_POINT('',#12071);
#3113=VERTEX_POINT('',#12073);
#3114=VERTEX_POINT('',#12077);
#3115=VERTEX_POINT('',#12079);
#3116=VERTEX_POINT('',#12083);
#3117=VERTEX_POINT('',#12085);
#3118=VERTEX_POINT('',#12089);
#3119=VERTEX_POINT('',#12091);
#3120=VERTEX_POINT('',#12095);
#3121=VERTEX_POINT('',#12097);
#3122=VERTEX_POINT('',#12101);
#3123=VERTEX_POINT('',#12103);
#3124=VERTEX_POINT('',#12107);
#3125=VERTEX_POINT('',#12109);
#3126=VERTEX_POINT('',#12113);
#3127=VERTEX_POINT('',#12115);
#3128=VERTEX_POINT('',#12128);
#3129=VERTEX_POINT('',#12134);
#3130=VERTEX_POINT('',#12151);
#3131=VERTEX_POINT('',#12157);
#3132=VERTEX_POINT('',#12165);
#3133=VERTEX_POINT('',#12167);
#3134=VERTEX_POINT('',#12171);
#3135=VERTEX_POINT('',#12173);
#3136=VERTEX_POINT('',#12177);
#3137=VERTEX_POINT('',#12179);
#3138=VERTEX_POINT('',#12187);
#3139=VERTEX_POINT('',#12188);
#3140=VERTEX_POINT('',#12190);
#3141=VERTEX_POINT('',#12192);
#3142=VERTEX_POINT('',#12196);
#3143=VERTEX_POINT('',#12198);
#3144=VERTEX_POINT('',#12202);
#3145=VERTEX_POINT('',#12204);
#3146=VERTEX_POINT('',#12208);
#3147=VERTEX_POINT('',#12210);
#3148=VERTEX_POINT('',#12214);
#3149=VERTEX_POINT('',#12216);
#3150=VERTEX_POINT('',#12220);
#3151=VERTEX_POINT('',#12222);
#3152=VERTEX_POINT('',#12226);
#3153=VERTEX_POINT('',#12228);
#3154=VERTEX_POINT('',#12232);
#3155=VERTEX_POINT('',#12234);
#3156=VERTEX_POINT('',#12238);
#3157=VERTEX_POINT('',#12240);
#3158=VERTEX_POINT('',#12253);
#3159=VERTEX_POINT('',#12259);
#3160=VERTEX_POINT('',#12276);
#3161=VERTEX_POINT('',#12282);
#3162=VERTEX_POINT('',#12290);
#3163=VERTEX_POINT('',#12292);
#3164=VERTEX_POINT('',#12296);
#3165=VERTEX_POINT('',#12298);
#3166=VERTEX_POINT('',#12302);
#3167=VERTEX_POINT('',#12304);
#3168=VERTEX_POINT('',#12312);
#3169=VERTEX_POINT('',#12313);
#3170=VERTEX_POINT('',#12315);
#3171=VERTEX_POINT('',#12317);
#3172=VERTEX_POINT('',#12319);
#3173=VERTEX_POINT('',#12321);
#3174=VERTEX_POINT('',#12323);
#3175=VERTEX_POINT('',#12325);
#3176=VERTEX_POINT('',#12328);
#3177=VERTEX_POINT('',#12329);
#3178=VERTEX_POINT('',#12331);
#3179=VERTEX_POINT('',#12333);
#3180=VERTEX_POINT('',#12335);
#3181=VERTEX_POINT('',#12337);
#3182=VERTEX_POINT('',#12339);
#3183=VERTEX_POINT('',#12341);
#3184=VERTEX_POINT('',#12344);
#3185=VERTEX_POINT('',#12346);
#3186=VERTEX_POINT('',#12347);
#3187=VERTEX_POINT('',#12349);
#3188=VERTEX_POINT('',#12351);
#3189=VERTEX_POINT('',#12353);
#3190=VERTEX_POINT('',#12355);
#3191=VERTEX_POINT('',#12357);
#3192=VERTEX_POINT('',#12359);
#3193=VERTEX_POINT('',#12362);
#3194=VERTEX_POINT('',#12364);
#3195=VERTEX_POINT('',#12366);
#3196=VERTEX_POINT('',#12367);
#3197=VERTEX_POINT('',#12369);
#3198=VERTEX_POINT('',#12371);
#3199=VERTEX_POINT('',#12373);
#3200=VERTEX_POINT('',#12375);
#3201=VERTEX_POINT('',#12377);
#3202=VERTEX_POINT('',#12379);
#3203=VERTEX_POINT('',#12382);
#3204=VERTEX_POINT('',#12383);
#3205=VERTEX_POINT('',#12385);
#3206=VERTEX_POINT('',#12387);
#3207=VERTEX_POINT('',#12389);
#3208=VERTEX_POINT('',#12391);
#3209=VERTEX_POINT('',#12393);
#3210=VERTEX_POINT('',#12395);
#3211=VERTEX_POINT('',#12398);
#3212=VERTEX_POINT('',#12399);
#3213=VERTEX_POINT('',#12401);
#3214=VERTEX_POINT('',#12403);
#3215=VERTEX_POINT('',#12405);
#3216=VERTEX_POINT('',#12407);
#3217=VERTEX_POINT('',#12409);
#3218=VERTEX_POINT('',#12411);
#3219=VERTEX_POINT('',#12414);
#3220=VERTEX_POINT('',#12415);
#3221=VERTEX_POINT('',#12417);
#3222=VERTEX_POINT('',#12419);
#3223=VERTEX_POINT('',#12421);
#3224=VERTEX_POINT('',#12423);
#3225=VERTEX_POINT('',#12425);
#3226=VERTEX_POINT('',#12427);
#3227=VERTEX_POINT('',#12430);
#3228=VERTEX_POINT('',#12432);
#3229=VERTEX_POINT('',#12434);
#3230=VERTEX_POINT('',#12435);
#3231=VERTEX_POINT('',#12437);
#3232=VERTEX_POINT('',#12439);
#3233=VERTEX_POINT('',#12441);
#3234=VERTEX_POINT('',#12443);
#3235=VERTEX_POINT('',#12445);
#3236=VERTEX_POINT('',#12447);
#3237=VERTEX_POINT('',#12450);
#3238=VERTEX_POINT('',#12451);
#3239=VERTEX_POINT('',#12453);
#3240=VERTEX_POINT('',#12455);
#3241=VERTEX_POINT('',#12457);
#3242=VERTEX_POINT('',#12459);
#3243=VERTEX_POINT('',#12461);
#3244=VERTEX_POINT('',#12463);
#3245=VERTEX_POINT('',#12466);
#3246=VERTEX_POINT('',#12467);
#3247=VERTEX_POINT('',#12469);
#3248=VERTEX_POINT('',#12471);
#3249=VERTEX_POINT('',#12473);
#3250=VERTEX_POINT('',#12475);
#3251=VERTEX_POINT('',#12477);
#3252=VERTEX_POINT('',#12479);
#3253=VERTEX_POINT('',#12482);
#3254=VERTEX_POINT('',#12483);
#3255=VERTEX_POINT('',#12485);
#3256=VERTEX_POINT('',#12487);
#3257=VERTEX_POINT('',#12489);
#3258=VERTEX_POINT('',#12491);
#3259=VERTEX_POINT('',#12493);
#3260=VERTEX_POINT('',#12495);
#3261=VERTEX_POINT('',#12503);
#3262=VERTEX_POINT('',#12504);
#3263=VERTEX_POINT('',#12506);
#3264=VERTEX_POINT('',#12508);
#3265=VERTEX_POINT('',#12510);
#3266=VERTEX_POINT('',#12512);
#3267=VERTEX_POINT('',#12514);
#3268=VERTEX_POINT('',#12516);
#3269=VERTEX_POINT('',#12519);
#3270=VERTEX_POINT('',#12520);
#3271=VERTEX_POINT('',#12522);
#3272=VERTEX_POINT('',#12524);
#3273=VERTEX_POINT('',#12526);
#3274=VERTEX_POINT('',#12528);
#3275=VERTEX_POINT('',#12530);
#3276=VERTEX_POINT('',#12532);
#3277=VERTEX_POINT('',#12535);
#3278=VERTEX_POINT('',#12536);
#3279=VERTEX_POINT('',#12538);
#3280=VERTEX_POINT('',#12540);
#3281=VERTEX_POINT('',#12542);
#3282=VERTEX_POINT('',#12544);
#3283=VERTEX_POINT('',#12546);
#3284=VERTEX_POINT('',#12548);
#3285=VERTEX_POINT('',#12551);
#3286=VERTEX_POINT('',#12552);
#3287=VERTEX_POINT('',#12554);
#3288=VERTEX_POINT('',#12556);
#3289=VERTEX_POINT('',#12558);
#3290=VERTEX_POINT('',#12560);
#3291=VERTEX_POINT('',#12562);
#3292=VERTEX_POINT('',#12564);
#3293=VERTEX_POINT('',#12567);
#3294=VERTEX_POINT('',#12568);
#3295=VERTEX_POINT('',#12570);
#3296=VERTEX_POINT('',#12572);
#3297=VERTEX_POINT('',#12574);
#3298=VERTEX_POINT('',#12576);
#3299=VERTEX_POINT('',#12578);
#3300=VERTEX_POINT('',#12580);
#3301=VERTEX_POINT('',#12583);
#3302=VERTEX_POINT('',#12585);
#3303=VERTEX_POINT('',#12587);
#3304=VERTEX_POINT('',#12588);
#3305=VERTEX_POINT('',#12590);
#3306=VERTEX_POINT('',#12592);
#3307=VERTEX_POINT('',#12594);
#3308=VERTEX_POINT('',#12596);
#3309=VERTEX_POINT('',#12598);
#3310=VERTEX_POINT('',#12600);
#3311=VERTEX_POINT('',#12603);
#3312=VERTEX_POINT('',#12604);
#3313=VERTEX_POINT('',#12606);
#3314=VERTEX_POINT('',#12608);
#3315=VERTEX_POINT('',#12610);
#3316=VERTEX_POINT('',#12612);
#3317=VERTEX_POINT('',#12614);
#3318=VERTEX_POINT('',#12616);
#3319=VERTEX_POINT('',#12619);
#3320=VERTEX_POINT('',#12620);
#3321=VERTEX_POINT('',#12622);
#3322=VERTEX_POINT('',#12624);
#3323=VERTEX_POINT('',#12626);
#3324=VERTEX_POINT('',#12628);
#3325=VERTEX_POINT('',#12630);
#3326=VERTEX_POINT('',#12632);
#3327=VERTEX_POINT('',#12635);
#3328=VERTEX_POINT('',#12636);
#3329=VERTEX_POINT('',#12638);
#3330=VERTEX_POINT('',#12640);
#3331=VERTEX_POINT('',#12642);
#3332=VERTEX_POINT('',#12644);
#3333=VERTEX_POINT('',#12646);
#3334=VERTEX_POINT('',#12648);
#3335=VERTEX_POINT('',#12651);
#3336=VERTEX_POINT('',#12653);
#3337=VERTEX_POINT('',#12655);
#3338=VERTEX_POINT('',#12656);
#3339=VERTEX_POINT('',#12658);
#3340=VERTEX_POINT('',#12660);
#3341=VERTEX_POINT('',#12662);
#3342=VERTEX_POINT('',#12664);
#3343=VERTEX_POINT('',#12666);
#3344=VERTEX_POINT('',#12668);
#3345=VERTEX_POINT('',#12671);
#3346=VERTEX_POINT('',#12673);
#3347=VERTEX_POINT('',#12674);
#3348=VERTEX_POINT('',#12676);
#3349=VERTEX_POINT('',#12678);
#3350=VERTEX_POINT('',#12680);
#3351=VERTEX_POINT('',#12682);
#3352=VERTEX_POINT('',#12684);
#3353=VERTEX_POINT('',#12686);
#3354=EDGE_CURVE('',#2696,#2697,#2574,.T.);
#3355=EDGE_CURVE('',#2697,#2698,#1444,.T.);
#3356=EDGE_CURVE('',#2698,#2699,#2575,.T.);
#3357=EDGE_CURVE('',#2699,#2696,#1445,.T.);
#3358=EDGE_CURVE('',#2696,#2700,#1446,.T.);
#3359=EDGE_CURVE('',#2701,#2700,#2576,.T.);
#3360=EDGE_CURVE('',#2701,#2702,#1447,.T.);
#3361=EDGE_CURVE('',#2703,#2702,#2577,.T.);
#3362=EDGE_CURVE('',#2703,#2704,#1448,.T.);
#3363=EDGE_CURVE('',#2705,#2704,#2578,.T.);
#3364=EDGE_CURVE('',#2705,#2706,#1449,.T.);
#3365=EDGE_CURVE('',#2706,#2707,#1450,.T.);
#3366=EDGE_CURVE('',#2707,#2708,#1451,.T.);
#3367=EDGE_CURVE('',#2708,#2709,#1452,.T.);
#3368=EDGE_CURVE('',#2709,#2710,#1453,.T.);
#3369=EDGE_CURVE('',#2710,#2711,#1454,.T.);
#3370=EDGE_CURVE('',#2711,#2712,#1455,.T.);
#3371=EDGE_CURVE('',#2712,#2713,#1456,.T.);
#3372=EDGE_CURVE('',#2713,#2697,#1457,.T.);
#3373=EDGE_CURVE('',#2714,#2714,#2579,.T.);
#3374=EDGE_CURVE('',#2715,#2715,#2580,.T.);
#3375=EDGE_CURVE('',#2716,#2716,#2581,.T.);
#3376=EDGE_CURVE('',#2717,#2717,#2582,.T.);
#3377=EDGE_CURVE('',#2718,#2699,#1458,.T.);
#3378=EDGE_CURVE('',#2700,#2718,#1459,.T.);
#3379=EDGE_CURVE('',#2718,#2719,#2583,.T.);
#3380=EDGE_CURVE('',#2719,#2701,#1460,.T.);
#3381=EDGE_CURVE('',#2704,#2720,#1461,.T.);
#3382=EDGE_CURVE('',#2720,#2721,#2584,.T.);
#3383=EDGE_CURVE('',#2721,#2705,#1462,.T.);
#3384=EDGE_CURVE('',#2722,#2703,#1463,.T.);
#3385=EDGE_CURVE('',#2720,#2722,#1464,.T.);
#3386=EDGE_CURVE('',#2702,#2723,#1465,.T.);
#3387=EDGE_CURVE('',#2723,#2722,#2585,.T.);
#3388=EDGE_CURVE('',#2723,#2719,#1466,.T.);
#3389=EDGE_CURVE('',#2724,#2706,#1467,.T.);
#3390=EDGE_CURVE('',#2724,#2725,#1468,.T.);
#3391=EDGE_CURVE('',#2707,#2725,#1469,.T.);
#3392=EDGE_CURVE('',#2726,#2712,#1470,.T.);
#3393=EDGE_CURVE('',#2726,#2727,#1471,.T.);
#3394=EDGE_CURVE('',#2713,#2727,#1472,.T.);
#3395=EDGE_CURVE('',#2725,#2726,#1473,.T.);
#3396=EDGE_CURVE('',#2727,#2724,#1474,.T.);
#3397=EDGE_CURVE('',#2728,#2711,#1475,.T.);
#3398=EDGE_CURVE('',#2728,#2729,#1476,.T.);
#3399=EDGE_CURVE('',#2729,#2708,#1477,.T.);
#3400=EDGE_CURVE('',#2730,#2731,#1478,.T.);
#3401=EDGE_CURVE('',#2729,#2730,#1479,.T.);
#3402=EDGE_CURVE('',#2731,#2728,#1480,.T.);
#3403=EDGE_CURVE('',#2730,#2709,#1481,.T.);
#3404=EDGE_CURVE('',#2732,#2732,#2586,.T.);
#3405=EDGE_CURVE('',#2732,#2733,#1482,.T.);
#3406=EDGE_CURVE('',#2733,#2733,#2587,.T.);
#3407=EDGE_CURVE('',#2734,#2734,#2588,.T.);
#3408=EDGE_CURVE('',#2734,#2735,#1483,.T.);
#3409=EDGE_CURVE('',#2735,#2735,#2589,.T.);
#3410=EDGE_CURVE('',#2736,#2736,#2590,.T.);
#3411=EDGE_CURVE('',#2736,#2737,#1484,.T.);
#3412=EDGE_CURVE('',#2737,#2737,#2591,.T.);
#3413=EDGE_CURVE('',#2738,#2738,#2592,.T.);
#3414=EDGE_CURVE('',#2738,#2739,#1485,.T.);
#3415=EDGE_CURVE('',#2739,#2739,#2593,.T.);
#3416=EDGE_CURVE('',#2731,#2710,#1486,.T.);
#3417=EDGE_CURVE('',#2698,#2721,#1487,.T.);
#3418=EDGE_CURVE('',#2716,#2740,#1488,.T.);
#3419=EDGE_CURVE('',#2740,#2740,#2594,.T.);
#3420=EDGE_CURVE('',#2715,#2741,#1489,.T.);
#3421=EDGE_CURVE('',#2741,#2741,#2595,.T.);
#3422=EDGE_CURVE('',#2717,#2742,#1490,.T.);
#3423=EDGE_CURVE('',#2742,#2742,#2596,.T.);
#3424=EDGE_CURVE('',#2714,#2743,#1491,.T.);
#3425=EDGE_CURVE('',#2743,#2743,#2597,.T.);
#3426=EDGE_CURVE('',#2744,#2745,#26,.T.);
#3427=EDGE_CURVE('',#2744,#2746,#1492,.T.);
#3428=EDGE_CURVE('',#2746,#2747,#27,.T.);
#3429=EDGE_CURVE('',#2745,#2747,#1493,.T.);
#3430=EDGE_CURVE('',#2748,#2744,#28,.T.);
#3431=EDGE_CURVE('',#2748,#2749,#1494,.T.);
#3432=EDGE_CURVE('',#2749,#2746,#29,.T.);
#3433=EDGE_CURVE('',#2750,#2748,#30,.T.);
#3434=EDGE_CURVE('',#2750,#2751,#1495,.T.);
#3435=EDGE_CURVE('',#2751,#2749,#31,.T.);
#3436=EDGE_CURVE('',#2752,#2750,#1496,.T.);
#3437=EDGE_CURVE('',#2752,#2753,#1497,.T.);
#3438=EDGE_CURVE('',#2753,#2751,#1498,.T.);
#3439=EDGE_CURVE('',#2754,#2752,#1499,.T.);
#3440=EDGE_CURVE('',#2754,#2755,#1500,.T.);
#3441=EDGE_CURVE('',#2755,#2753,#1501,.T.);
#3442=EDGE_CURVE('',#2756,#2754,#1502,.T.);
#3443=EDGE_CURVE('',#2756,#2757,#1503,.T.);
#3444=EDGE_CURVE('',#2757,#2755,#1504,.T.);
#3445=EDGE_CURVE('',#2758,#2756,#32,.T.);
#3446=EDGE_CURVE('',#2758,#2759,#1505,.T.);
#3447=EDGE_CURVE('',#2759,#2757,#33,.T.);
#3448=EDGE_CURVE('',#2760,#2758,#34,.T.);
#3449=EDGE_CURVE('',#2760,#2761,#1506,.T.);
#3450=EDGE_CURVE('',#2761,#2759,#35,.T.);
#3451=EDGE_CURVE('',#2762,#2760,#1507,.T.);
#3452=EDGE_CURVE('',#2762,#2763,#1508,.T.);
#3453=EDGE_CURVE('',#2763,#2761,#1509,.T.);
#3454=EDGE_CURVE('',#2764,#2762,#1510,.T.);
#3455=EDGE_CURVE('',#2764,#2765,#1511,.T.);
#3456=EDGE_CURVE('',#2765,#2763,#1512,.T.);
#3457=EDGE_CURVE('',#2766,#2764,#1513,.T.);
#3458=EDGE_CURVE('',#2766,#2767,#1514,.T.);
#3459=EDGE_CURVE('',#2767,#2765,#1515,.T.);
#3460=EDGE_CURVE('',#2768,#2766,#36,.T.);
#3461=EDGE_CURVE('',#2768,#2769,#1516,.T.);
#3462=EDGE_CURVE('',#2769,#2767,#37,.T.);
#3463=EDGE_CURVE('',#2770,#2768,#38,.T.);
#3464=EDGE_CURVE('',#2770,#2771,#1517,.T.);
#3465=EDGE_CURVE('',#2771,#2769,#39,.T.);
#3466=EDGE_CURVE('',#2772,#2770,#40,.T.);
#3467=EDGE_CURVE('',#2772,#2773,#1518,.T.);
#3468=EDGE_CURVE('',#2773,#2771,#41,.T.);
#3469=EDGE_CURVE('',#2774,#2772,#42,.T.);
#3470=EDGE_CURVE('',#2774,#2775,#1519,.T.);
#3471=EDGE_CURVE('',#2775,#2773,#43,.T.);
#3472=EDGE_CURVE('',#2776,#2774,#44,.T.);
#3473=EDGE_CURVE('',#2776,#2777,#1520,.T.);
#3474=EDGE_CURVE('',#2777,#2775,#45,.T.);
#3475=EDGE_CURVE('',#2778,#2776,#1521,.T.);
#3476=EDGE_CURVE('',#2778,#2779,#1522,.T.);
#3477=EDGE_CURVE('',#2779,#2777,#1523,.T.);
#3478=EDGE_CURVE('',#2745,#2778,#46,.T.);
#3479=EDGE_CURVE('',#2747,#2779,#47,.T.);
#3480=EDGE_CURVE('',#2780,#2781,#48,.T.);
#3481=EDGE_CURVE('',#2780,#2782,#1524,.T.);
#3482=EDGE_CURVE('',#2782,#2783,#49,.T.);
#3483=EDGE_CURVE('',#2781,#2783,#1525,.T.);
#3484=EDGE_CURVE('',#2784,#2780,#50,.T.);
#3485=EDGE_CURVE('',#2784,#2785,#1526,.T.);
#3486=EDGE_CURVE('',#2785,#2782,#51,.T.);
#3487=EDGE_CURVE('',#2786,#2784,#52,.T.);
#3488=EDGE_CURVE('',#2786,#2787,#1527,.T.);
#3489=EDGE_CURVE('',#2787,#2785,#53,.T.);
#3490=EDGE_CURVE('',#2788,#2786,#54,.T.);
#3491=EDGE_CURVE('',#2788,#2789,#1528,.T.);
#3492=EDGE_CURVE('',#2789,#2787,#55,.T.);
#3493=EDGE_CURVE('',#2790,#2788,#56,.T.);
#3494=EDGE_CURVE('',#2790,#2791,#1529,.T.);
#3495=EDGE_CURVE('',#2791,#2789,#57,.T.);
#3496=EDGE_CURVE('',#2792,#2790,#58,.T.);
#3497=EDGE_CURVE('',#2792,#2793,#1530,.T.);
#3498=EDGE_CURVE('',#2793,#2791,#59,.T.);
#3499=EDGE_CURVE('',#2794,#2792,#60,.T.);
#3500=EDGE_CURVE('',#2794,#2795,#1531,.T.);
#3501=EDGE_CURVE('',#2795,#2793,#61,.T.);
#3502=EDGE_CURVE('',#2796,#2794,#62,.T.);
#3503=EDGE_CURVE('',#2796,#2797,#1532,.T.);
#3504=EDGE_CURVE('',#2797,#2795,#63,.T.);
#3505=EDGE_CURVE('',#2798,#2796,#64,.T.);
#3506=EDGE_CURVE('',#2798,#2799,#1533,.T.);
#3507=EDGE_CURVE('',#2799,#2797,#65,.T.);
#3508=EDGE_CURVE('',#2781,#2798,#1534,.T.);
#3509=EDGE_CURVE('',#2783,#2799,#1535,.T.);
#3510=EDGE_CURVE('',#2800,#2801,#1536,.T.);
#3511=EDGE_CURVE('',#2800,#2802,#1537,.T.);
#3512=EDGE_CURVE('',#2802,#2803,#1538,.T.);
#3513=EDGE_CURVE('',#2801,#2803,#1539,.T.);
#3514=EDGE_CURVE('',#2804,#2800,#66,.T.);
#3515=EDGE_CURVE('',#2804,#2805,#1540,.T.);
#3516=EDGE_CURVE('',#2805,#2802,#67,.T.);
#3517=EDGE_CURVE('',#2806,#2804,#68,.T.);
#3518=EDGE_CURVE('',#2806,#2807,#1541,.T.);
#3519=EDGE_CURVE('',#2807,#2805,#69,.T.);
#3520=EDGE_CURVE('',#2808,#2806,#1542,.T.);
#3521=EDGE_CURVE('',#2808,#2809,#1543,.T.);
#3522=EDGE_CURVE('',#2809,#2807,#1544,.T.);
#3523=EDGE_CURVE('',#2810,#2808,#70,.T.);
#3524=EDGE_CURVE('',#2810,#2811,#1545,.T.);
#3525=EDGE_CURVE('',#2811,#2809,#71,.T.);
#3526=EDGE_CURVE('',#2812,#2810,#72,.T.);
#3527=EDGE_CURVE('',#2812,#2813,#1546,.T.);
#3528=EDGE_CURVE('',#2813,#2811,#73,.T.);
#3529=EDGE_CURVE('',#2814,#2812,#74,.T.);
#3530=EDGE_CURVE('',#2814,#2815,#1547,.T.);
#3531=EDGE_CURVE('',#2815,#2813,#75,.T.);
#3532=EDGE_CURVE('',#2816,#2814,#76,.T.);
#3533=EDGE_CURVE('',#2816,#2817,#1548,.T.);
#3534=EDGE_CURVE('',#2817,#2815,#77,.T.);
#3535=EDGE_CURVE('',#2818,#2816,#78,.T.);
#3536=EDGE_CURVE('',#2818,#2819,#1549,.T.);
#3537=EDGE_CURVE('',#2819,#2817,#79,.T.);
#3538=EDGE_CURVE('',#2820,#2818,#80,.T.);
#3539=EDGE_CURVE('',#2820,#2821,#1550,.T.);
#3540=EDGE_CURVE('',#2821,#2819,#81,.T.);
#3541=EDGE_CURVE('',#2822,#2820,#82,.T.);
#3542=EDGE_CURVE('',#2822,#2823,#1551,.T.);
#3543=EDGE_CURVE('',#2823,#2821,#83,.T.);
#3544=EDGE_CURVE('',#2824,#2822,#1552,.T.);
#3545=EDGE_CURVE('',#2824,#2825,#1553,.T.);
#3546=EDGE_CURVE('',#2825,#2823,#1554,.T.);
#3547=EDGE_CURVE('',#2826,#2824,#84,.T.);
#3548=EDGE_CURVE('',#2826,#2827,#1555,.T.);
#3549=EDGE_CURVE('',#2827,#2825,#85,.T.);
#3550=EDGE_CURVE('',#2828,#2826,#86,.T.);
#3551=EDGE_CURVE('',#2828,#2829,#1556,.T.);
#3552=EDGE_CURVE('',#2829,#2827,#87,.T.);
#3553=EDGE_CURVE('',#2830,#2828,#88,.T.);
#3554=EDGE_CURVE('',#2830,#2831,#1557,.T.);
#3555=EDGE_CURVE('',#2831,#2829,#89,.T.);
#3556=EDGE_CURVE('',#2832,#2830,#90,.T.);
#3557=EDGE_CURVE('',#2832,#2833,#1558,.T.);
#3558=EDGE_CURVE('',#2833,#2831,#91,.T.);
#3559=EDGE_CURVE('',#2834,#2832,#92,.T.);
#3560=EDGE_CURVE('',#2834,#2835,#1559,.T.);
#3561=EDGE_CURVE('',#2835,#2833,#93,.T.);
#3562=EDGE_CURVE('',#2836,#2834,#94,.T.);
#3563=EDGE_CURVE('',#2836,#2837,#1560,.T.);
#3564=EDGE_CURVE('',#2837,#2835,#95,.T.);
#3565=EDGE_CURVE('',#2838,#2836,#96,.T.);
#3566=EDGE_CURVE('',#2838,#2839,#1561,.T.);
#3567=EDGE_CURVE('',#2839,#2837,#97,.T.);
#3568=EDGE_CURVE('',#2840,#2838,#98,.T.);
#3569=EDGE_CURVE('',#2840,#2841,#1562,.T.);
#3570=EDGE_CURVE('',#2841,#2839,#99,.T.);
#3571=EDGE_CURVE('',#2842,#2840,#100,.T.);
#3572=EDGE_CURVE('',#2842,#2843,#1563,.T.);
#3573=EDGE_CURVE('',#2843,#2841,#101,.T.);
#3574=EDGE_CURVE('',#2844,#2842,#102,.T.);
#3575=EDGE_CURVE('',#2844,#2845,#1564,.T.);
#3576=EDGE_CURVE('',#2845,#2843,#103,.T.);
#3577=EDGE_CURVE('',#2846,#2844,#104,.T.);
#3578=EDGE_CURVE('',#2846,#2847,#1565,.T.);
#3579=EDGE_CURVE('',#2847,#2845,#105,.T.);
#3580=EDGE_CURVE('',#2848,#2846,#106,.T.);
#3581=EDGE_CURVE('',#2848,#2849,#1566,.T.);
#3582=EDGE_CURVE('',#2849,#2847,#107,.T.);
#3583=EDGE_CURVE('',#2850,#2848,#108,.T.);
#3584=EDGE_CURVE('',#2850,#2851,#1567,.T.);
#3585=EDGE_CURVE('',#2851,#2849,#109,.T.);
#3586=EDGE_CURVE('',#2852,#2850,#110,.T.);
#3587=EDGE_CURVE('',#2852,#2853,#1568,.T.);
#3588=EDGE_CURVE('',#2853,#2851,#111,.T.);
#3589=EDGE_CURVE('',#2801,#2852,#112,.T.);
#3590=EDGE_CURVE('',#2803,#2853,#113,.T.);
#3591=EDGE_CURVE('',#2854,#2855,#114,.T.);
#3592=EDGE_CURVE('',#2854,#2856,#1569,.T.);
#3593=EDGE_CURVE('',#2856,#2857,#115,.T.);
#3594=EDGE_CURVE('',#2855,#2857,#1570,.T.);
#3595=EDGE_CURVE('',#2858,#2854,#116,.T.);
#3596=EDGE_CURVE('',#2858,#2859,#1571,.T.);
#3597=EDGE_CURVE('',#2859,#2856,#117,.T.);
#3598=EDGE_CURVE('',#2860,#2858,#118,.T.);
#3599=EDGE_CURVE('',#2860,#2861,#1572,.T.);
#3600=EDGE_CURVE('',#2861,#2859,#119,.T.);
#3601=EDGE_CURVE('',#2862,#2860,#120,.T.);
#3602=EDGE_CURVE('',#2862,#2863,#1573,.T.);
#3603=EDGE_CURVE('',#2863,#2861,#121,.T.);
#3604=EDGE_CURVE('',#2864,#2862,#122,.T.);
#3605=EDGE_CURVE('',#2864,#2865,#1574,.T.);
#3606=EDGE_CURVE('',#2865,#2863,#123,.T.);
#3607=EDGE_CURVE('',#2866,#2864,#124,.T.);
#3608=EDGE_CURVE('',#2866,#2867,#1575,.T.);
#3609=EDGE_CURVE('',#2867,#2865,#125,.T.);
#3610=EDGE_CURVE('',#2868,#2866,#126,.T.);
#3611=EDGE_CURVE('',#2868,#2869,#1576,.T.);
#3612=EDGE_CURVE('',#2869,#2867,#127,.T.);
#3613=EDGE_CURVE('',#2855,#2868,#128,.T.);
#3614=EDGE_CURVE('',#2857,#2869,#129,.T.);
#3615=EDGE_CURVE('',#2870,#2871,#1577,.T.);
#3616=EDGE_CURVE('',#2870,#2872,#1578,.T.);
#3617=EDGE_CURVE('',#2872,#2873,#1579,.T.);
#3618=EDGE_CURVE('',#2871,#2873,#1580,.T.);
#3619=EDGE_CURVE('',#2874,#2870,#1581,.T.);
#3620=EDGE_CURVE('',#2874,#2875,#1582,.T.);
#3621=EDGE_CURVE('',#2875,#2872,#1583,.T.);
#3622=EDGE_CURVE('',#2876,#2874,#1584,.T.);
#3623=EDGE_CURVE('',#2876,#2877,#1585,.T.);
#3624=EDGE_CURVE('',#2877,#2875,#1586,.T.);
#3625=EDGE_CURVE('',#2878,#2876,#130,.T.);
#3626=EDGE_CURVE('',#2878,#2879,#1587,.T.);
#3627=EDGE_CURVE('',#2879,#2877,#131,.T.);
#3628=EDGE_CURVE('',#2880,#2878,#132,.T.);
#3629=EDGE_CURVE('',#2880,#2881,#1588,.T.);
#3630=EDGE_CURVE('',#2881,#2879,#133,.T.);
#3631=EDGE_CURVE('',#2882,#2880,#134,.T.);
#3632=EDGE_CURVE('',#2882,#2883,#1589,.T.);
#3633=EDGE_CURVE('',#2883,#2881,#135,.T.);
#3634=EDGE_CURVE('',#2884,#2882,#136,.T.);
#3635=EDGE_CURVE('',#2884,#2885,#1590,.T.);
#3636=EDGE_CURVE('',#2885,#2883,#137,.T.);
#3637=EDGE_CURVE('',#2886,#2884,#138,.T.);
#3638=EDGE_CURVE('',#2886,#2887,#1591,.T.);
#3639=EDGE_CURVE('',#2887,#2885,#139,.T.);
#3640=EDGE_CURVE('',#2888,#2886,#140,.T.);
#3641=EDGE_CURVE('',#2888,#2889,#1592,.T.);
#3642=EDGE_CURVE('',#2889,#2887,#141,.T.);
#3643=EDGE_CURVE('',#2890,#2888,#142,.T.);
#3644=EDGE_CURVE('',#2890,#2891,#1593,.T.);
#3645=EDGE_CURVE('',#2891,#2889,#143,.T.);
#3646=EDGE_CURVE('',#2892,#2890,#144,.T.);
#3647=EDGE_CURVE('',#2892,#2893,#1594,.T.);
#3648=EDGE_CURVE('',#2893,#2891,#145,.T.);
#3649=EDGE_CURVE('',#2894,#2892,#146,.T.);
#3650=EDGE_CURVE('',#2894,#2895,#1595,.T.);
#3651=EDGE_CURVE('',#2895,#2893,#147,.T.);
#3652=EDGE_CURVE('',#2896,#2894,#1596,.T.);
#3653=EDGE_CURVE('',#2896,#2897,#1597,.T.);
#3654=EDGE_CURVE('',#2897,#2895,#1598,.T.);
#3655=EDGE_CURVE('',#2871,#2896,#1599,.T.);
#3656=EDGE_CURVE('',#2873,#2897,#1600,.T.);
#3657=EDGE_CURVE('',#2898,#2899,#148,.T.);
#3658=EDGE_CURVE('',#2898,#2900,#1601,.T.);
#3659=EDGE_CURVE('',#2900,#2901,#149,.T.);
#3660=EDGE_CURVE('',#2899,#2901,#1602,.T.);
#3661=EDGE_CURVE('',#2902,#2898,#150,.T.);
#3662=EDGE_CURVE('',#2902,#2903,#1603,.T.);
#3663=EDGE_CURVE('',#2903,#2900,#151,.T.);
#3664=EDGE_CURVE('',#2904,#2902,#152,.T.);
#3665=EDGE_CURVE('',#2904,#2905,#1604,.T.);
#3666=EDGE_CURVE('',#2905,#2903,#153,.T.);
#3667=EDGE_CURVE('',#2906,#2904,#154,.T.);
#3668=EDGE_CURVE('',#2906,#2907,#1605,.T.);
#3669=EDGE_CURVE('',#2907,#2905,#155,.T.);
#3670=EDGE_CURVE('',#2908,#2906,#156,.T.);
#3671=EDGE_CURVE('',#2908,#2909,#1606,.T.);
#3672=EDGE_CURVE('',#2909,#2907,#157,.T.);
#3673=EDGE_CURVE('',#2910,#2908,#158,.T.);
#3674=EDGE_CURVE('',#2910,#2911,#1607,.T.);
#3675=EDGE_CURVE('',#2911,#2909,#159,.T.);
#3676=EDGE_CURVE('',#2912,#2910,#160,.T.);
#3677=EDGE_CURVE('',#2912,#2913,#1608,.T.);
#3678=EDGE_CURVE('',#2913,#2911,#161,.T.);
#3679=EDGE_CURVE('',#2899,#2912,#162,.T.);
#3680=EDGE_CURVE('',#2901,#2913,#163,.T.);
#3681=EDGE_CURVE('',#2914,#2915,#164,.T.);
#3682=EDGE_CURVE('',#2914,#2916,#1609,.T.);
#3683=EDGE_CURVE('',#2916,#2917,#165,.T.);
#3684=EDGE_CURVE('',#2915,#2917,#1610,.T.);
#3685=EDGE_CURVE('',#2918,#2914,#166,.T.);
#3686=EDGE_CURVE('',#2918,#2919,#1611,.T.);
#3687=EDGE_CURVE('',#2919,#2916,#167,.T.);
#3688=EDGE_CURVE('',#2920,#2918,#168,.T.);
#3689=EDGE_CURVE('',#2920,#2921,#1612,.T.);
#3690=EDGE_CURVE('',#2921,#2919,#169,.T.);
#3691=EDGE_CURVE('',#2922,#2920,#170,.T.);
#3692=EDGE_CURVE('',#2922,#2923,#1613,.T.);
#3693=EDGE_CURVE('',#2923,#2921,#171,.T.);
#3694=EDGE_CURVE('',#2924,#2922,#172,.T.);
#3695=EDGE_CURVE('',#2924,#2925,#1614,.T.);
#3696=EDGE_CURVE('',#2925,#2923,#173,.T.);
#3697=EDGE_CURVE('',#2926,#2924,#174,.T.);
#3698=EDGE_CURVE('',#2926,#2927,#1615,.T.);
#3699=EDGE_CURVE('',#2927,#2925,#175,.T.);
#3700=EDGE_CURVE('',#2928,#2926,#176,.T.);
#3701=EDGE_CURVE('',#2928,#2929,#1616,.T.);
#3702=EDGE_CURVE('',#2929,#2927,#177,.T.);
#3703=EDGE_CURVE('',#2930,#2928,#178,.T.);
#3704=EDGE_CURVE('',#2930,#2931,#1617,.T.);
#3705=EDGE_CURVE('',#2931,#2929,#179,.T.);
#3706=EDGE_CURVE('',#2915,#2930,#180,.T.);
#3707=EDGE_CURVE('',#2917,#2931,#181,.T.);
#3708=EDGE_CURVE('',#2932,#2933,#182,.T.);
#3709=EDGE_CURVE('',#2932,#2934,#1618,.T.);
#3710=EDGE_CURVE('',#2934,#2935,#183,.T.);
#3711=EDGE_CURVE('',#2933,#2935,#1619,.T.);
#3712=EDGE_CURVE('',#2936,#2932,#184,.T.);
#3713=EDGE_CURVE('',#2936,#2937,#1620,.T.);
#3714=EDGE_CURVE('',#2937,#2934,#185,.T.);
#3715=EDGE_CURVE('',#2938,#2936,#186,.T.);
#3716=EDGE_CURVE('',#2938,#2939,#1621,.T.);
#3717=EDGE_CURVE('',#2939,#2937,#187,.T.);
#3718=EDGE_CURVE('',#2940,#2938,#188,.T.);
#3719=EDGE_CURVE('',#2940,#2941,#1622,.T.);
#3720=EDGE_CURVE('',#2941,#2939,#189,.T.);
#3721=EDGE_CURVE('',#2942,#2940,#190,.T.);
#3722=EDGE_CURVE('',#2942,#2943,#1623,.T.);
#3723=EDGE_CURVE('',#2943,#2941,#191,.T.);
#3724=EDGE_CURVE('',#2944,#2942,#192,.T.);
#3725=EDGE_CURVE('',#2944,#2945,#1624,.T.);
#3726=EDGE_CURVE('',#2945,#2943,#193,.T.);
#3727=EDGE_CURVE('',#2946,#2944,#194,.T.);
#3728=EDGE_CURVE('',#2946,#2947,#1625,.T.);
#3729=EDGE_CURVE('',#2947,#2945,#195,.T.);
#3730=EDGE_CURVE('',#2948,#2946,#196,.T.);
#3731=EDGE_CURVE('',#2948,#2949,#1626,.T.);
#3732=EDGE_CURVE('',#2949,#2947,#197,.T.);
#3733=EDGE_CURVE('',#2950,#2948,#198,.T.);
#3734=EDGE_CURVE('',#2950,#2951,#1627,.T.);
#3735=EDGE_CURVE('',#2951,#2949,#199,.T.);
#3736=EDGE_CURVE('',#2933,#2950,#1628,.T.);
#3737=EDGE_CURVE('',#2935,#2951,#1629,.T.);
#3738=EDGE_CURVE('',#2952,#2953,#1630,.T.);
#3739=EDGE_CURVE('',#2952,#2954,#1631,.T.);
#3740=EDGE_CURVE('',#2954,#2955,#1632,.T.);
#3741=EDGE_CURVE('',#2953,#2955,#1633,.T.);
#3742=EDGE_CURVE('',#2956,#2952,#200,.T.);
#3743=EDGE_CURVE('',#2956,#2957,#1634,.T.);
#3744=EDGE_CURVE('',#2957,#2954,#201,.T.);
#3745=EDGE_CURVE('',#2958,#2956,#202,.T.);
#3746=EDGE_CURVE('',#2958,#2959,#1635,.T.);
#3747=EDGE_CURVE('',#2959,#2957,#203,.T.);
#3748=EDGE_CURVE('',#2960,#2958,#1636,.T.);
#3749=EDGE_CURVE('',#2960,#2961,#1637,.T.);
#3750=EDGE_CURVE('',#2961,#2959,#1638,.T.);
#3751=EDGE_CURVE('',#2962,#2960,#204,.T.);
#3752=EDGE_CURVE('',#2962,#2963,#1639,.T.);
#3753=EDGE_CURVE('',#2963,#2961,#205,.T.);
#3754=EDGE_CURVE('',#2964,#2962,#206,.T.);
#3755=EDGE_CURVE('',#2964,#2965,#1640,.T.);
#3756=EDGE_CURVE('',#2965,#2963,#207,.T.);
#3757=EDGE_CURVE('',#2966,#2964,#208,.T.);
#3758=EDGE_CURVE('',#2966,#2967,#1641,.T.);
#3759=EDGE_CURVE('',#2967,#2965,#209,.T.);
#3760=EDGE_CURVE('',#2968,#2966,#210,.T.);
#3761=EDGE_CURVE('',#2968,#2969,#1642,.T.);
#3762=EDGE_CURVE('',#2969,#2967,#211,.T.);
#3763=EDGE_CURVE('',#2970,#2968,#212,.T.);
#3764=EDGE_CURVE('',#2970,#2971,#1643,.T.);
#3765=EDGE_CURVE('',#2971,#2969,#213,.T.);
#3766=EDGE_CURVE('',#2972,#2970,#214,.T.);
#3767=EDGE_CURVE('',#2972,#2973,#1644,.T.);
#3768=EDGE_CURVE('',#2973,#2971,#215,.T.);
#3769=EDGE_CURVE('',#2974,#2972,#216,.T.);
#3770=EDGE_CURVE('',#2974,#2975,#1645,.T.);
#3771=EDGE_CURVE('',#2975,#2973,#217,.T.);
#3772=EDGE_CURVE('',#2976,#2974,#1646,.T.);
#3773=EDGE_CURVE('',#2976,#2977,#1647,.T.);
#3774=EDGE_CURVE('',#2977,#2975,#1648,.T.);
#3775=EDGE_CURVE('',#2978,#2976,#218,.T.);
#3776=EDGE_CURVE('',#2978,#2979,#1649,.T.);
#3777=EDGE_CURVE('',#2979,#2977,#219,.T.);
#3778=EDGE_CURVE('',#2980,#2978,#220,.T.);
#3779=EDGE_CURVE('',#2980,#2981,#1650,.T.);
#3780=EDGE_CURVE('',#2981,#2979,#221,.T.);
#3781=EDGE_CURVE('',#2982,#2980,#222,.T.);
#3782=EDGE_CURVE('',#2982,#2983,#1651,.T.);
#3783=EDGE_CURVE('',#2983,#2981,#223,.T.);
#3784=EDGE_CURVE('',#2984,#2982,#224,.T.);
#3785=EDGE_CURVE('',#2984,#2985,#1652,.T.);
#3786=EDGE_CURVE('',#2985,#2983,#225,.T.);
#3787=EDGE_CURVE('',#2986,#2984,#226,.T.);
#3788=EDGE_CURVE('',#2986,#2987,#1653,.T.);
#3789=EDGE_CURVE('',#2987,#2985,#227,.T.);
#3790=EDGE_CURVE('',#2988,#2986,#228,.T.);
#3791=EDGE_CURVE('',#2988,#2989,#1654,.T.);
#3792=EDGE_CURVE('',#2989,#2987,#229,.T.);
#3793=EDGE_CURVE('',#2990,#2988,#230,.T.);
#3794=EDGE_CURVE('',#2990,#2991,#1655,.T.);
#3795=EDGE_CURVE('',#2991,#2989,#231,.T.);
#3796=EDGE_CURVE('',#2992,#2990,#232,.T.);
#3797=EDGE_CURVE('',#2992,#2993,#1656,.T.);
#3798=EDGE_CURVE('',#2993,#2991,#233,.T.);
#3799=EDGE_CURVE('',#2994,#2992,#234,.T.);
#3800=EDGE_CURVE('',#2994,#2995,#1657,.T.);
#3801=EDGE_CURVE('',#2995,#2993,#235,.T.);
#3802=EDGE_CURVE('',#2996,#2994,#236,.T.);
#3803=EDGE_CURVE('',#2996,#2997,#1658,.T.);
#3804=EDGE_CURVE('',#2997,#2995,#237,.T.);
#3805=EDGE_CURVE('',#2998,#2996,#238,.T.);
#3806=EDGE_CURVE('',#2998,#2999,#1659,.T.);
#3807=EDGE_CURVE('',#2999,#2997,#239,.T.);
#3808=EDGE_CURVE('',#3000,#2998,#240,.T.);
#3809=EDGE_CURVE('',#3000,#3001,#1660,.T.);
#3810=EDGE_CURVE('',#3001,#2999,#241,.T.);
#3811=EDGE_CURVE('',#3002,#3000,#242,.T.);
#3812=EDGE_CURVE('',#3002,#3003,#1661,.T.);
#3813=EDGE_CURVE('',#3003,#3001,#243,.T.);
#3814=EDGE_CURVE('',#3004,#3002,#244,.T.);
#3815=EDGE_CURVE('',#3004,#3005,#1662,.T.);
#3816=EDGE_CURVE('',#3005,#3003,#245,.T.);
#3817=EDGE_CURVE('',#2953,#3004,#246,.T.);
#3818=EDGE_CURVE('',#2955,#3005,#247,.T.);
#3819=EDGE_CURVE('',#3006,#3007,#1663,.T.);
#3820=EDGE_CURVE('',#3006,#3008,#1664,.T.);
#3821=EDGE_CURVE('',#3008,#3009,#1665,.T.);
#3822=EDGE_CURVE('',#3007,#3009,#1666,.T.);
#3823=EDGE_CURVE('',#3010,#3006,#248,.T.);
#3824=EDGE_CURVE('',#3010,#3011,#1667,.T.);
#3825=EDGE_CURVE('',#3011,#3008,#249,.T.);
#3826=EDGE_CURVE('',#3012,#3010,#250,.T.);
#3827=EDGE_CURVE('',#3012,#3013,#1668,.T.);
#3828=EDGE_CURVE('',#3013,#3011,#251,.T.);
#3829=EDGE_CURVE('',#3014,#3012,#252,.T.);
#3830=EDGE_CURVE('',#3014,#3015,#1669,.T.);
#3831=EDGE_CURVE('',#3015,#3013,#253,.T.);
#3832=EDGE_CURVE('',#3016,#3014,#254,.T.);
#3833=EDGE_CURVE('',#3016,#3017,#1670,.T.);
#3834=EDGE_CURVE('',#3017,#3015,#255,.T.);
#3835=EDGE_CURVE('',#3018,#3016,#256,.T.);
#3836=EDGE_CURVE('',#3018,#3019,#1671,.T.);
#3837=EDGE_CURVE('',#3019,#3017,#257,.T.);
#3838=EDGE_CURVE('',#3020,#3018,#1672,.T.);
#3839=EDGE_CURVE('',#3020,#3021,#1673,.T.);
#3840=EDGE_CURVE('',#3021,#3019,#1674,.T.);
#3841=EDGE_CURVE('',#3007,#3020,#1675,.T.);
#3842=EDGE_CURVE('',#3009,#3021,#1676,.T.);
#3843=EDGE_CURVE('',#3022,#3023,#1677,.T.);
#3844=EDGE_CURVE('',#3022,#3024,#1678,.T.);
#3845=EDGE_CURVE('',#3024,#3025,#1679,.T.);
#3846=EDGE_CURVE('',#3023,#3025,#1680,.T.);
#3847=EDGE_CURVE('',#3026,#3022,#1681,.T.);
#3848=EDGE_CURVE('',#3026,#3027,#1682,.T.);
#3849=EDGE_CURVE('',#3027,#3024,#1683,.T.);
#3850=EDGE_CURVE('',#3028,#3026,#258,.T.);
#3851=EDGE_CURVE('',#3028,#3029,#1684,.T.);
#3852=EDGE_CURVE('',#3029,#3027,#259,.T.);
#3853=EDGE_CURVE('',#3030,#3028,#260,.T.);
#3854=EDGE_CURVE('',#3030,#3031,#1685,.T.);
#3855=EDGE_CURVE('',#3031,#3029,#261,.T.);
#3856=EDGE_CURVE('',#3032,#3030,#262,.T.);
#3857=EDGE_CURVE('',#3032,#3033,#1686,.T.);
#3858=EDGE_CURVE('',#3033,#3031,#263,.T.);
#3859=EDGE_CURVE('',#3034,#3032,#264,.T.);
#3860=EDGE_CURVE('',#3034,#3035,#1687,.T.);
#3861=EDGE_CURVE('',#3035,#3033,#265,.T.);
#3862=EDGE_CURVE('',#3036,#3034,#266,.T.);
#3863=EDGE_CURVE('',#3036,#3037,#1688,.T.);
#3864=EDGE_CURVE('',#3037,#3035,#267,.T.);
#3865=EDGE_CURVE('',#3038,#3036,#268,.T.);
#3866=EDGE_CURVE('',#3038,#3039,#1689,.T.);
#3867=EDGE_CURVE('',#3039,#3037,#269,.T.);
#3868=EDGE_CURVE('',#3040,#3038,#1690,.T.);
#3869=EDGE_CURVE('',#3040,#3041,#1691,.T.);
#3870=EDGE_CURVE('',#3041,#3039,#1692,.T.);
#3871=EDGE_CURVE('',#3042,#3040,#1693,.T.);
#3872=EDGE_CURVE('',#3042,#3043,#1694,.T.);
#3873=EDGE_CURVE('',#3043,#3041,#1695,.T.);
#3874=EDGE_CURVE('',#3023,#3042,#1696,.T.);
#3875=EDGE_CURVE('',#3025,#3043,#1697,.T.);
#3876=EDGE_CURVE('',#3044,#3045,#1698,.T.);
#3877=EDGE_CURVE('',#3044,#3046,#1699,.T.);
#3878=EDGE_CURVE('',#3046,#3047,#1700,.T.);
#3879=EDGE_CURVE('',#3045,#3047,#1701,.T.);
#3880=EDGE_CURVE('',#3048,#3044,#270,.T.);
#3881=EDGE_CURVE('',#3048,#3049,#1702,.T.);
#3882=EDGE_CURVE('',#3049,#3046,#271,.T.);
#3883=EDGE_CURVE('',#3050,#3048,#272,.T.);
#3884=EDGE_CURVE('',#3050,#3051,#1703,.T.);
#3885=EDGE_CURVE('',#3051,#3049,#273,.T.);
#3886=EDGE_CURVE('',#3052,#3050,#274,.T.);
#3887=EDGE_CURVE('',#3052,#3053,#1704,.T.);
#3888=EDGE_CURVE('',#3053,#3051,#275,.T.);
#3889=EDGE_CURVE('',#3054,#3052,#276,.T.);
#3890=EDGE_CURVE('',#3054,#3055,#1705,.T.);
#3891=EDGE_CURVE('',#3055,#3053,#277,.T.);
#3892=EDGE_CURVE('',#3056,#3054,#1706,.T.);
#3893=EDGE_CURVE('',#3056,#3057,#1707,.T.);
#3894=EDGE_CURVE('',#3057,#3055,#1708,.T.);
#3895=EDGE_CURVE('',#3058,#3056,#278,.T.);
#3896=EDGE_CURVE('',#3058,#3059,#1709,.T.);
#3897=EDGE_CURVE('',#3059,#3057,#279,.T.);
#3898=EDGE_CURVE('',#3060,#3058,#280,.T.);
#3899=EDGE_CURVE('',#3060,#3061,#1710,.T.);
#3900=EDGE_CURVE('',#3061,#3059,#281,.T.);
#3901=EDGE_CURVE('',#3062,#3060,#282,.T.);
#3902=EDGE_CURVE('',#3062,#3063,#1711,.T.);
#3903=EDGE_CURVE('',#3063,#3061,#283,.T.);
#3904=EDGE_CURVE('',#3064,#3062,#1712,.T.);
#3905=EDGE_CURVE('',#3064,#3065,#1713,.T.);
#3906=EDGE_CURVE('',#3065,#3063,#1714,.T.);
#3907=EDGE_CURVE('',#3066,#3064,#1715,.T.);
#3908=EDGE_CURVE('',#3066,#3067,#1716,.T.);
#3909=EDGE_CURVE('',#3067,#3065,#1717,.T.);
#3910=EDGE_CURVE('',#3068,#3066,#1718,.T.);
#3911=EDGE_CURVE('',#3068,#3069,#1719,.T.);
#3912=EDGE_CURVE('',#3069,#3067,#1720,.T.);
#3913=EDGE_CURVE('',#3045,#3068,#1721,.T.);
#3914=EDGE_CURVE('',#3047,#3069,#1722,.T.);
#3915=EDGE_CURVE('',#3070,#3071,#284,.T.);
#3916=EDGE_CURVE('',#3070,#3072,#1723,.T.);
#3917=EDGE_CURVE('',#3072,#3073,#285,.T.);
#3918=EDGE_CURVE('',#3071,#3073,#1724,.T.);
#3919=EDGE_CURVE('',#3074,#3070,#286,.T.);
#3920=EDGE_CURVE('',#3074,#3075,#1725,.T.);
#3921=EDGE_CURVE('',#3075,#3072,#287,.T.);
#3922=EDGE_CURVE('',#3076,#3074,#288,.T.);
#3923=EDGE_CURVE('',#3076,#3077,#1726,.T.);
#3924=EDGE_CURVE('',#3077,#3075,#289,.T.);
#3925=EDGE_CURVE('',#3078,#3076,#290,.T.);
#3926=EDGE_CURVE('',#3078,#3079,#1727,.T.);
#3927=EDGE_CURVE('',#3079,#3077,#291,.T.);
#3928=EDGE_CURVE('',#3080,#3078,#292,.T.);
#3929=EDGE_CURVE('',#3080,#3081,#1728,.T.);
#3930=EDGE_CURVE('',#3081,#3079,#293,.T.);
#3931=EDGE_CURVE('',#3082,#3080,#294,.T.);
#3932=EDGE_CURVE('',#3082,#3083,#1729,.T.);
#3933=EDGE_CURVE('',#3083,#3081,#295,.T.);
#3934=EDGE_CURVE('',#3084,#3082,#296,.T.);
#3935=EDGE_CURVE('',#3084,#3085,#1730,.T.);
#3936=EDGE_CURVE('',#3085,#3083,#297,.T.);
#3937=EDGE_CURVE('',#3086,#3084,#1731,.T.);
#3938=EDGE_CURVE('',#3086,#3087,#1732,.T.);
#3939=EDGE_CURVE('',#3087,#3085,#1733,.T.);
#3940=EDGE_CURVE('',#3088,#3086,#298,.T.);
#3941=EDGE_CURVE('',#3088,#3089,#1734,.T.);
#3942=EDGE_CURVE('',#3089,#3087,#299,.T.);
#3943=EDGE_CURVE('',#3090,#3088,#300,.T.);
#3944=EDGE_CURVE('',#3090,#3091,#1735,.T.);
#3945=EDGE_CURVE('',#3091,#3089,#301,.T.);
#3946=EDGE_CURVE('',#3092,#3090,#302,.T.);
#3947=EDGE_CURVE('',#3092,#3093,#1736,.T.);
#3948=EDGE_CURVE('',#3093,#3091,#303,.T.);
#3949=EDGE_CURVE('',#3094,#3092,#304,.T.);
#3950=EDGE_CURVE('',#3094,#3095,#1737,.T.);
#3951=EDGE_CURVE('',#3095,#3093,#305,.T.);
#3952=EDGE_CURVE('',#3096,#3094,#306,.T.);
#3953=EDGE_CURVE('',#3096,#3097,#1738,.T.);
#3954=EDGE_CURVE('',#3097,#3095,#307,.T.);
#3955=EDGE_CURVE('',#3098,#3096,#308,.T.);
#3956=EDGE_CURVE('',#3098,#3099,#1739,.T.);
#3957=EDGE_CURVE('',#3099,#3097,#309,.T.);
#3958=EDGE_CURVE('',#3100,#3098,#310,.T.);
#3959=EDGE_CURVE('',#3100,#3101,#1740,.T.);
#3960=EDGE_CURVE('',#3101,#3099,#311,.T.);
#3961=EDGE_CURVE('',#3102,#3100,#312,.T.);
#3962=EDGE_CURVE('',#3102,#3103,#1741,.T.);
#3963=EDGE_CURVE('',#3103,#3101,#313,.T.);
#3964=EDGE_CURVE('',#3104,#3102,#314,.T.);
#3965=EDGE_CURVE('',#3104,#3105,#1742,.T.);
#3966=EDGE_CURVE('',#3105,#3103,#315,.T.);
#3967=EDGE_CURVE('',#3106,#3104,#1743,.T.);
#3968=EDGE_CURVE('',#3106,#3107,#1744,.T.);
#3969=EDGE_CURVE('',#3107,#3105,#1745,.T.);
#3970=EDGE_CURVE('',#3071,#3106,#316,.T.);
#3971=EDGE_CURVE('',#3073,#3107,#317,.T.);
#3972=EDGE_CURVE('',#3108,#3109,#1746,.T.);
#3973=EDGE_CURVE('',#3108,#3110,#1747,.T.);
#3974=EDGE_CURVE('',#3110,#3111,#1748,.T.);
#3975=EDGE_CURVE('',#3109,#3111,#1749,.T.);
#3976=EDGE_CURVE('',#3112,#3108,#1750,.T.);
#3977=EDGE_CURVE('',#3112,#3113,#1751,.T.);
#3978=EDGE_CURVE('',#3113,#3110,#1752,.T.);
#3979=EDGE_CURVE('',#3114,#3112,#1753,.T.);
#3980=EDGE_CURVE('',#3114,#3115,#1754,.T.);
#3981=EDGE_CURVE('',#3115,#3113,#1755,.T.);
#3982=EDGE_CURVE('',#3116,#3114,#1756,.T.);
#3983=EDGE_CURVE('',#3116,#3117,#1757,.T.);
#3984=EDGE_CURVE('',#3117,#3115,#1758,.T.);
#3985=EDGE_CURVE('',#3118,#3116,#1759,.T.);
#3986=EDGE_CURVE('',#3118,#3119,#1760,.T.);
#3987=EDGE_CURVE('',#3119,#3117,#1761,.T.);
#3988=EDGE_CURVE('',#3120,#3118,#1762,.T.);
#3989=EDGE_CURVE('',#3120,#3121,#1763,.T.);
#3990=EDGE_CURVE('',#3121,#3119,#1764,.T.);
#3991=EDGE_CURVE('',#3122,#3120,#1765,.T.);
#3992=EDGE_CURVE('',#3122,#3123,#1766,.T.);
#3993=EDGE_CURVE('',#3123,#3121,#1767,.T.);
#3994=EDGE_CURVE('',#3124,#3122,#1768,.T.);
#3995=EDGE_CURVE('',#3124,#3125,#1769,.T.);
#3996=EDGE_CURVE('',#3125,#3123,#1770,.T.);
#3997=EDGE_CURVE('',#3126,#3124,#1771,.T.);
#3998=EDGE_CURVE('',#3126,#3127,#1772,.T.);
#3999=EDGE_CURVE('',#3127,#3125,#1773,.T.);
#4000=EDGE_CURVE('',#3128,#3126,#318,.T.);
#4001=EDGE_CURVE('',#3128,#3129,#1774,.T.);
#4002=EDGE_CURVE('',#3129,#3127,#319,.T.);
#4003=EDGE_CURVE('',#3130,#3128,#320,.T.);
#4004=EDGE_CURVE('',#3130,#3131,#1775,.T.);
#4005=EDGE_CURVE('',#3131,#3129,#321,.T.);
#4006=EDGE_CURVE('',#3132,#3130,#1776,.T.);
#4007=EDGE_CURVE('',#3132,#3133,#1777,.T.);
#4008=EDGE_CURVE('',#3133,#3131,#1778,.T.);
#4009=EDGE_CURVE('',#3134,#3132,#1779,.T.);
#4010=EDGE_CURVE('',#3134,#3135,#1780,.T.);
#4011=EDGE_CURVE('',#3135,#3133,#1781,.T.);
#4012=EDGE_CURVE('',#3136,#3134,#1782,.T.);
#4013=EDGE_CURVE('',#3136,#3137,#1783,.T.);
#4014=EDGE_CURVE('',#3137,#3135,#1784,.T.);
#4015=EDGE_CURVE('',#3109,#3136,#1785,.T.);
#4016=EDGE_CURVE('',#3111,#3137,#1786,.T.);
#4017=EDGE_CURVE('',#3138,#3139,#1787,.T.);
#4018=EDGE_CURVE('',#3138,#3140,#1788,.T.);
#4019=EDGE_CURVE('',#3140,#3141,#1789,.T.);
#4020=EDGE_CURVE('',#3139,#3141,#1790,.T.);
#4021=EDGE_CURVE('',#3142,#3138,#1791,.T.);
#4022=EDGE_CURVE('',#3142,#3143,#1792,.T.);
#4023=EDGE_CURVE('',#3143,#3140,#1793,.T.);
#4024=EDGE_CURVE('',#3144,#3142,#1794,.T.);
#4025=EDGE_CURVE('',#3144,#3145,#1795,.T.);
#4026=EDGE_CURVE('',#3145,#3143,#1796,.T.);
#4027=EDGE_CURVE('',#3146,#3144,#1797,.T.);
#4028=EDGE_CURVE('',#3146,#3147,#1798,.T.);
#4029=EDGE_CURVE('',#3147,#3145,#1799,.T.);
#4030=EDGE_CURVE('',#3148,#3146,#1800,.T.);
#4031=EDGE_CURVE('',#3148,#3149,#1801,.T.);
#4032=EDGE_CURVE('',#3149,#3147,#1802,.T.);
#4033=EDGE_CURVE('',#3150,#3148,#1803,.T.);
#4034=EDGE_CURVE('',#3150,#3151,#1804,.T.);
#4035=EDGE_CURVE('',#3151,#3149,#1805,.T.);
#4036=EDGE_CURVE('',#3152,#3150,#1806,.T.);
#4037=EDGE_CURVE('',#3152,#3153,#1807,.T.);
#4038=EDGE_CURVE('',#3153,#3151,#1808,.T.);
#4039=EDGE_CURVE('',#3154,#3152,#1809,.T.);
#4040=EDGE_CURVE('',#3154,#3155,#1810,.T.);
#4041=EDGE_CURVE('',#3155,#3153,#1811,.T.);
#4042=EDGE_CURVE('',#3156,#3154,#1812,.T.);
#4043=EDGE_CURVE('',#3156,#3157,#1813,.T.);
#4044=EDGE_CURVE('',#3157,#3155,#1814,.T.);
#4045=EDGE_CURVE('',#3158,#3156,#322,.T.);
#4046=EDGE_CURVE('',#3158,#3159,#1815,.T.);
#4047=EDGE_CURVE('',#3159,#3157,#323,.T.);
#4048=EDGE_CURVE('',#3160,#3158,#324,.T.);
#4049=EDGE_CURVE('',#3160,#3161,#1816,.T.);
#4050=EDGE_CURVE('',#3161,#3159,#325,.T.);
#4051=EDGE_CURVE('',#3162,#3160,#1817,.T.);
#4052=EDGE_CURVE('',#3162,#3163,#1818,.T.);
#4053=EDGE_CURVE('',#3163,#3161,#1819,.T.);
#4054=EDGE_CURVE('',#3164,#3162,#1820,.T.);
#4055=EDGE_CURVE('',#3164,#3165,#1821,.T.);
#4056=EDGE_CURVE('',#3165,#3163,#1822,.T.);
#4057=EDGE_CURVE('',#3166,#3164,#1823,.T.);
#4058=EDGE_CURVE('',#3166,#3167,#1824,.T.);
#4059=EDGE_CURVE('',#3167,#3165,#1825,.T.);
#4060=EDGE_CURVE('',#3139,#3166,#1826,.T.);
#4061=EDGE_CURVE('',#3141,#3167,#1827,.T.);
#4062=EDGE_CURVE('',#3168,#3169,#2598,.T.);
#4063=EDGE_CURVE('',#3168,#3170,#1828,.T.);
#4064=EDGE_CURVE('',#3171,#3170,#2599,.T.);
#4065=EDGE_CURVE('',#3171,#3172,#1829,.T.);
#4066=EDGE_CURVE('',#3173,#3172,#2600,.T.);
#4067=EDGE_CURVE('',#3173,#3174,#1830,.T.);
#4068=EDGE_CURVE('',#3175,#3174,#2601,.T.);
#4069=EDGE_CURVE('',#3175,#3169,#1831,.T.);
#4070=EDGE_CURVE('',#3176,#3177,#2602,.T.);
#4071=EDGE_CURVE('',#3178,#3176,#1832,.T.);
#4072=EDGE_CURVE('',#3179,#3178,#2603,.T.);
#4073=EDGE_CURVE('',#3180,#3179,#1833,.T.);
#4074=EDGE_CURVE('',#3181,#3180,#2604,.T.);
#4075=EDGE_CURVE('',#3182,#3181,#1834,.T.);
#4076=EDGE_CURVE('',#3183,#3182,#2605,.T.);
#4077=EDGE_CURVE('',#3177,#3183,#1835,.T.);
#4078=EDGE_CURVE('',#3184,#3184,#2606,.T.);
#4079=EDGE_CURVE('',#3185,#3186,#2607,.T.);
#4080=EDGE_CURVE('',#3187,#3185,#1836,.T.);
#4081=EDGE_CURVE('',#3188,#3187,#2608,.T.);
#4082=EDGE_CURVE('',#3189,#3188,#1837,.T.);
#4083=EDGE_CURVE('',#3190,#3189,#2609,.T.);
#4084=EDGE_CURVE('',#3191,#3190,#1838,.T.);
#4085=EDGE_CURVE('',#3192,#3191,#2610,.T.);
#4086=EDGE_CURVE('',#3186,#3192,#1839,.T.);
#4087=EDGE_CURVE('',#3193,#3193,#2611,.T.);
#4088=EDGE_CURVE('',#3194,#3194,#2612,.T.);
#4089=EDGE_CURVE('',#3195,#3196,#2613,.T.);
#4090=EDGE_CURVE('',#3197,#3195,#1840,.T.);
#4091=EDGE_CURVE('',#3198,#3197,#2614,.T.);
#4092=EDGE_CURVE('',#3199,#3198,#1841,.T.);
#4093=EDGE_CURVE('',#3200,#3199,#2615,.T.);
#4094=EDGE_CURVE('',#3201,#3200,#1842,.T.);
#4095=EDGE_CURVE('',#3202,#3201,#2616,.T.);
#4096=EDGE_CURVE('',#3196,#3202,#1843,.T.);
#4097=EDGE_CURVE('',#3203,#3204,#2617,.T.);
#4098=EDGE_CURVE('',#3205,#3203,#1844,.T.);
#4099=EDGE_CURVE('',#3206,#3205,#2618,.T.);
#4100=EDGE_CURVE('',#3207,#3206,#1845,.T.);
#4101=EDGE_CURVE('',#3208,#3207,#2619,.T.);
#4102=EDGE_CURVE('',#3209,#3208,#1846,.T.);
#4103=EDGE_CURVE('',#3210,#3209,#2620,.T.);
#4104=EDGE_CURVE('',#3204,#3210,#1847,.T.);
#4105=EDGE_CURVE('',#3211,#3212,#2621,.T.);
#4106=EDGE_CURVE('',#3213,#3211,#1848,.T.);
#4107=EDGE_CURVE('',#3214,#3213,#2622,.T.);
#4108=EDGE_CURVE('',#3215,#3214,#1849,.T.);
#4109=EDGE_CURVE('',#3216,#3215,#2623,.T.);
#4110=EDGE_CURVE('',#3217,#3216,#1850,.T.);
#4111=EDGE_CURVE('',#3218,#3217,#2624,.T.);
#4112=EDGE_CURVE('',#3212,#3218,#1851,.T.);
#4113=EDGE_CURVE('',#3219,#3220,#2625,.T.);
#4114=EDGE_CURVE('',#3221,#3219,#1852,.T.);
#4115=EDGE_CURVE('',#3222,#3221,#2626,.T.);
#4116=EDGE_CURVE('',#3223,#3222,#1853,.T.);
#4117=EDGE_CURVE('',#3224,#3223,#2627,.T.);
#4118=EDGE_CURVE('',#3225,#3224,#1854,.T.);
#4119=EDGE_CURVE('',#3226,#3225,#2628,.T.);
#4120=EDGE_CURVE('',#3220,#3226,#1855,.T.);
#4121=EDGE_CURVE('',#3227,#3227,#2629,.T.);
#4122=EDGE_CURVE('',#3228,#3228,#2630,.T.);
#4123=EDGE_CURVE('',#3229,#3230,#2631,.T.);
#4124=EDGE_CURVE('',#3231,#3229,#1856,.T.);
#4125=EDGE_CURVE('',#3232,#3231,#2632,.T.);
#4126=EDGE_CURVE('',#3233,#3232,#1857,.T.);
#4127=EDGE_CURVE('',#3234,#3233,#2633,.T.);
#4128=EDGE_CURVE('',#3235,#3234,#1858,.T.);
#4129=EDGE_CURVE('',#3236,#3235,#2634,.T.);
#4130=EDGE_CURVE('',#3230,#3236,#1859,.T.);
#4131=EDGE_CURVE('',#3237,#3238,#2635,.T.);
#4132=EDGE_CURVE('',#3239,#3237,#1860,.T.);
#4133=EDGE_CURVE('',#3240,#3239,#2636,.T.);
#4134=EDGE_CURVE('',#3241,#3240,#1861,.T.);
#4135=EDGE_CURVE('',#3242,#3241,#2637,.T.);
#4136=EDGE_CURVE('',#3243,#3242,#1862,.T.);
#4137=EDGE_CURVE('',#3244,#3243,#2638,.T.);
#4138=EDGE_CURVE('',#3238,#3244,#1863,.T.);
#4139=EDGE_CURVE('',#3245,#3246,#2639,.T.);
#4140=EDGE_CURVE('',#3247,#3245,#1864,.T.);
#4141=EDGE_CURVE('',#3248,#3247,#2640,.T.);
#4142=EDGE_CURVE('',#3249,#3248,#1865,.T.);
#4143=EDGE_CURVE('',#3250,#3249,#2641,.T.);
#4144=EDGE_CURVE('',#3251,#3250,#1866,.T.);
#4145=EDGE_CURVE('',#3252,#3251,#2642,.T.);
#4146=EDGE_CURVE('',#3246,#3252,#1867,.T.);
#4147=EDGE_CURVE('',#3253,#3254,#2643,.T.);
#4148=EDGE_CURVE('',#3255,#3253,#1868,.T.);
#4149=EDGE_CURVE('',#3256,#3255,#2644,.T.);
#4150=EDGE_CURVE('',#3257,#3256,#1869,.T.);
#4151=EDGE_CURVE('',#3258,#3257,#2645,.T.);
#4152=EDGE_CURVE('',#3259,#3258,#1870,.T.);
#4153=EDGE_CURVE('',#3260,#3259,#2646,.T.);
#4154=EDGE_CURVE('',#3254,#3260,#1871,.T.);
#4155=EDGE_CURVE('',#3261,#3262,#2647,.T.);
#4156=EDGE_CURVE('',#3263,#3261,#1872,.T.);
#4157=EDGE_CURVE('',#3264,#3263,#2648,.T.);
#4158=EDGE_CURVE('',#3265,#3264,#1873,.T.);
#4159=EDGE_CURVE('',#3266,#3265,#2649,.T.);
#4160=EDGE_CURVE('',#3267,#3266,#1874,.T.);
#4161=EDGE_CURVE('',#3268,#3267,#2650,.T.);
#4162=EDGE_CURVE('',#3262,#3268,#1875,.T.);
#4163=EDGE_CURVE('',#3269,#3270,#2651,.T.);
#4164=EDGE_CURVE('',#3271,#3269,#1876,.T.);
#4165=EDGE_CURVE('',#3272,#3271,#2652,.T.);
#4166=EDGE_CURVE('',#3273,#3272,#1877,.T.);
#4167=EDGE_CURVE('',#3274,#3273,#2653,.T.);
#4168=EDGE_CURVE('',#3275,#3274,#1878,.T.);
#4169=EDGE_CURVE('',#3276,#3275,#2654,.T.);
#4170=EDGE_CURVE('',#3270,#3276,#1879,.T.);
#4171=EDGE_CURVE('',#3277,#3278,#2655,.T.);
#4172=EDGE_CURVE('',#3279,#3277,#1880,.T.);
#4173=EDGE_CURVE('',#3280,#3279,#2656,.T.);
#4174=EDGE_CURVE('',#3281,#3280,#1881,.T.);
#4175=EDGE_CURVE('',#3282,#3281,#2657,.T.);
#4176=EDGE_CURVE('',#3283,#3282,#1882,.T.);
#4177=EDGE_CURVE('',#3284,#3283,#2658,.T.);
#4178=EDGE_CURVE('',#3278,#3284,#1883,.T.);
#4179=EDGE_CURVE('',#3285,#3286,#2659,.T.);
#4180=EDGE_CURVE('',#3287,#3285,#1884,.T.);
#4181=EDGE_CURVE('',#3288,#3287,#2660,.T.);
#4182=EDGE_CURVE('',#3289,#3288,#1885,.T.);
#4183=EDGE_CURVE('',#3290,#3289,#2661,.T.);
#4184=EDGE_CURVE('',#3291,#3290,#1886,.T.);
#4185=EDGE_CURVE('',#3292,#3291,#2662,.T.);
#4186=EDGE_CURVE('',#3286,#3292,#1887,.T.);
#4187=EDGE_CURVE('',#3293,#3294,#2663,.T.);
#4188=EDGE_CURVE('',#3295,#3293,#1888,.T.);
#4189=EDGE_CURVE('',#3296,#3295,#2664,.T.);
#4190=EDGE_CURVE('',#3297,#3296,#1889,.T.);
#4191=EDGE_CURVE('',#3298,#3297,#2665,.T.);
#4192=EDGE_CURVE('',#3299,#3298,#1890,.T.);
#4193=EDGE_CURVE('',#3300,#3299,#2666,.T.);
#4194=EDGE_CURVE('',#3294,#3300,#1891,.T.);
#4195=EDGE_CURVE('',#3301,#3301,#2667,.T.);
#4196=EDGE_CURVE('',#3302,#3302,#2668,.T.);
#4197=EDGE_CURVE('',#3303,#3304,#2669,.T.);
#4198=EDGE_CURVE('',#3305,#3303,#1892,.T.);
#4199=EDGE_CURVE('',#3306,#3305,#2670,.T.);
#4200=EDGE_CURVE('',#3307,#3306,#1893,.T.);
#4201=EDGE_CURVE('',#3308,#3307,#2671,.T.);
#4202=EDGE_CURVE('',#3309,#3308,#1894,.T.);
#4203=EDGE_CURVE('',#3310,#3309,#2672,.T.);
#4204=EDGE_CURVE('',#3304,#3310,#1895,.T.);
#4205=EDGE_CURVE('',#3311,#3312,#2673,.T.);
#4206=EDGE_CURVE('',#3313,#3311,#1896,.T.);
#4207=EDGE_CURVE('',#3314,#3313,#2674,.T.);
#4208=EDGE_CURVE('',#3315,#3314,#1897,.T.);
#4209=EDGE_CURVE('',#3316,#3315,#2675,.T.);
#4210=EDGE_CURVE('',#3317,#3316,#1898,.T.);
#4211=EDGE_CURVE('',#3318,#3317,#2676,.T.);
#4212=EDGE_CURVE('',#3312,#3318,#1899,.T.);
#4213=EDGE_CURVE('',#3319,#3320,#2677,.T.);
#4214=EDGE_CURVE('',#3321,#3319,#1900,.T.);
#4215=EDGE_CURVE('',#3322,#3321,#2678,.T.);
#4216=EDGE_CURVE('',#3323,#3322,#1901,.T.);
#4217=EDGE_CURVE('',#3324,#3323,#2679,.T.);
#4218=EDGE_CURVE('',#3325,#3324,#1902,.T.);
#4219=EDGE_CURVE('',#3326,#3325,#2680,.T.);
#4220=EDGE_CURVE('',#3320,#3326,#1903,.T.);
#4221=EDGE_CURVE('',#3327,#3328,#1904,.T.);
#4222=EDGE_CURVE('',#3329,#3327,#2681,.T.);
#4223=EDGE_CURVE('',#3330,#3329,#1905,.T.);
#4224=EDGE_CURVE('',#3331,#3330,#2682,.T.);
#4225=EDGE_CURVE('',#3332,#3331,#1906,.T.);
#4226=EDGE_CURVE('',#3333,#3332,#2683,.T.);
#4227=EDGE_CURVE('',#3334,#3333,#1907,.T.);
#4228=EDGE_CURVE('',#3328,#3334,#2684,.T.);
#4229=EDGE_CURVE('',#3335,#3335,#2685,.T.);
#4230=EDGE_CURVE('',#3336,#3336,#2686,.T.);
#4231=EDGE_CURVE('',#3337,#3338,#2687,.T.);
#4232=EDGE_CURVE('',#3339,#3337,#1908,.T.);
#4233=EDGE_CURVE('',#3340,#3339,#2688,.T.);
#4234=EDGE_CURVE('',#3341,#3340,#1909,.T.);
#4235=EDGE_CURVE('',#3342,#3341,#2689,.T.);
#4236=EDGE_CURVE('',#3343,#3342,#1910,.T.);
#4237=EDGE_CURVE('',#3344,#3343,#2690,.T.);
#4238=EDGE_CURVE('',#3338,#3344,#1911,.T.);
#4239=EDGE_CURVE('',#3345,#3345,#2691,.T.);
#4240=EDGE_CURVE('',#3346,#3347,#2692,.T.);
#4241=EDGE_CURVE('',#3348,#3346,#1912,.T.);
#4242=EDGE_CURVE('',#3349,#3348,#2693,.T.);
#4243=EDGE_CURVE('',#3350,#3349,#1913,.T.);
#4244=EDGE_CURVE('',#3351,#3350,#2694,.T.);
#4245=EDGE_CURVE('',#3352,#3351,#1914,.T.);
#4246=EDGE_CURVE('',#3353,#3352,#2695,.T.);
#4247=EDGE_CURVE('',#3347,#3353,#1915,.T.);
#4248=EDGE_CURVE('',#3182,#3349,#1916,.T.);
#4249=EDGE_CURVE('',#3181,#3350,#1917,.T.);
#4250=EDGE_CURVE('',#3183,#3348,#1918,.T.);
#4251=EDGE_CURVE('',#3177,#3346,#1919,.T.);
#4252=EDGE_CURVE('',#3176,#3347,#1920,.T.);
#4253=EDGE_CURVE('',#3191,#3340,#1921,.T.);
#4254=EDGE_CURVE('',#3190,#3341,#1922,.T.);
#4255=EDGE_CURVE('',#3192,#3339,#1923,.T.);
#4256=EDGE_CURVE('',#3186,#3337,#1924,.T.);
#4257=EDGE_CURVE('',#3185,#3338,#1925,.T.);
#4258=EDGE_CURVE('',#3330,#3200,#1926,.T.);
#4259=EDGE_CURVE('',#3199,#3331,#1927,.T.);
#4260=EDGE_CURVE('',#3201,#3329,#1928,.T.);
#4261=EDGE_CURVE('',#3327,#3202,#1929,.T.);
#4262=EDGE_CURVE('',#3196,#3328,#1930,.T.);
#4263=EDGE_CURVE('',#3209,#3322,#1931,.T.);
#4264=EDGE_CURVE('',#3208,#3323,#1932,.T.);
#4265=EDGE_CURVE('',#3210,#3321,#1933,.T.);
#4266=EDGE_CURVE('',#3204,#3319,#1934,.T.);
#4267=EDGE_CURVE('',#3203,#3320,#1935,.T.);
#4268=EDGE_CURVE('',#3217,#3314,#1936,.T.);
#4269=EDGE_CURVE('',#3216,#3315,#1937,.T.);
#4270=EDGE_CURVE('',#3218,#3313,#1938,.T.);
#4271=EDGE_CURVE('',#3212,#3311,#1939,.T.);
#4272=EDGE_CURVE('',#3211,#3312,#1940,.T.);
#4273=EDGE_CURVE('',#3225,#3306,#1941,.T.);
#4274=EDGE_CURVE('',#3224,#3307,#1942,.T.);
#4275=EDGE_CURVE('',#3226,#3305,#1943,.T.);
#4276=EDGE_CURVE('',#3220,#3303,#1944,.T.);
#4277=EDGE_CURVE('',#3219,#3304,#1945,.T.);
#4278=EDGE_CURVE('',#3235,#3296,#1946,.T.);
#4279=EDGE_CURVE('',#3234,#3297,#1947,.T.);
#4280=EDGE_CURVE('',#3236,#3295,#1948,.T.);
#4281=EDGE_CURVE('',#3230,#3293,#1949,.T.);
#4282=EDGE_CURVE('',#3229,#3294,#1950,.T.);
#4283=EDGE_CURVE('',#3243,#3288,#1951,.T.);
#4284=EDGE_CURVE('',#3242,#3289,#1952,.T.);
#4285=EDGE_CURVE('',#3244,#3287,#1953,.T.);
#4286=EDGE_CURVE('',#3238,#3285,#1954,.T.);
#4287=EDGE_CURVE('',#3237,#3286,#1955,.T.);
#4288=EDGE_CURVE('',#3251,#3280,#1956,.T.);
#4289=EDGE_CURVE('',#3250,#3281,#1957,.T.);
#4290=EDGE_CURVE('',#3252,#3279,#1958,.T.);
#4291=EDGE_CURVE('',#3246,#3277,#1959,.T.);
#4292=EDGE_CURVE('',#3245,#3278,#1960,.T.);
#4293=EDGE_CURVE('',#3259,#3272,#1961,.T.);
#4294=EDGE_CURVE('',#3258,#3273,#1962,.T.);
#4295=EDGE_CURVE('',#3260,#3271,#1963,.T.);
#4296=EDGE_CURVE('',#3254,#3269,#1964,.T.);
#4297=EDGE_CURVE('',#3253,#3270,#1965,.T.);
#4298=EDGE_CURVE('',#3174,#3264,#1966,.T.);
#4299=EDGE_CURVE('',#3265,#3173,#1967,.T.);
#4300=EDGE_CURVE('',#3263,#3175,#1968,.T.);
#4301=EDGE_CURVE('',#3169,#3261,#1969,.T.);
#4302=EDGE_CURVE('',#3262,#3168,#1970,.T.);
#4303=EDGE_CURVE('',#3332,#3198,#1971,.T.);
#4304=EDGE_CURVE('',#3197,#3333,#1972,.T.);
#4305=EDGE_CURVE('',#3334,#3195,#1973,.T.);
#4306=EDGE_CURVE('',#3172,#3266,#1974,.T.);
#4307=EDGE_CURVE('',#3267,#3171,#1975,.T.);
#4308=EDGE_CURVE('',#3170,#3268,#1976,.T.);
#4309=EDGE_CURVE('',#3178,#3353,#1977,.T.);
#4310=EDGE_CURVE('',#3179,#3352,#1978,.T.);
#4311=EDGE_CURVE('',#3180,#3351,#1979,.T.);
#4312=EDGE_CURVE('',#3345,#3184,#1980,.T.);
#4313=EDGE_CURVE('',#3187,#3344,#1981,.T.);
#4314=EDGE_CURVE('',#3188,#3343,#1982,.T.);
#4315=EDGE_CURVE('',#3189,#3342,#1983,.T.);
#4316=EDGE_CURVE('',#3336,#3193,#1984,.T.);
#4317=EDGE_CURVE('',#3335,#3194,#1985,.T.);
#4318=EDGE_CURVE('',#3205,#3326,#1986,.T.);
#4319=EDGE_CURVE('',#3206,#3325,#1987,.T.);
#4320=EDGE_CURVE('',#3207,#3324,#1988,.T.);
#4321=EDGE_CURVE('',#3213,#3318,#1989,.T.);
#4322=EDGE_CURVE('',#3214,#3317,#1990,.T.);
#4323=EDGE_CURVE('',#3215,#3316,#1991,.T.);
#4324=EDGE_CURVE('',#3221,#3310,#1992,.T.);
#4325=EDGE_CURVE('',#3222,#3309,#1993,.T.);
#4326=EDGE_CURVE('',#3223,#3308,#1994,.T.);
#4327=EDGE_CURVE('',#3302,#3227,#1995,.T.);
#4328=EDGE_CURVE('',#3301,#3228,#1996,.T.);
#4329=EDGE_CURVE('',#3231,#3300,#1997,.T.);
#4330=EDGE_CURVE('',#3232,#3299,#1998,.T.);
#4331=EDGE_CURVE('',#3233,#3298,#1999,.T.);
#4332=EDGE_CURVE('',#3239,#3292,#2000,.T.);
#4333=EDGE_CURVE('',#3240,#3291,#2001,.T.);
#4334=EDGE_CURVE('',#3241,#3290,#2002,.T.);
#4335=EDGE_CURVE('',#3247,#3284,#2003,.T.);
#4336=EDGE_CURVE('',#3248,#3283,#2004,.T.);
#4337=EDGE_CURVE('',#3249,#3282,#2005,.T.);
#4338=EDGE_CURVE('',#3255,#3276,#2006,.T.);
#4339=EDGE_CURVE('',#3256,#3275,#2007,.T.);
#4340=EDGE_CURVE('',#3257,#3274,#2008,.T.);
#4341=ORIENTED_EDGE('',*,*,#3354,.T.);
#4342=ORIENTED_EDGE('',*,*,#3355,.T.);
#4343=ORIENTED_EDGE('',*,*,#3356,.T.);
#4344=ORIENTED_EDGE('',*,*,#3357,.T.);
#4345=ORIENTED_EDGE('',*,*,#3354,.F.);
#4346=ORIENTED_EDGE('',*,*,#3358,.T.);
#4347=ORIENTED_EDGE('',*,*,#3359,.F.);
#4348=ORIENTED_EDGE('',*,*,#3360,.T.);
#4349=ORIENTED_EDGE('',*,*,#3361,.F.);
#4350=ORIENTED_EDGE('',*,*,#3362,.T.);
#4351=ORIENTED_EDGE('',*,*,#3363,.F.);
#4352=ORIENTED_EDGE('',*,*,#3364,.T.);
#4353=ORIENTED_EDGE('',*,*,#3365,.T.);
#4354=ORIENTED_EDGE('',*,*,#3366,.T.);
#4355=ORIENTED_EDGE('',*,*,#3367,.T.);
#4356=ORIENTED_EDGE('',*,*,#3368,.T.);
#4357=ORIENTED_EDGE('',*,*,#3369,.T.);
#4358=ORIENTED_EDGE('',*,*,#3370,.T.);
#4359=ORIENTED_EDGE('',*,*,#3371,.T.);
#4360=ORIENTED_EDGE('',*,*,#3372,.T.);
#4361=ORIENTED_EDGE('',*,*,#3373,.T.);
#4362=ORIENTED_EDGE('',*,*,#3374,.T.);
#4363=ORIENTED_EDGE('',*,*,#3375,.T.);
#4364=ORIENTED_EDGE('',*,*,#3376,.T.);
#4365=ORIENTED_EDGE('',*,*,#3357,.F.);
#4366=ORIENTED_EDGE('',*,*,#3377,.F.);
#4367=ORIENTED_EDGE('',*,*,#3378,.F.);
#4368=ORIENTED_EDGE('',*,*,#3358,.F.);
#4369=ORIENTED_EDGE('',*,*,#3359,.T.);
#4370=ORIENTED_EDGE('',*,*,#3378,.T.);
#4371=ORIENTED_EDGE('',*,*,#3379,.T.);
#4372=ORIENTED_EDGE('',*,*,#3380,.T.);
#4373=ORIENTED_EDGE('',*,*,#3363,.T.);
#4374=ORIENTED_EDGE('',*,*,#3381,.T.);
#4375=ORIENTED_EDGE('',*,*,#3382,.T.);
#4376=ORIENTED_EDGE('',*,*,#3383,.T.);
#4377=ORIENTED_EDGE('',*,*,#3381,.F.);
#4378=ORIENTED_EDGE('',*,*,#3362,.F.);
#4379=ORIENTED_EDGE('',*,*,#3384,.F.);
#4380=ORIENTED_EDGE('',*,*,#3385,.F.);
#4381=ORIENTED_EDGE('',*,*,#3361,.T.);
#4382=ORIENTED_EDGE('',*,*,#3386,.T.);
#4383=ORIENTED_EDGE('',*,*,#3387,.T.);
#4384=ORIENTED_EDGE('',*,*,#3384,.T.);
#4385=ORIENTED_EDGE('',*,*,#3380,.F.);
#4386=ORIENTED_EDGE('',*,*,#3388,.F.);
#4387=ORIENTED_EDGE('',*,*,#3386,.F.);
#4388=ORIENTED_EDGE('',*,*,#3360,.F.);
#4389=ORIENTED_EDGE('',*,*,#3365,.F.);
#4390=ORIENTED_EDGE('',*,*,#3389,.F.);
#4391=ORIENTED_EDGE('',*,*,#3390,.T.);
#4392=ORIENTED_EDGE('',*,*,#3391,.F.);
#4393=ORIENTED_EDGE('',*,*,#3371,.F.);
#4394=ORIENTED_EDGE('',*,*,#3392,.F.);
#4395=ORIENTED_EDGE('',*,*,#3393,.T.);
#4396=ORIENTED_EDGE('',*,*,#3394,.F.);
#4397=ORIENTED_EDGE('',*,*,#3395,.F.);
#4398=ORIENTED_EDGE('',*,*,#3390,.F.);
#4399=ORIENTED_EDGE('',*,*,#3396,.F.);
#4400=ORIENTED_EDGE('',*,*,#3393,.F.);
#4401=ORIENTED_EDGE('',*,*,#3391,.T.);
#4402=ORIENTED_EDGE('',*,*,#3395,.T.);
#4403=ORIENTED_EDGE('',*,*,#3392,.T.);
#4404=ORIENTED_EDGE('',*,*,#3370,.F.);
#4405=ORIENTED_EDGE('',*,*,#3397,.F.);
#4406=ORIENTED_EDGE('',*,*,#3398,.T.);
#4407=ORIENTED_EDGE('',*,*,#3399,.T.);
#4408=ORIENTED_EDGE('',*,*,#3366,.F.);
#4409=ORIENTED_EDGE('',*,*,#3400,.F.);
#4410=ORIENTED_EDGE('',*,*,#3401,.F.);
#4411=ORIENTED_EDGE('',*,*,#3398,.F.);
#4412=ORIENTED_EDGE('',*,*,#3402,.F.);
#4413=ORIENTED_EDGE('',*,*,#3401,.T.);
#4414=ORIENTED_EDGE('',*,*,#3403,.T.);
#4415=ORIENTED_EDGE('',*,*,#3367,.F.);
#4416=ORIENTED_EDGE('',*,*,#3399,.F.);
#4417=ORIENTED_EDGE('',*,*,#3404,.T.);
#4418=ORIENTED_EDGE('',*,*,#3405,.T.);
#4419=ORIENTED_EDGE('',*,*,#3406,.T.);
#4420=ORIENTED_EDGE('',*,*,#3405,.F.);
#4421=ORIENTED_EDGE('',*,*,#3407,.T.);
#4422=ORIENTED_EDGE('',*,*,#3408,.T.);
#4423=ORIENTED_EDGE('',*,*,#3409,.T.);
#4424=ORIENTED_EDGE('',*,*,#3408,.F.);
#4425=ORIENTED_EDGE('',*,*,#3410,.T.);
#4426=ORIENTED_EDGE('',*,*,#3411,.T.);
#4427=ORIENTED_EDGE('',*,*,#3412,.T.);
#4428=ORIENTED_EDGE('',*,*,#3411,.F.);
#4429=ORIENTED_EDGE('',*,*,#3413,.T.);
#4430=ORIENTED_EDGE('',*,*,#3414,.T.);
#4431=ORIENTED_EDGE('',*,*,#3415,.T.);
#4432=ORIENTED_EDGE('',*,*,#3414,.F.);
#4433=ORIENTED_EDGE('',*,*,#3402,.T.);
#4434=ORIENTED_EDGE('',*,*,#3397,.T.);
#4435=ORIENTED_EDGE('',*,*,#3369,.F.);
#4436=ORIENTED_EDGE('',*,*,#3416,.F.);
#4437=ORIENTED_EDGE('',*,*,#3400,.T.);
#4438=ORIENTED_EDGE('',*,*,#3416,.T.);
#4439=ORIENTED_EDGE('',*,*,#3368,.F.);
#4440=ORIENTED_EDGE('',*,*,#3403,.F.);
#4441=ORIENTED_EDGE('',*,*,#3355,.F.);
#4442=ORIENTED_EDGE('',*,*,#3372,.F.);
#4443=ORIENTED_EDGE('',*,*,#3394,.T.);
#4444=ORIENTED_EDGE('',*,*,#3396,.T.);
#4445=ORIENTED_EDGE('',*,*,#3389,.T.);
#4446=ORIENTED_EDGE('',*,*,#3364,.F.);
#4447=ORIENTED_EDGE('',*,*,#3383,.F.);
#4448=ORIENTED_EDGE('',*,*,#3417,.F.);
#4449=ORIENTED_EDGE('',*,*,#3356,.F.);
#4450=ORIENTED_EDGE('',*,*,#3417,.T.);
#4451=ORIENTED_EDGE('',*,*,#3382,.F.);
#4452=ORIENTED_EDGE('',*,*,#3385,.T.);
#4453=ORIENTED_EDGE('',*,*,#3387,.F.);
#4454=ORIENTED_EDGE('',*,*,#3388,.T.);
#4455=ORIENTED_EDGE('',*,*,#3379,.F.);
#4456=ORIENTED_EDGE('',*,*,#3377,.T.);
#4457=ORIENTED_EDGE('',*,*,#3406,.F.);
#4458=ORIENTED_EDGE('',*,*,#3412,.F.);
#4459=ORIENTED_EDGE('',*,*,#3409,.F.);
#4460=ORIENTED_EDGE('',*,*,#3415,.F.);
#4461=ORIENTED_EDGE('',*,*,#3375,.F.);
#4462=ORIENTED_EDGE('',*,*,#3418,.T.);
#4463=ORIENTED_EDGE('',*,*,#3419,.T.);
#4464=ORIENTED_EDGE('',*,*,#3418,.F.);
#4465=ORIENTED_EDGE('',*,*,#3413,.F.);
#4466=ORIENTED_EDGE('',*,*,#3419,.F.);
#4467=ORIENTED_EDGE('',*,*,#3374,.F.);
#4468=ORIENTED_EDGE('',*,*,#3420,.T.);
#4469=ORIENTED_EDGE('',*,*,#3421,.T.);
#4470=ORIENTED_EDGE('',*,*,#3420,.F.);
#4471=ORIENTED_EDGE('',*,*,#3410,.F.);
#4472=ORIENTED_EDGE('',*,*,#3421,.F.);
#4473=ORIENTED_EDGE('',*,*,#3376,.F.);
#4474=ORIENTED_EDGE('',*,*,#3422,.T.);
#4475=ORIENTED_EDGE('',*,*,#3423,.T.);
#4476=ORIENTED_EDGE('',*,*,#3422,.F.);
#4477=ORIENTED_EDGE('',*,*,#3407,.F.);
#4478=ORIENTED_EDGE('',*,*,#3423,.F.);
#4479=ORIENTED_EDGE('',*,*,#3373,.F.);
#4480=ORIENTED_EDGE('',*,*,#3424,.T.);
#4481=ORIENTED_EDGE('',*,*,#3425,.T.);
#4482=ORIENTED_EDGE('',*,*,#3424,.F.);
#4483=ORIENTED_EDGE('',*,*,#3404,.F.);
#4484=ORIENTED_EDGE('',*,*,#3425,.F.);
#4485=ORIENTED_EDGE('',*,*,#3426,.F.);
#4486=ORIENTED_EDGE('',*,*,#3427,.T.);
#4487=ORIENTED_EDGE('',*,*,#3428,.T.);
#4488=ORIENTED_EDGE('',*,*,#3429,.F.);
#4489=ORIENTED_EDGE('',*,*,#3430,.F.);
#4490=ORIENTED_EDGE('',*,*,#3431,.T.);
#4491=ORIENTED_EDGE('',*,*,#3432,.T.);
#4492=ORIENTED_EDGE('',*,*,#3427,.F.);
#4493=ORIENTED_EDGE('',*,*,#3433,.F.);
#4494=ORIENTED_EDGE('',*,*,#3434,.T.);
#4495=ORIENTED_EDGE('',*,*,#3435,.T.);
#4496=ORIENTED_EDGE('',*,*,#3431,.F.);
#4497=ORIENTED_EDGE('',*,*,#3436,.F.);
#4498=ORIENTED_EDGE('',*,*,#3437,.T.);
#4499=ORIENTED_EDGE('',*,*,#3438,.T.);
#4500=ORIENTED_EDGE('',*,*,#3434,.F.);
#4501=ORIENTED_EDGE('',*,*,#3439,.F.);
#4502=ORIENTED_EDGE('',*,*,#3440,.T.);
#4503=ORIENTED_EDGE('',*,*,#3441,.T.);
#4504=ORIENTED_EDGE('',*,*,#3437,.F.);
#4505=ORIENTED_EDGE('',*,*,#3442,.F.);
#4506=ORIENTED_EDGE('',*,*,#3443,.T.);
#4507=ORIENTED_EDGE('',*,*,#3444,.T.);
#4508=ORIENTED_EDGE('',*,*,#3440,.F.);
#4509=ORIENTED_EDGE('',*,*,#3445,.F.);
#4510=ORIENTED_EDGE('',*,*,#3446,.T.);
#4511=ORIENTED_EDGE('',*,*,#3447,.T.);
#4512=ORIENTED_EDGE('',*,*,#3443,.F.);
#4513=ORIENTED_EDGE('',*,*,#3448,.F.);
#4514=ORIENTED_EDGE('',*,*,#3449,.T.);
#4515=ORIENTED_EDGE('',*,*,#3450,.T.);
#4516=ORIENTED_EDGE('',*,*,#3446,.F.);
#4517=ORIENTED_EDGE('',*,*,#3451,.F.);
#4518=ORIENTED_EDGE('',*,*,#3452,.T.);
#4519=ORIENTED_EDGE('',*,*,#3453,.T.);
#4520=ORIENTED_EDGE('',*,*,#3449,.F.);
#4521=ORIENTED_EDGE('',*,*,#3454,.F.);
#4522=ORIENTED_EDGE('',*,*,#3455,.T.);
#4523=ORIENTED_EDGE('',*,*,#3456,.T.);
#4524=ORIENTED_EDGE('',*,*,#3452,.F.);
#4525=ORIENTED_EDGE('',*,*,#3457,.F.);
#4526=ORIENTED_EDGE('',*,*,#3458,.T.);
#4527=ORIENTED_EDGE('',*,*,#3459,.T.);
#4528=ORIENTED_EDGE('',*,*,#3455,.F.);
#4529=ORIENTED_EDGE('',*,*,#3460,.F.);
#4530=ORIENTED_EDGE('',*,*,#3461,.T.);
#4531=ORIENTED_EDGE('',*,*,#3462,.T.);
#4532=ORIENTED_EDGE('',*,*,#3458,.F.);
#4533=ORIENTED_EDGE('',*,*,#3463,.F.);
#4534=ORIENTED_EDGE('',*,*,#3464,.T.);
#4535=ORIENTED_EDGE('',*,*,#3465,.T.);
#4536=ORIENTED_EDGE('',*,*,#3461,.F.);
#4537=ORIENTED_EDGE('',*,*,#3466,.F.);
#4538=ORIENTED_EDGE('',*,*,#3467,.T.);
#4539=ORIENTED_EDGE('',*,*,#3468,.T.);
#4540=ORIENTED_EDGE('',*,*,#3464,.F.);
#4541=ORIENTED_EDGE('',*,*,#3469,.F.);
#4542=ORIENTED_EDGE('',*,*,#3470,.T.);
#4543=ORIENTED_EDGE('',*,*,#3471,.T.);
#4544=ORIENTED_EDGE('',*,*,#3467,.F.);
#4545=ORIENTED_EDGE('',*,*,#3472,.F.);
#4546=ORIENTED_EDGE('',*,*,#3473,.T.);
#4547=ORIENTED_EDGE('',*,*,#3474,.T.);
#4548=ORIENTED_EDGE('',*,*,#3470,.F.);
#4549=ORIENTED_EDGE('',*,*,#3475,.F.);
#4550=ORIENTED_EDGE('',*,*,#3476,.T.);
#4551=ORIENTED_EDGE('',*,*,#3477,.T.);
#4552=ORIENTED_EDGE('',*,*,#3473,.F.);
#4553=ORIENTED_EDGE('',*,*,#3478,.F.);
#4554=ORIENTED_EDGE('',*,*,#3429,.T.);
#4555=ORIENTED_EDGE('',*,*,#3479,.T.);
#4556=ORIENTED_EDGE('',*,*,#3476,.F.);
#4557=ORIENTED_EDGE('',*,*,#3479,.F.);
#4558=ORIENTED_EDGE('',*,*,#3428,.F.);
#4559=ORIENTED_EDGE('',*,*,#3432,.F.);
#4560=ORIENTED_EDGE('',*,*,#3435,.F.);
#4561=ORIENTED_EDGE('',*,*,#3438,.F.);
#4562=ORIENTED_EDGE('',*,*,#3441,.F.);
#4563=ORIENTED_EDGE('',*,*,#3444,.F.);
#4564=ORIENTED_EDGE('',*,*,#3447,.F.);
#4565=ORIENTED_EDGE('',*,*,#3450,.F.);
#4566=ORIENTED_EDGE('',*,*,#3453,.F.);
#4567=ORIENTED_EDGE('',*,*,#3456,.F.);
#4568=ORIENTED_EDGE('',*,*,#3459,.F.);
#4569=ORIENTED_EDGE('',*,*,#3462,.F.);
#4570=ORIENTED_EDGE('',*,*,#3465,.F.);
#4571=ORIENTED_EDGE('',*,*,#3468,.F.);
#4572=ORIENTED_EDGE('',*,*,#3471,.F.);
#4573=ORIENTED_EDGE('',*,*,#3474,.F.);
#4574=ORIENTED_EDGE('',*,*,#3477,.F.);
#4575=ORIENTED_EDGE('',*,*,#3480,.F.);
#4576=ORIENTED_EDGE('',*,*,#3481,.T.);
#4577=ORIENTED_EDGE('',*,*,#3482,.T.);
#4578=ORIENTED_EDGE('',*,*,#3483,.F.);
#4579=ORIENTED_EDGE('',*,*,#3484,.F.);
#4580=ORIENTED_EDGE('',*,*,#3485,.T.);
#4581=ORIENTED_EDGE('',*,*,#3486,.T.);
#4582=ORIENTED_EDGE('',*,*,#3481,.F.);
#4583=ORIENTED_EDGE('',*,*,#3487,.F.);
#4584=ORIENTED_EDGE('',*,*,#3488,.T.);
#4585=ORIENTED_EDGE('',*,*,#3489,.T.);
#4586=ORIENTED_EDGE('',*,*,#3485,.F.);
#4587=ORIENTED_EDGE('',*,*,#3490,.F.);
#4588=ORIENTED_EDGE('',*,*,#3491,.T.);
#4589=ORIENTED_EDGE('',*,*,#3492,.T.);
#4590=ORIENTED_EDGE('',*,*,#3488,.F.);
#4591=ORIENTED_EDGE('',*,*,#3493,.F.);
#4592=ORIENTED_EDGE('',*,*,#3494,.T.);
#4593=ORIENTED_EDGE('',*,*,#3495,.T.);
#4594=ORIENTED_EDGE('',*,*,#3491,.F.);
#4595=ORIENTED_EDGE('',*,*,#3496,.F.);
#4596=ORIENTED_EDGE('',*,*,#3497,.T.);
#4597=ORIENTED_EDGE('',*,*,#3498,.T.);
#4598=ORIENTED_EDGE('',*,*,#3494,.F.);
#4599=ORIENTED_EDGE('',*,*,#3499,.F.);
#4600=ORIENTED_EDGE('',*,*,#3500,.T.);
#4601=ORIENTED_EDGE('',*,*,#3501,.T.);
#4602=ORIENTED_EDGE('',*,*,#3497,.F.);
#4603=ORIENTED_EDGE('',*,*,#3502,.F.);
#4604=ORIENTED_EDGE('',*,*,#3503,.T.);
#4605=ORIENTED_EDGE('',*,*,#3504,.T.);
#4606=ORIENTED_EDGE('',*,*,#3500,.F.);
#4607=ORIENTED_EDGE('',*,*,#3505,.F.);
#4608=ORIENTED_EDGE('',*,*,#3506,.T.);
#4609=ORIENTED_EDGE('',*,*,#3507,.T.);
#4610=ORIENTED_EDGE('',*,*,#3503,.F.);
#4611=ORIENTED_EDGE('',*,*,#3508,.F.);
#4612=ORIENTED_EDGE('',*,*,#3483,.T.);
#4613=ORIENTED_EDGE('',*,*,#3509,.T.);
#4614=ORIENTED_EDGE('',*,*,#3506,.F.);
#4615=ORIENTED_EDGE('',*,*,#3510,.F.);
#4616=ORIENTED_EDGE('',*,*,#3511,.T.);
#4617=ORIENTED_EDGE('',*,*,#3512,.T.);
#4618=ORIENTED_EDGE('',*,*,#3513,.F.);
#4619=ORIENTED_EDGE('',*,*,#3514,.F.);
#4620=ORIENTED_EDGE('',*,*,#3515,.T.);
#4621=ORIENTED_EDGE('',*,*,#3516,.T.);
#4622=ORIENTED_EDGE('',*,*,#3511,.F.);
#4623=ORIENTED_EDGE('',*,*,#3517,.F.);
#4624=ORIENTED_EDGE('',*,*,#3518,.T.);
#4625=ORIENTED_EDGE('',*,*,#3519,.T.);
#4626=ORIENTED_EDGE('',*,*,#3515,.F.);
#4627=ORIENTED_EDGE('',*,*,#3520,.F.);
#4628=ORIENTED_EDGE('',*,*,#3521,.T.);
#4629=ORIENTED_EDGE('',*,*,#3522,.T.);
#4630=ORIENTED_EDGE('',*,*,#3518,.F.);
#4631=ORIENTED_EDGE('',*,*,#3523,.F.);
#4632=ORIENTED_EDGE('',*,*,#3524,.T.);
#4633=ORIENTED_EDGE('',*,*,#3525,.T.);
#4634=ORIENTED_EDGE('',*,*,#3521,.F.);
#4635=ORIENTED_EDGE('',*,*,#3526,.F.);
#4636=ORIENTED_EDGE('',*,*,#3527,.T.);
#4637=ORIENTED_EDGE('',*,*,#3528,.T.);
#4638=ORIENTED_EDGE('',*,*,#3524,.F.);
#4639=ORIENTED_EDGE('',*,*,#3529,.F.);
#4640=ORIENTED_EDGE('',*,*,#3530,.T.);
#4641=ORIENTED_EDGE('',*,*,#3531,.T.);
#4642=ORIENTED_EDGE('',*,*,#3527,.F.);
#4643=ORIENTED_EDGE('',*,*,#3532,.F.);
#4644=ORIENTED_EDGE('',*,*,#3533,.T.);
#4645=ORIENTED_EDGE('',*,*,#3534,.T.);
#4646=ORIENTED_EDGE('',*,*,#3530,.F.);
#4647=ORIENTED_EDGE('',*,*,#3535,.F.);
#4648=ORIENTED_EDGE('',*,*,#3536,.T.);
#4649=ORIENTED_EDGE('',*,*,#3537,.T.);
#4650=ORIENTED_EDGE('',*,*,#3533,.F.);
#4651=ORIENTED_EDGE('',*,*,#3538,.F.);
#4652=ORIENTED_EDGE('',*,*,#3539,.T.);
#4653=ORIENTED_EDGE('',*,*,#3540,.T.);
#4654=ORIENTED_EDGE('',*,*,#3536,.F.);
#4655=ORIENTED_EDGE('',*,*,#3541,.F.);
#4656=ORIENTED_EDGE('',*,*,#3542,.T.);
#4657=ORIENTED_EDGE('',*,*,#3543,.T.);
#4658=ORIENTED_EDGE('',*,*,#3539,.F.);
#4659=ORIENTED_EDGE('',*,*,#3544,.F.);
#4660=ORIENTED_EDGE('',*,*,#3545,.T.);
#4661=ORIENTED_EDGE('',*,*,#3546,.T.);
#4662=ORIENTED_EDGE('',*,*,#3542,.F.);
#4663=ORIENTED_EDGE('',*,*,#3547,.F.);
#4664=ORIENTED_EDGE('',*,*,#3548,.T.);
#4665=ORIENTED_EDGE('',*,*,#3549,.T.);
#4666=ORIENTED_EDGE('',*,*,#3545,.F.);
#4667=ORIENTED_EDGE('',*,*,#3550,.F.);
#4668=ORIENTED_EDGE('',*,*,#3551,.T.);
#4669=ORIENTED_EDGE('',*,*,#3552,.T.);
#4670=ORIENTED_EDGE('',*,*,#3548,.F.);
#4671=ORIENTED_EDGE('',*,*,#3553,.F.);
#4672=ORIENTED_EDGE('',*,*,#3554,.T.);
#4673=ORIENTED_EDGE('',*,*,#3555,.T.);
#4674=ORIENTED_EDGE('',*,*,#3551,.F.);
#4675=ORIENTED_EDGE('',*,*,#3556,.F.);
#4676=ORIENTED_EDGE('',*,*,#3557,.T.);
#4677=ORIENTED_EDGE('',*,*,#3558,.T.);
#4678=ORIENTED_EDGE('',*,*,#3554,.F.);
#4679=ORIENTED_EDGE('',*,*,#3559,.F.);
#4680=ORIENTED_EDGE('',*,*,#3560,.T.);
#4681=ORIENTED_EDGE('',*,*,#3561,.T.);
#4682=ORIENTED_EDGE('',*,*,#3557,.F.);
#4683=ORIENTED_EDGE('',*,*,#3562,.F.);
#4684=ORIENTED_EDGE('',*,*,#3563,.T.);
#4685=ORIENTED_EDGE('',*,*,#3564,.T.);
#4686=ORIENTED_EDGE('',*,*,#3560,.F.);
#4687=ORIENTED_EDGE('',*,*,#3565,.F.);
#4688=ORIENTED_EDGE('',*,*,#3566,.T.);
#4689=ORIENTED_EDGE('',*,*,#3567,.T.);
#4690=ORIENTED_EDGE('',*,*,#3563,.F.);
#4691=ORIENTED_EDGE('',*,*,#3568,.F.);
#4692=ORIENTED_EDGE('',*,*,#3569,.T.);
#4693=ORIENTED_EDGE('',*,*,#3570,.T.);
#4694=ORIENTED_EDGE('',*,*,#3566,.F.);
#4695=ORIENTED_EDGE('',*,*,#3571,.F.);
#4696=ORIENTED_EDGE('',*,*,#3572,.T.);
#4697=ORIENTED_EDGE('',*,*,#3573,.T.);
#4698=ORIENTED_EDGE('',*,*,#3569,.F.);
#4699=ORIENTED_EDGE('',*,*,#3574,.F.);
#4700=ORIENTED_EDGE('',*,*,#3575,.T.);
#4701=ORIENTED_EDGE('',*,*,#3576,.T.);
#4702=ORIENTED_EDGE('',*,*,#3572,.F.);
#4703=ORIENTED_EDGE('',*,*,#3577,.F.);
#4704=ORIENTED_EDGE('',*,*,#3578,.T.);
#4705=ORIENTED_EDGE('',*,*,#3579,.T.);
#4706=ORIENTED_EDGE('',*,*,#3575,.F.);
#4707=ORIENTED_EDGE('',*,*,#3580,.F.);
#4708=ORIENTED_EDGE('',*,*,#3581,.T.);
#4709=ORIENTED_EDGE('',*,*,#3582,.T.);
#4710=ORIENTED_EDGE('',*,*,#3578,.F.);
#4711=ORIENTED_EDGE('',*,*,#3583,.F.);
#4712=ORIENTED_EDGE('',*,*,#3584,.T.);
#4713=ORIENTED_EDGE('',*,*,#3585,.T.);
#4714=ORIENTED_EDGE('',*,*,#3581,.F.);
#4715=ORIENTED_EDGE('',*,*,#3586,.F.);
#4716=ORIENTED_EDGE('',*,*,#3587,.T.);
#4717=ORIENTED_EDGE('',*,*,#3588,.T.);
#4718=ORIENTED_EDGE('',*,*,#3584,.F.);
#4719=ORIENTED_EDGE('',*,*,#3589,.F.);
#4720=ORIENTED_EDGE('',*,*,#3513,.T.);
#4721=ORIENTED_EDGE('',*,*,#3590,.T.);
#4722=ORIENTED_EDGE('',*,*,#3587,.F.);
#4723=ORIENTED_EDGE('',*,*,#3590,.F.);
#4724=ORIENTED_EDGE('',*,*,#3512,.F.);
#4725=ORIENTED_EDGE('',*,*,#3516,.F.);
#4726=ORIENTED_EDGE('',*,*,#3519,.F.);
#4727=ORIENTED_EDGE('',*,*,#3522,.F.);
#4728=ORIENTED_EDGE('',*,*,#3525,.F.);
#4729=ORIENTED_EDGE('',*,*,#3528,.F.);
#4730=ORIENTED_EDGE('',*,*,#3531,.F.);
#4731=ORIENTED_EDGE('',*,*,#3534,.F.);
#4732=ORIENTED_EDGE('',*,*,#3537,.F.);
#4733=ORIENTED_EDGE('',*,*,#3540,.F.);
#4734=ORIENTED_EDGE('',*,*,#3543,.F.);
#4735=ORIENTED_EDGE('',*,*,#3546,.F.);
#4736=ORIENTED_EDGE('',*,*,#3549,.F.);
#4737=ORIENTED_EDGE('',*,*,#3552,.F.);
#4738=ORIENTED_EDGE('',*,*,#3555,.F.);
#4739=ORIENTED_EDGE('',*,*,#3558,.F.);
#4740=ORIENTED_EDGE('',*,*,#3561,.F.);
#4741=ORIENTED_EDGE('',*,*,#3564,.F.);
#4742=ORIENTED_EDGE('',*,*,#3567,.F.);
#4743=ORIENTED_EDGE('',*,*,#3570,.F.);
#4744=ORIENTED_EDGE('',*,*,#3573,.F.);
#4745=ORIENTED_EDGE('',*,*,#3576,.F.);
#4746=ORIENTED_EDGE('',*,*,#3579,.F.);
#4747=ORIENTED_EDGE('',*,*,#3582,.F.);
#4748=ORIENTED_EDGE('',*,*,#3585,.F.);
#4749=ORIENTED_EDGE('',*,*,#3588,.F.);
#4750=ORIENTED_EDGE('',*,*,#3509,.F.);
#4751=ORIENTED_EDGE('',*,*,#3482,.F.);
#4752=ORIENTED_EDGE('',*,*,#3486,.F.);
#4753=ORIENTED_EDGE('',*,*,#3489,.F.);
#4754=ORIENTED_EDGE('',*,*,#3492,.F.);
#4755=ORIENTED_EDGE('',*,*,#3495,.F.);
#4756=ORIENTED_EDGE('',*,*,#3498,.F.);
#4757=ORIENTED_EDGE('',*,*,#3501,.F.);
#4758=ORIENTED_EDGE('',*,*,#3504,.F.);
#4759=ORIENTED_EDGE('',*,*,#3507,.F.);
#4760=ORIENTED_EDGE('',*,*,#3591,.F.);
#4761=ORIENTED_EDGE('',*,*,#3592,.T.);
#4762=ORIENTED_EDGE('',*,*,#3593,.T.);
#4763=ORIENTED_EDGE('',*,*,#3594,.F.);
#4764=ORIENTED_EDGE('',*,*,#3595,.F.);
#4765=ORIENTED_EDGE('',*,*,#3596,.T.);
#4766=ORIENTED_EDGE('',*,*,#3597,.T.);
#4767=ORIENTED_EDGE('',*,*,#3592,.F.);
#4768=ORIENTED_EDGE('',*,*,#3598,.F.);
#4769=ORIENTED_EDGE('',*,*,#3599,.T.);
#4770=ORIENTED_EDGE('',*,*,#3600,.T.);
#4771=ORIENTED_EDGE('',*,*,#3596,.F.);
#4772=ORIENTED_EDGE('',*,*,#3601,.F.);
#4773=ORIENTED_EDGE('',*,*,#3602,.T.);
#4774=ORIENTED_EDGE('',*,*,#3603,.T.);
#4775=ORIENTED_EDGE('',*,*,#3599,.F.);
#4776=ORIENTED_EDGE('',*,*,#3604,.F.);
#4777=ORIENTED_EDGE('',*,*,#3605,.T.);
#4778=ORIENTED_EDGE('',*,*,#3606,.T.);
#4779=ORIENTED_EDGE('',*,*,#3602,.F.);
#4780=ORIENTED_EDGE('',*,*,#3607,.F.);
#4781=ORIENTED_EDGE('',*,*,#3608,.T.);
#4782=ORIENTED_EDGE('',*,*,#3609,.T.);
#4783=ORIENTED_EDGE('',*,*,#3605,.F.);
#4784=ORIENTED_EDGE('',*,*,#3610,.F.);
#4785=ORIENTED_EDGE('',*,*,#3611,.T.);
#4786=ORIENTED_EDGE('',*,*,#3612,.T.);
#4787=ORIENTED_EDGE('',*,*,#3608,.F.);
#4788=ORIENTED_EDGE('',*,*,#3613,.F.);
#4789=ORIENTED_EDGE('',*,*,#3594,.T.);
#4790=ORIENTED_EDGE('',*,*,#3614,.T.);
#4791=ORIENTED_EDGE('',*,*,#3611,.F.);
#4792=ORIENTED_EDGE('',*,*,#3615,.F.);
#4793=ORIENTED_EDGE('',*,*,#3616,.T.);
#4794=ORIENTED_EDGE('',*,*,#3617,.T.);
#4795=ORIENTED_EDGE('',*,*,#3618,.F.);
#4796=ORIENTED_EDGE('',*,*,#3619,.F.);
#4797=ORIENTED_EDGE('',*,*,#3620,.T.);
#4798=ORIENTED_EDGE('',*,*,#3621,.T.);
#4799=ORIENTED_EDGE('',*,*,#3616,.F.);
#4800=ORIENTED_EDGE('',*,*,#3622,.F.);
#4801=ORIENTED_EDGE('',*,*,#3623,.T.);
#4802=ORIENTED_EDGE('',*,*,#3624,.T.);
#4803=ORIENTED_EDGE('',*,*,#3620,.F.);
#4804=ORIENTED_EDGE('',*,*,#3625,.F.);
#4805=ORIENTED_EDGE('',*,*,#3626,.T.);
#4806=ORIENTED_EDGE('',*,*,#3627,.T.);
#4807=ORIENTED_EDGE('',*,*,#3623,.F.);
#4808=ORIENTED_EDGE('',*,*,#3628,.F.);
#4809=ORIENTED_EDGE('',*,*,#3629,.T.);
#4810=ORIENTED_EDGE('',*,*,#3630,.T.);
#4811=ORIENTED_EDGE('',*,*,#3626,.F.);
#4812=ORIENTED_EDGE('',*,*,#3631,.F.);
#4813=ORIENTED_EDGE('',*,*,#3632,.T.);
#4814=ORIENTED_EDGE('',*,*,#3633,.T.);
#4815=ORIENTED_EDGE('',*,*,#3629,.F.);
#4816=ORIENTED_EDGE('',*,*,#3634,.F.);
#4817=ORIENTED_EDGE('',*,*,#3635,.T.);
#4818=ORIENTED_EDGE('',*,*,#3636,.T.);
#4819=ORIENTED_EDGE('',*,*,#3632,.F.);
#4820=ORIENTED_EDGE('',*,*,#3637,.F.);
#4821=ORIENTED_EDGE('',*,*,#3638,.T.);
#4822=ORIENTED_EDGE('',*,*,#3639,.T.);
#4823=ORIENTED_EDGE('',*,*,#3635,.F.);
#4824=ORIENTED_EDGE('',*,*,#3640,.F.);
#4825=ORIENTED_EDGE('',*,*,#3641,.T.);
#4826=ORIENTED_EDGE('',*,*,#3642,.T.);
#4827=ORIENTED_EDGE('',*,*,#3638,.F.);
#4828=ORIENTED_EDGE('',*,*,#3643,.F.);
#4829=ORIENTED_EDGE('',*,*,#3644,.T.);
#4830=ORIENTED_EDGE('',*,*,#3645,.T.);
#4831=ORIENTED_EDGE('',*,*,#3641,.F.);
#4832=ORIENTED_EDGE('',*,*,#3646,.F.);
#4833=ORIENTED_EDGE('',*,*,#3647,.T.);
#4834=ORIENTED_EDGE('',*,*,#3648,.T.);
#4835=ORIENTED_EDGE('',*,*,#3644,.F.);
#4836=ORIENTED_EDGE('',*,*,#3649,.F.);
#4837=ORIENTED_EDGE('',*,*,#3650,.T.);
#4838=ORIENTED_EDGE('',*,*,#3651,.T.);
#4839=ORIENTED_EDGE('',*,*,#3647,.F.);
#4840=ORIENTED_EDGE('',*,*,#3652,.F.);
#4841=ORIENTED_EDGE('',*,*,#3653,.T.);
#4842=ORIENTED_EDGE('',*,*,#3654,.T.);
#4843=ORIENTED_EDGE('',*,*,#3650,.F.);
#4844=ORIENTED_EDGE('',*,*,#3655,.F.);
#4845=ORIENTED_EDGE('',*,*,#3618,.T.);
#4846=ORIENTED_EDGE('',*,*,#3656,.T.);
#4847=ORIENTED_EDGE('',*,*,#3653,.F.);
#4848=ORIENTED_EDGE('',*,*,#3656,.F.);
#4849=ORIENTED_EDGE('',*,*,#3617,.F.);
#4850=ORIENTED_EDGE('',*,*,#3621,.F.);
#4851=ORIENTED_EDGE('',*,*,#3624,.F.);
#4852=ORIENTED_EDGE('',*,*,#3627,.F.);
#4853=ORIENTED_EDGE('',*,*,#3630,.F.);
#4854=ORIENTED_EDGE('',*,*,#3633,.F.);
#4855=ORIENTED_EDGE('',*,*,#3636,.F.);
#4856=ORIENTED_EDGE('',*,*,#3639,.F.);
#4857=ORIENTED_EDGE('',*,*,#3642,.F.);
#4858=ORIENTED_EDGE('',*,*,#3645,.F.);
#4859=ORIENTED_EDGE('',*,*,#3648,.F.);
#4860=ORIENTED_EDGE('',*,*,#3651,.F.);
#4861=ORIENTED_EDGE('',*,*,#3654,.F.);
#4862=ORIENTED_EDGE('',*,*,#3614,.F.);
#4863=ORIENTED_EDGE('',*,*,#3593,.F.);
#4864=ORIENTED_EDGE('',*,*,#3597,.F.);
#4865=ORIENTED_EDGE('',*,*,#3600,.F.);
#4866=ORIENTED_EDGE('',*,*,#3603,.F.);
#4867=ORIENTED_EDGE('',*,*,#3606,.F.);
#4868=ORIENTED_EDGE('',*,*,#3609,.F.);
#4869=ORIENTED_EDGE('',*,*,#3612,.F.);
#4870=ORIENTED_EDGE('',*,*,#3657,.F.);
#4871=ORIENTED_EDGE('',*,*,#3658,.T.);
#4872=ORIENTED_EDGE('',*,*,#3659,.T.);
#4873=ORIENTED_EDGE('',*,*,#3660,.F.);
#4874=ORIENTED_EDGE('',*,*,#3661,.F.);
#4875=ORIENTED_EDGE('',*,*,#3662,.T.);
#4876=ORIENTED_EDGE('',*,*,#3663,.T.);
#4877=ORIENTED_EDGE('',*,*,#3658,.F.);
#4878=ORIENTED_EDGE('',*,*,#3664,.F.);
#4879=ORIENTED_EDGE('',*,*,#3665,.T.);
#4880=ORIENTED_EDGE('',*,*,#3666,.T.);
#4881=ORIENTED_EDGE('',*,*,#3662,.F.);
#4882=ORIENTED_EDGE('',*,*,#3667,.F.);
#4883=ORIENTED_EDGE('',*,*,#3668,.T.);
#4884=ORIENTED_EDGE('',*,*,#3669,.T.);
#4885=ORIENTED_EDGE('',*,*,#3665,.F.);
#4886=ORIENTED_EDGE('',*,*,#3670,.F.);
#4887=ORIENTED_EDGE('',*,*,#3671,.T.);
#4888=ORIENTED_EDGE('',*,*,#3672,.T.);
#4889=ORIENTED_EDGE('',*,*,#3668,.F.);
#4890=ORIENTED_EDGE('',*,*,#3673,.F.);
#4891=ORIENTED_EDGE('',*,*,#3674,.T.);
#4892=ORIENTED_EDGE('',*,*,#3675,.T.);
#4893=ORIENTED_EDGE('',*,*,#3671,.F.);
#4894=ORIENTED_EDGE('',*,*,#3676,.F.);
#4895=ORIENTED_EDGE('',*,*,#3677,.T.);
#4896=ORIENTED_EDGE('',*,*,#3678,.T.);
#4897=ORIENTED_EDGE('',*,*,#3674,.F.);
#4898=ORIENTED_EDGE('',*,*,#3679,.F.);
#4899=ORIENTED_EDGE('',*,*,#3660,.T.);
#4900=ORIENTED_EDGE('',*,*,#3680,.T.);
#4901=ORIENTED_EDGE('',*,*,#3677,.F.);
#4902=ORIENTED_EDGE('',*,*,#3681,.F.);
#4903=ORIENTED_EDGE('',*,*,#3682,.T.);
#4904=ORIENTED_EDGE('',*,*,#3683,.T.);
#4905=ORIENTED_EDGE('',*,*,#3684,.F.);
#4906=ORIENTED_EDGE('',*,*,#3685,.F.);
#4907=ORIENTED_EDGE('',*,*,#3686,.T.);
#4908=ORIENTED_EDGE('',*,*,#3687,.T.);
#4909=ORIENTED_EDGE('',*,*,#3682,.F.);
#4910=ORIENTED_EDGE('',*,*,#3688,.F.);
#4911=ORIENTED_EDGE('',*,*,#3689,.T.);
#4912=ORIENTED_EDGE('',*,*,#3690,.T.);
#4913=ORIENTED_EDGE('',*,*,#3686,.F.);
#4914=ORIENTED_EDGE('',*,*,#3691,.F.);
#4915=ORIENTED_EDGE('',*,*,#3692,.T.);
#4916=ORIENTED_EDGE('',*,*,#3693,.T.);
#4917=ORIENTED_EDGE('',*,*,#3689,.F.);
#4918=ORIENTED_EDGE('',*,*,#3694,.F.);
#4919=ORIENTED_EDGE('',*,*,#3695,.T.);
#4920=ORIENTED_EDGE('',*,*,#3696,.T.);
#4921=ORIENTED_EDGE('',*,*,#3692,.F.);
#4922=ORIENTED_EDGE('',*,*,#3697,.F.);
#4923=ORIENTED_EDGE('',*,*,#3698,.T.);
#4924=ORIENTED_EDGE('',*,*,#3699,.T.);
#4925=ORIENTED_EDGE('',*,*,#3695,.F.);
#4926=ORIENTED_EDGE('',*,*,#3700,.F.);
#4927=ORIENTED_EDGE('',*,*,#3701,.T.);
#4928=ORIENTED_EDGE('',*,*,#3702,.T.);
#4929=ORIENTED_EDGE('',*,*,#3698,.F.);
#4930=ORIENTED_EDGE('',*,*,#3703,.F.);
#4931=ORIENTED_EDGE('',*,*,#3704,.T.);
#4932=ORIENTED_EDGE('',*,*,#3705,.T.);
#4933=ORIENTED_EDGE('',*,*,#3701,.F.);
#4934=ORIENTED_EDGE('',*,*,#3706,.F.);
#4935=ORIENTED_EDGE('',*,*,#3684,.T.);
#4936=ORIENTED_EDGE('',*,*,#3707,.T.);
#4937=ORIENTED_EDGE('',*,*,#3704,.F.);
#4938=ORIENTED_EDGE('',*,*,#3707,.F.);
#4939=ORIENTED_EDGE('',*,*,#3683,.F.);
#4940=ORIENTED_EDGE('',*,*,#3687,.F.);
#4941=ORIENTED_EDGE('',*,*,#3690,.F.);
#4942=ORIENTED_EDGE('',*,*,#3693,.F.);
#4943=ORIENTED_EDGE('',*,*,#3696,.F.);
#4944=ORIENTED_EDGE('',*,*,#3699,.F.);
#4945=ORIENTED_EDGE('',*,*,#3702,.F.);
#4946=ORIENTED_EDGE('',*,*,#3705,.F.);
#4947=ORIENTED_EDGE('',*,*,#3680,.F.);
#4948=ORIENTED_EDGE('',*,*,#3659,.F.);
#4949=ORIENTED_EDGE('',*,*,#3663,.F.);
#4950=ORIENTED_EDGE('',*,*,#3666,.F.);
#4951=ORIENTED_EDGE('',*,*,#3669,.F.);
#4952=ORIENTED_EDGE('',*,*,#3672,.F.);
#4953=ORIENTED_EDGE('',*,*,#3675,.F.);
#4954=ORIENTED_EDGE('',*,*,#3678,.F.);
#4955=ORIENTED_EDGE('',*,*,#3708,.F.);
#4956=ORIENTED_EDGE('',*,*,#3709,.T.);
#4957=ORIENTED_EDGE('',*,*,#3710,.T.);
#4958=ORIENTED_EDGE('',*,*,#3711,.F.);
#4959=ORIENTED_EDGE('',*,*,#3712,.F.);
#4960=ORIENTED_EDGE('',*,*,#3713,.T.);
#4961=ORIENTED_EDGE('',*,*,#3714,.T.);
#4962=ORIENTED_EDGE('',*,*,#3709,.F.);
#4963=ORIENTED_EDGE('',*,*,#3715,.F.);
#4964=ORIENTED_EDGE('',*,*,#3716,.T.);
#4965=ORIENTED_EDGE('',*,*,#3717,.T.);
#4966=ORIENTED_EDGE('',*,*,#3713,.F.);
#4967=ORIENTED_EDGE('',*,*,#3718,.F.);
#4968=ORIENTED_EDGE('',*,*,#3719,.T.);
#4969=ORIENTED_EDGE('',*,*,#3720,.T.);
#4970=ORIENTED_EDGE('',*,*,#3716,.F.);
#4971=ORIENTED_EDGE('',*,*,#3721,.F.);
#4972=ORIENTED_EDGE('',*,*,#3722,.T.);
#4973=ORIENTED_EDGE('',*,*,#3723,.T.);
#4974=ORIENTED_EDGE('',*,*,#3719,.F.);
#4975=ORIENTED_EDGE('',*,*,#3724,.F.);
#4976=ORIENTED_EDGE('',*,*,#3725,.T.);
#4977=ORIENTED_EDGE('',*,*,#3726,.T.);
#4978=ORIENTED_EDGE('',*,*,#3722,.F.);
#4979=ORIENTED_EDGE('',*,*,#3727,.F.);
#4980=ORIENTED_EDGE('',*,*,#3728,.T.);
#4981=ORIENTED_EDGE('',*,*,#3729,.T.);
#4982=ORIENTED_EDGE('',*,*,#3725,.F.);
#4983=ORIENTED_EDGE('',*,*,#3730,.F.);
#4984=ORIENTED_EDGE('',*,*,#3731,.T.);
#4985=ORIENTED_EDGE('',*,*,#3732,.T.);
#4986=ORIENTED_EDGE('',*,*,#3728,.F.);
#4987=ORIENTED_EDGE('',*,*,#3733,.F.);
#4988=ORIENTED_EDGE('',*,*,#3734,.T.);
#4989=ORIENTED_EDGE('',*,*,#3735,.T.);
#4990=ORIENTED_EDGE('',*,*,#3731,.F.);
#4991=ORIENTED_EDGE('',*,*,#3736,.F.);
#4992=ORIENTED_EDGE('',*,*,#3711,.T.);
#4993=ORIENTED_EDGE('',*,*,#3737,.T.);
#4994=ORIENTED_EDGE('',*,*,#3734,.F.);
#4995=ORIENTED_EDGE('',*,*,#3738,.F.);
#4996=ORIENTED_EDGE('',*,*,#3739,.T.);
#4997=ORIENTED_EDGE('',*,*,#3740,.T.);
#4998=ORIENTED_EDGE('',*,*,#3741,.F.);
#4999=ORIENTED_EDGE('',*,*,#3742,.F.);
#5000=ORIENTED_EDGE('',*,*,#3743,.T.);
#5001=ORIENTED_EDGE('',*,*,#3744,.T.);
#5002=ORIENTED_EDGE('',*,*,#3739,.F.);
#5003=ORIENTED_EDGE('',*,*,#3745,.F.);
#5004=ORIENTED_EDGE('',*,*,#3746,.T.);
#5005=ORIENTED_EDGE('',*,*,#3747,.T.);
#5006=ORIENTED_EDGE('',*,*,#3743,.F.);
#5007=ORIENTED_EDGE('',*,*,#3748,.F.);
#5008=ORIENTED_EDGE('',*,*,#3749,.T.);
#5009=ORIENTED_EDGE('',*,*,#3750,.T.);
#5010=ORIENTED_EDGE('',*,*,#3746,.F.);
#5011=ORIENTED_EDGE('',*,*,#3751,.F.);
#5012=ORIENTED_EDGE('',*,*,#3752,.T.);
#5013=ORIENTED_EDGE('',*,*,#3753,.T.);
#5014=ORIENTED_EDGE('',*,*,#3749,.F.);
#5015=ORIENTED_EDGE('',*,*,#3754,.F.);
#5016=ORIENTED_EDGE('',*,*,#3755,.T.);
#5017=ORIENTED_EDGE('',*,*,#3756,.T.);
#5018=ORIENTED_EDGE('',*,*,#3752,.F.);
#5019=ORIENTED_EDGE('',*,*,#3757,.F.);
#5020=ORIENTED_EDGE('',*,*,#3758,.T.);
#5021=ORIENTED_EDGE('',*,*,#3759,.T.);
#5022=ORIENTED_EDGE('',*,*,#3755,.F.);
#5023=ORIENTED_EDGE('',*,*,#3760,.F.);
#5024=ORIENTED_EDGE('',*,*,#3761,.T.);
#5025=ORIENTED_EDGE('',*,*,#3762,.T.);
#5026=ORIENTED_EDGE('',*,*,#3758,.F.);
#5027=ORIENTED_EDGE('',*,*,#3763,.F.);
#5028=ORIENTED_EDGE('',*,*,#3764,.T.);
#5029=ORIENTED_EDGE('',*,*,#3765,.T.);
#5030=ORIENTED_EDGE('',*,*,#3761,.F.);
#5031=ORIENTED_EDGE('',*,*,#3766,.F.);
#5032=ORIENTED_EDGE('',*,*,#3767,.T.);
#5033=ORIENTED_EDGE('',*,*,#3768,.T.);
#5034=ORIENTED_EDGE('',*,*,#3764,.F.);
#5035=ORIENTED_EDGE('',*,*,#3769,.F.);
#5036=ORIENTED_EDGE('',*,*,#3770,.T.);
#5037=ORIENTED_EDGE('',*,*,#3771,.T.);
#5038=ORIENTED_EDGE('',*,*,#3767,.F.);
#5039=ORIENTED_EDGE('',*,*,#3772,.F.);
#5040=ORIENTED_EDGE('',*,*,#3773,.T.);
#5041=ORIENTED_EDGE('',*,*,#3774,.T.);
#5042=ORIENTED_EDGE('',*,*,#3770,.F.);
#5043=ORIENTED_EDGE('',*,*,#3775,.F.);
#5044=ORIENTED_EDGE('',*,*,#3776,.T.);
#5045=ORIENTED_EDGE('',*,*,#3777,.T.);
#5046=ORIENTED_EDGE('',*,*,#3773,.F.);
#5047=ORIENTED_EDGE('',*,*,#3778,.F.);
#5048=ORIENTED_EDGE('',*,*,#3779,.T.);
#5049=ORIENTED_EDGE('',*,*,#3780,.T.);
#5050=ORIENTED_EDGE('',*,*,#3776,.F.);
#5051=ORIENTED_EDGE('',*,*,#3781,.F.);
#5052=ORIENTED_EDGE('',*,*,#3782,.T.);
#5053=ORIENTED_EDGE('',*,*,#3783,.T.);
#5054=ORIENTED_EDGE('',*,*,#3779,.F.);
#5055=ORIENTED_EDGE('',*,*,#3784,.F.);
#5056=ORIENTED_EDGE('',*,*,#3785,.T.);
#5057=ORIENTED_EDGE('',*,*,#3786,.T.);
#5058=ORIENTED_EDGE('',*,*,#3782,.F.);
#5059=ORIENTED_EDGE('',*,*,#3787,.F.);
#5060=ORIENTED_EDGE('',*,*,#3788,.T.);
#5061=ORIENTED_EDGE('',*,*,#3789,.T.);
#5062=ORIENTED_EDGE('',*,*,#3785,.F.);
#5063=ORIENTED_EDGE('',*,*,#3790,.F.);
#5064=ORIENTED_EDGE('',*,*,#3791,.T.);
#5065=ORIENTED_EDGE('',*,*,#3792,.T.);
#5066=ORIENTED_EDGE('',*,*,#3788,.F.);
#5067=ORIENTED_EDGE('',*,*,#3793,.F.);
#5068=ORIENTED_EDGE('',*,*,#3794,.T.);
#5069=ORIENTED_EDGE('',*,*,#3795,.T.);
#5070=ORIENTED_EDGE('',*,*,#3791,.F.);
#5071=ORIENTED_EDGE('',*,*,#3796,.F.);
#5072=ORIENTED_EDGE('',*,*,#3797,.T.);
#5073=ORIENTED_EDGE('',*,*,#3798,.T.);
#5074=ORIENTED_EDGE('',*,*,#3794,.F.);
#5075=ORIENTED_EDGE('',*,*,#3799,.F.);
#5076=ORIENTED_EDGE('',*,*,#3800,.T.);
#5077=ORIENTED_EDGE('',*,*,#3801,.T.);
#5078=ORIENTED_EDGE('',*,*,#3797,.F.);
#5079=ORIENTED_EDGE('',*,*,#3802,.F.);
#5080=ORIENTED_EDGE('',*,*,#3803,.T.);
#5081=ORIENTED_EDGE('',*,*,#3804,.T.);
#5082=ORIENTED_EDGE('',*,*,#3800,.F.);
#5083=ORIENTED_EDGE('',*,*,#3805,.F.);
#5084=ORIENTED_EDGE('',*,*,#3806,.T.);
#5085=ORIENTED_EDGE('',*,*,#3807,.T.);
#5086=ORIENTED_EDGE('',*,*,#3803,.F.);
#5087=ORIENTED_EDGE('',*,*,#3808,.F.);
#5088=ORIENTED_EDGE('',*,*,#3809,.T.);
#5089=ORIENTED_EDGE('',*,*,#3810,.T.);
#5090=ORIENTED_EDGE('',*,*,#3806,.F.);
#5091=ORIENTED_EDGE('',*,*,#3811,.F.);
#5092=ORIENTED_EDGE('',*,*,#3812,.T.);
#5093=ORIENTED_EDGE('',*,*,#3813,.T.);
#5094=ORIENTED_EDGE('',*,*,#3809,.F.);
#5095=ORIENTED_EDGE('',*,*,#3814,.F.);
#5096=ORIENTED_EDGE('',*,*,#3815,.T.);
#5097=ORIENTED_EDGE('',*,*,#3816,.T.);
#5098=ORIENTED_EDGE('',*,*,#3812,.F.);
#5099=ORIENTED_EDGE('',*,*,#3817,.F.);
#5100=ORIENTED_EDGE('',*,*,#3741,.T.);
#5101=ORIENTED_EDGE('',*,*,#3818,.T.);
#5102=ORIENTED_EDGE('',*,*,#3815,.F.);
#5103=ORIENTED_EDGE('',*,*,#3818,.F.);
#5104=ORIENTED_EDGE('',*,*,#3740,.F.);
#5105=ORIENTED_EDGE('',*,*,#3744,.F.);
#5106=ORIENTED_EDGE('',*,*,#3747,.F.);
#5107=ORIENTED_EDGE('',*,*,#3750,.F.);
#5108=ORIENTED_EDGE('',*,*,#3753,.F.);
#5109=ORIENTED_EDGE('',*,*,#3756,.F.);
#5110=ORIENTED_EDGE('',*,*,#3759,.F.);
#5111=ORIENTED_EDGE('',*,*,#3762,.F.);
#5112=ORIENTED_EDGE('',*,*,#3765,.F.);
#5113=ORIENTED_EDGE('',*,*,#3768,.F.);
#5114=ORIENTED_EDGE('',*,*,#3771,.F.);
#5115=ORIENTED_EDGE('',*,*,#3774,.F.);
#5116=ORIENTED_EDGE('',*,*,#3777,.F.);
#5117=ORIENTED_EDGE('',*,*,#3780,.F.);
#5118=ORIENTED_EDGE('',*,*,#3783,.F.);
#5119=ORIENTED_EDGE('',*,*,#3786,.F.);
#5120=ORIENTED_EDGE('',*,*,#3789,.F.);
#5121=ORIENTED_EDGE('',*,*,#3792,.F.);
#5122=ORIENTED_EDGE('',*,*,#3795,.F.);
#5123=ORIENTED_EDGE('',*,*,#3798,.F.);
#5124=ORIENTED_EDGE('',*,*,#3801,.F.);
#5125=ORIENTED_EDGE('',*,*,#3804,.F.);
#5126=ORIENTED_EDGE('',*,*,#3807,.F.);
#5127=ORIENTED_EDGE('',*,*,#3810,.F.);
#5128=ORIENTED_EDGE('',*,*,#3813,.F.);
#5129=ORIENTED_EDGE('',*,*,#3816,.F.);
#5130=ORIENTED_EDGE('',*,*,#3737,.F.);
#5131=ORIENTED_EDGE('',*,*,#3710,.F.);
#5132=ORIENTED_EDGE('',*,*,#3714,.F.);
#5133=ORIENTED_EDGE('',*,*,#3717,.F.);
#5134=ORIENTED_EDGE('',*,*,#3720,.F.);
#5135=ORIENTED_EDGE('',*,*,#3723,.F.);
#5136=ORIENTED_EDGE('',*,*,#3726,.F.);
#5137=ORIENTED_EDGE('',*,*,#3729,.F.);
#5138=ORIENTED_EDGE('',*,*,#3732,.F.);
#5139=ORIENTED_EDGE('',*,*,#3735,.F.);
#5140=ORIENTED_EDGE('',*,*,#3819,.F.);
#5141=ORIENTED_EDGE('',*,*,#3820,.T.);
#5142=ORIENTED_EDGE('',*,*,#3821,.T.);
#5143=ORIENTED_EDGE('',*,*,#3822,.F.);
#5144=ORIENTED_EDGE('',*,*,#3823,.F.);
#5145=ORIENTED_EDGE('',*,*,#3824,.T.);
#5146=ORIENTED_EDGE('',*,*,#3825,.T.);
#5147=ORIENTED_EDGE('',*,*,#3820,.F.);
#5148=ORIENTED_EDGE('',*,*,#3826,.F.);
#5149=ORIENTED_EDGE('',*,*,#3827,.T.);
#5150=ORIENTED_EDGE('',*,*,#3828,.T.);
#5151=ORIENTED_EDGE('',*,*,#3824,.F.);
#5152=ORIENTED_EDGE('',*,*,#3829,.F.);
#5153=ORIENTED_EDGE('',*,*,#3830,.T.);
#5154=ORIENTED_EDGE('',*,*,#3831,.T.);
#5155=ORIENTED_EDGE('',*,*,#3827,.F.);
#5156=ORIENTED_EDGE('',*,*,#3832,.F.);
#5157=ORIENTED_EDGE('',*,*,#3833,.T.);
#5158=ORIENTED_EDGE('',*,*,#3834,.T.);
#5159=ORIENTED_EDGE('',*,*,#3830,.F.);
#5160=ORIENTED_EDGE('',*,*,#3835,.F.);
#5161=ORIENTED_EDGE('',*,*,#3836,.T.);
#5162=ORIENTED_EDGE('',*,*,#3837,.T.);
#5163=ORIENTED_EDGE('',*,*,#3833,.F.);
#5164=ORIENTED_EDGE('',*,*,#3838,.F.);
#5165=ORIENTED_EDGE('',*,*,#3839,.T.);
#5166=ORIENTED_EDGE('',*,*,#3840,.T.);
#5167=ORIENTED_EDGE('',*,*,#3836,.F.);
#5168=ORIENTED_EDGE('',*,*,#3841,.F.);
#5169=ORIENTED_EDGE('',*,*,#3822,.T.);
#5170=ORIENTED_EDGE('',*,*,#3842,.T.);
#5171=ORIENTED_EDGE('',*,*,#3839,.F.);
#5172=ORIENTED_EDGE('',*,*,#3843,.F.);
#5173=ORIENTED_EDGE('',*,*,#3844,.T.);
#5174=ORIENTED_EDGE('',*,*,#3845,.T.);
#5175=ORIENTED_EDGE('',*,*,#3846,.F.);
#5176=ORIENTED_EDGE('',*,*,#3847,.F.);
#5177=ORIENTED_EDGE('',*,*,#3848,.T.);
#5178=ORIENTED_EDGE('',*,*,#3849,.T.);
#5179=ORIENTED_EDGE('',*,*,#3844,.F.);
#5180=ORIENTED_EDGE('',*,*,#3850,.F.);
#5181=ORIENTED_EDGE('',*,*,#3851,.T.);
#5182=ORIENTED_EDGE('',*,*,#3852,.T.);
#5183=ORIENTED_EDGE('',*,*,#3848,.F.);
#5184=ORIENTED_EDGE('',*,*,#3853,.F.);
#5185=ORIENTED_EDGE('',*,*,#3854,.T.);
#5186=ORIENTED_EDGE('',*,*,#3855,.T.);
#5187=ORIENTED_EDGE('',*,*,#3851,.F.);
#5188=ORIENTED_EDGE('',*,*,#3856,.F.);
#5189=ORIENTED_EDGE('',*,*,#3857,.T.);
#5190=ORIENTED_EDGE('',*,*,#3858,.T.);
#5191=ORIENTED_EDGE('',*,*,#3854,.F.);
#5192=ORIENTED_EDGE('',*,*,#3859,.F.);
#5193=ORIENTED_EDGE('',*,*,#3860,.T.);
#5194=ORIENTED_EDGE('',*,*,#3861,.T.);
#5195=ORIENTED_EDGE('',*,*,#3857,.F.);
#5196=ORIENTED_EDGE('',*,*,#3862,.F.);
#5197=ORIENTED_EDGE('',*,*,#3863,.T.);
#5198=ORIENTED_EDGE('',*,*,#3864,.T.);
#5199=ORIENTED_EDGE('',*,*,#3860,.F.);
#5200=ORIENTED_EDGE('',*,*,#3865,.F.);
#5201=ORIENTED_EDGE('',*,*,#3866,.T.);
#5202=ORIENTED_EDGE('',*,*,#3867,.T.);
#5203=ORIENTED_EDGE('',*,*,#3863,.F.);
#5204=ORIENTED_EDGE('',*,*,#3868,.F.);
#5205=ORIENTED_EDGE('',*,*,#3869,.T.);
#5206=ORIENTED_EDGE('',*,*,#3870,.T.);
#5207=ORIENTED_EDGE('',*,*,#3866,.F.);
#5208=ORIENTED_EDGE('',*,*,#3871,.F.);
#5209=ORIENTED_EDGE('',*,*,#3872,.T.);
#5210=ORIENTED_EDGE('',*,*,#3873,.T.);
#5211=ORIENTED_EDGE('',*,*,#3869,.F.);
#5212=ORIENTED_EDGE('',*,*,#3874,.F.);
#5213=ORIENTED_EDGE('',*,*,#3846,.T.);
#5214=ORIENTED_EDGE('',*,*,#3875,.T.);
#5215=ORIENTED_EDGE('',*,*,#3872,.F.);
#5216=ORIENTED_EDGE('',*,*,#3875,.F.);
#5217=ORIENTED_EDGE('',*,*,#3845,.F.);
#5218=ORIENTED_EDGE('',*,*,#3849,.F.);
#5219=ORIENTED_EDGE('',*,*,#3852,.F.);
#5220=ORIENTED_EDGE('',*,*,#3855,.F.);
#5221=ORIENTED_EDGE('',*,*,#3858,.F.);
#5222=ORIENTED_EDGE('',*,*,#3861,.F.);
#5223=ORIENTED_EDGE('',*,*,#3864,.F.);
#5224=ORIENTED_EDGE('',*,*,#3867,.F.);
#5225=ORIENTED_EDGE('',*,*,#3870,.F.);
#5226=ORIENTED_EDGE('',*,*,#3873,.F.);
#5227=ORIENTED_EDGE('',*,*,#3842,.F.);
#5228=ORIENTED_EDGE('',*,*,#3821,.F.);
#5229=ORIENTED_EDGE('',*,*,#3825,.F.);
#5230=ORIENTED_EDGE('',*,*,#3828,.F.);
#5231=ORIENTED_EDGE('',*,*,#3831,.F.);
#5232=ORIENTED_EDGE('',*,*,#3834,.F.);
#5233=ORIENTED_EDGE('',*,*,#3837,.F.);
#5234=ORIENTED_EDGE('',*,*,#3840,.F.);
#5235=ORIENTED_EDGE('',*,*,#3876,.F.);
#5236=ORIENTED_EDGE('',*,*,#3877,.T.);
#5237=ORIENTED_EDGE('',*,*,#3878,.T.);
#5238=ORIENTED_EDGE('',*,*,#3879,.F.);
#5239=ORIENTED_EDGE('',*,*,#3880,.F.);
#5240=ORIENTED_EDGE('',*,*,#3881,.T.);
#5241=ORIENTED_EDGE('',*,*,#3882,.T.);
#5242=ORIENTED_EDGE('',*,*,#3877,.F.);
#5243=ORIENTED_EDGE('',*,*,#3883,.F.);
#5244=ORIENTED_EDGE('',*,*,#3884,.T.);
#5245=ORIENTED_EDGE('',*,*,#3885,.T.);
#5246=ORIENTED_EDGE('',*,*,#3881,.F.);
#5247=ORIENTED_EDGE('',*,*,#3886,.F.);
#5248=ORIENTED_EDGE('',*,*,#3887,.T.);
#5249=ORIENTED_EDGE('',*,*,#3888,.T.);
#5250=ORIENTED_EDGE('',*,*,#3884,.F.);
#5251=ORIENTED_EDGE('',*,*,#3889,.F.);
#5252=ORIENTED_EDGE('',*,*,#3890,.T.);
#5253=ORIENTED_EDGE('',*,*,#3891,.T.);
#5254=ORIENTED_EDGE('',*,*,#3887,.F.);
#5255=ORIENTED_EDGE('',*,*,#3892,.F.);
#5256=ORIENTED_EDGE('',*,*,#3893,.T.);
#5257=ORIENTED_EDGE('',*,*,#3894,.T.);
#5258=ORIENTED_EDGE('',*,*,#3890,.F.);
#5259=ORIENTED_EDGE('',*,*,#3895,.F.);
#5260=ORIENTED_EDGE('',*,*,#3896,.T.);
#5261=ORIENTED_EDGE('',*,*,#3897,.T.);
#5262=ORIENTED_EDGE('',*,*,#3893,.F.);
#5263=ORIENTED_EDGE('',*,*,#3898,.F.);
#5264=ORIENTED_EDGE('',*,*,#3899,.T.);
#5265=ORIENTED_EDGE('',*,*,#3900,.T.);
#5266=ORIENTED_EDGE('',*,*,#3896,.F.);
#5267=ORIENTED_EDGE('',*,*,#3901,.F.);
#5268=ORIENTED_EDGE('',*,*,#3902,.T.);
#5269=ORIENTED_EDGE('',*,*,#3903,.T.);
#5270=ORIENTED_EDGE('',*,*,#3899,.F.);
#5271=ORIENTED_EDGE('',*,*,#3904,.F.);
#5272=ORIENTED_EDGE('',*,*,#3905,.T.);
#5273=ORIENTED_EDGE('',*,*,#3906,.T.);
#5274=ORIENTED_EDGE('',*,*,#3902,.F.);
#5275=ORIENTED_EDGE('',*,*,#3907,.F.);
#5276=ORIENTED_EDGE('',*,*,#3908,.T.);
#5277=ORIENTED_EDGE('',*,*,#3909,.T.);
#5278=ORIENTED_EDGE('',*,*,#3905,.F.);
#5279=ORIENTED_EDGE('',*,*,#3910,.F.);
#5280=ORIENTED_EDGE('',*,*,#3911,.T.);
#5281=ORIENTED_EDGE('',*,*,#3912,.T.);
#5282=ORIENTED_EDGE('',*,*,#3908,.F.);
#5283=ORIENTED_EDGE('',*,*,#3913,.F.);
#5284=ORIENTED_EDGE('',*,*,#3879,.T.);
#5285=ORIENTED_EDGE('',*,*,#3914,.T.);
#5286=ORIENTED_EDGE('',*,*,#3911,.F.);
#5287=ORIENTED_EDGE('',*,*,#3914,.F.);
#5288=ORIENTED_EDGE('',*,*,#3878,.F.);
#5289=ORIENTED_EDGE('',*,*,#3882,.F.);
#5290=ORIENTED_EDGE('',*,*,#3885,.F.);
#5291=ORIENTED_EDGE('',*,*,#3888,.F.);
#5292=ORIENTED_EDGE('',*,*,#3891,.F.);
#5293=ORIENTED_EDGE('',*,*,#3894,.F.);
#5294=ORIENTED_EDGE('',*,*,#3897,.F.);
#5295=ORIENTED_EDGE('',*,*,#3900,.F.);
#5296=ORIENTED_EDGE('',*,*,#3903,.F.);
#5297=ORIENTED_EDGE('',*,*,#3906,.F.);
#5298=ORIENTED_EDGE('',*,*,#3909,.F.);
#5299=ORIENTED_EDGE('',*,*,#3912,.F.);
#5300=ORIENTED_EDGE('',*,*,#3915,.F.);
#5301=ORIENTED_EDGE('',*,*,#3916,.T.);
#5302=ORIENTED_EDGE('',*,*,#3917,.T.);
#5303=ORIENTED_EDGE('',*,*,#3918,.F.);
#5304=ORIENTED_EDGE('',*,*,#3919,.F.);
#5305=ORIENTED_EDGE('',*,*,#3920,.T.);
#5306=ORIENTED_EDGE('',*,*,#3921,.T.);
#5307=ORIENTED_EDGE('',*,*,#3916,.F.);
#5308=ORIENTED_EDGE('',*,*,#3922,.F.);
#5309=ORIENTED_EDGE('',*,*,#3923,.T.);
#5310=ORIENTED_EDGE('',*,*,#3924,.T.);
#5311=ORIENTED_EDGE('',*,*,#3920,.F.);
#5312=ORIENTED_EDGE('',*,*,#3925,.F.);
#5313=ORIENTED_EDGE('',*,*,#3926,.T.);
#5314=ORIENTED_EDGE('',*,*,#3927,.T.);
#5315=ORIENTED_EDGE('',*,*,#3923,.F.);
#5316=ORIENTED_EDGE('',*,*,#3928,.F.);
#5317=ORIENTED_EDGE('',*,*,#3929,.T.);
#5318=ORIENTED_EDGE('',*,*,#3930,.T.);
#5319=ORIENTED_EDGE('',*,*,#3926,.F.);
#5320=ORIENTED_EDGE('',*,*,#3931,.F.);
#5321=ORIENTED_EDGE('',*,*,#3932,.T.);
#5322=ORIENTED_EDGE('',*,*,#3933,.T.);
#5323=ORIENTED_EDGE('',*,*,#3929,.F.);
#5324=ORIENTED_EDGE('',*,*,#3934,.F.);
#5325=ORIENTED_EDGE('',*,*,#3935,.T.);
#5326=ORIENTED_EDGE('',*,*,#3936,.T.);
#5327=ORIENTED_EDGE('',*,*,#3932,.F.);
#5328=ORIENTED_EDGE('',*,*,#3937,.F.);
#5329=ORIENTED_EDGE('',*,*,#3938,.T.);
#5330=ORIENTED_EDGE('',*,*,#3939,.T.);
#5331=ORIENTED_EDGE('',*,*,#3935,.F.);
#5332=ORIENTED_EDGE('',*,*,#3940,.F.);
#5333=ORIENTED_EDGE('',*,*,#3941,.T.);
#5334=ORIENTED_EDGE('',*,*,#3942,.T.);
#5335=ORIENTED_EDGE('',*,*,#3938,.F.);
#5336=ORIENTED_EDGE('',*,*,#3943,.F.);
#5337=ORIENTED_EDGE('',*,*,#3944,.T.);
#5338=ORIENTED_EDGE('',*,*,#3945,.T.);
#5339=ORIENTED_EDGE('',*,*,#3941,.F.);
#5340=ORIENTED_EDGE('',*,*,#3946,.F.);
#5341=ORIENTED_EDGE('',*,*,#3947,.T.);
#5342=ORIENTED_EDGE('',*,*,#3948,.T.);
#5343=ORIENTED_EDGE('',*,*,#3944,.F.);
#5344=ORIENTED_EDGE('',*,*,#3949,.F.);
#5345=ORIENTED_EDGE('',*,*,#3950,.T.);
#5346=ORIENTED_EDGE('',*,*,#3951,.T.);
#5347=ORIENTED_EDGE('',*,*,#3947,.F.);
#5348=ORIENTED_EDGE('',*,*,#3952,.F.);
#5349=ORIENTED_EDGE('',*,*,#3953,.T.);
#5350=ORIENTED_EDGE('',*,*,#3954,.T.);
#5351=ORIENTED_EDGE('',*,*,#3950,.F.);
#5352=ORIENTED_EDGE('',*,*,#3955,.F.);
#5353=ORIENTED_EDGE('',*,*,#3956,.T.);
#5354=ORIENTED_EDGE('',*,*,#3957,.T.);
#5355=ORIENTED_EDGE('',*,*,#3953,.F.);
#5356=ORIENTED_EDGE('',*,*,#3958,.F.);
#5357=ORIENTED_EDGE('',*,*,#3959,.T.);
#5358=ORIENTED_EDGE('',*,*,#3960,.T.);
#5359=ORIENTED_EDGE('',*,*,#3956,.F.);
#5360=ORIENTED_EDGE('',*,*,#3961,.F.);
#5361=ORIENTED_EDGE('',*,*,#3962,.T.);
#5362=ORIENTED_EDGE('',*,*,#3963,.T.);
#5363=ORIENTED_EDGE('',*,*,#3959,.F.);
#5364=ORIENTED_EDGE('',*,*,#3964,.F.);
#5365=ORIENTED_EDGE('',*,*,#3965,.T.);
#5366=ORIENTED_EDGE('',*,*,#3966,.T.);
#5367=ORIENTED_EDGE('',*,*,#3962,.F.);
#5368=ORIENTED_EDGE('',*,*,#3967,.F.);
#5369=ORIENTED_EDGE('',*,*,#3968,.T.);
#5370=ORIENTED_EDGE('',*,*,#3969,.T.);
#5371=ORIENTED_EDGE('',*,*,#3965,.F.);
#5372=ORIENTED_EDGE('',*,*,#3970,.F.);
#5373=ORIENTED_EDGE('',*,*,#3918,.T.);
#5374=ORIENTED_EDGE('',*,*,#3971,.T.);
#5375=ORIENTED_EDGE('',*,*,#3968,.F.);
#5376=ORIENTED_EDGE('',*,*,#3971,.F.);
#5377=ORIENTED_EDGE('',*,*,#3917,.F.);
#5378=ORIENTED_EDGE('',*,*,#3921,.F.);
#5379=ORIENTED_EDGE('',*,*,#3924,.F.);
#5380=ORIENTED_EDGE('',*,*,#3927,.F.);
#5381=ORIENTED_EDGE('',*,*,#3930,.F.);
#5382=ORIENTED_EDGE('',*,*,#3933,.F.);
#5383=ORIENTED_EDGE('',*,*,#3936,.F.);
#5384=ORIENTED_EDGE('',*,*,#3939,.F.);
#5385=ORIENTED_EDGE('',*,*,#3942,.F.);
#5386=ORIENTED_EDGE('',*,*,#3945,.F.);
#5387=ORIENTED_EDGE('',*,*,#3948,.F.);
#5388=ORIENTED_EDGE('',*,*,#3951,.F.);
#5389=ORIENTED_EDGE('',*,*,#3954,.F.);
#5390=ORIENTED_EDGE('',*,*,#3957,.F.);
#5391=ORIENTED_EDGE('',*,*,#3960,.F.);
#5392=ORIENTED_EDGE('',*,*,#3963,.F.);
#5393=ORIENTED_EDGE('',*,*,#3966,.F.);
#5394=ORIENTED_EDGE('',*,*,#3969,.F.);
#5395=ORIENTED_EDGE('',*,*,#3972,.F.);
#5396=ORIENTED_EDGE('',*,*,#3973,.T.);
#5397=ORIENTED_EDGE('',*,*,#3974,.T.);
#5398=ORIENTED_EDGE('',*,*,#3975,.F.);
#5399=ORIENTED_EDGE('',*,*,#3976,.F.);
#5400=ORIENTED_EDGE('',*,*,#3977,.T.);
#5401=ORIENTED_EDGE('',*,*,#3978,.T.);
#5402=ORIENTED_EDGE('',*,*,#3973,.F.);
#5403=ORIENTED_EDGE('',*,*,#3979,.F.);
#5404=ORIENTED_EDGE('',*,*,#3980,.T.);
#5405=ORIENTED_EDGE('',*,*,#3981,.T.);
#5406=ORIENTED_EDGE('',*,*,#3977,.F.);
#5407=ORIENTED_EDGE('',*,*,#3982,.F.);
#5408=ORIENTED_EDGE('',*,*,#3983,.T.);
#5409=ORIENTED_EDGE('',*,*,#3984,.T.);
#5410=ORIENTED_EDGE('',*,*,#3980,.F.);
#5411=ORIENTED_EDGE('',*,*,#3985,.F.);
#5412=ORIENTED_EDGE('',*,*,#3986,.T.);
#5413=ORIENTED_EDGE('',*,*,#3987,.T.);
#5414=ORIENTED_EDGE('',*,*,#3983,.F.);
#5415=ORIENTED_EDGE('',*,*,#3988,.F.);
#5416=ORIENTED_EDGE('',*,*,#3989,.T.);
#5417=ORIENTED_EDGE('',*,*,#3990,.T.);
#5418=ORIENTED_EDGE('',*,*,#3986,.F.);
#5419=ORIENTED_EDGE('',*,*,#3991,.F.);
#5420=ORIENTED_EDGE('',*,*,#3992,.T.);
#5421=ORIENTED_EDGE('',*,*,#3993,.T.);
#5422=ORIENTED_EDGE('',*,*,#3989,.F.);
#5423=ORIENTED_EDGE('',*,*,#3994,.F.);
#5424=ORIENTED_EDGE('',*,*,#3995,.T.);
#5425=ORIENTED_EDGE('',*,*,#3996,.T.);
#5426=ORIENTED_EDGE('',*,*,#3992,.F.);
#5427=ORIENTED_EDGE('',*,*,#3997,.F.);
#5428=ORIENTED_EDGE('',*,*,#3998,.T.);
#5429=ORIENTED_EDGE('',*,*,#3999,.T.);
#5430=ORIENTED_EDGE('',*,*,#3995,.F.);
#5431=ORIENTED_EDGE('',*,*,#4000,.F.);
#5432=ORIENTED_EDGE('',*,*,#4001,.T.);
#5433=ORIENTED_EDGE('',*,*,#4002,.T.);
#5434=ORIENTED_EDGE('',*,*,#3998,.F.);
#5435=ORIENTED_EDGE('',*,*,#4003,.F.);
#5436=ORIENTED_EDGE('',*,*,#4004,.T.);
#5437=ORIENTED_EDGE('',*,*,#4005,.T.);
#5438=ORIENTED_EDGE('',*,*,#4001,.F.);
#5439=ORIENTED_EDGE('',*,*,#4006,.F.);
#5440=ORIENTED_EDGE('',*,*,#4007,.T.);
#5441=ORIENTED_EDGE('',*,*,#4008,.T.);
#5442=ORIENTED_EDGE('',*,*,#4004,.F.);
#5443=ORIENTED_EDGE('',*,*,#4009,.F.);
#5444=ORIENTED_EDGE('',*,*,#4010,.T.);
#5445=ORIENTED_EDGE('',*,*,#4011,.T.);
#5446=ORIENTED_EDGE('',*,*,#4007,.F.);
#5447=ORIENTED_EDGE('',*,*,#4012,.F.);
#5448=ORIENTED_EDGE('',*,*,#4013,.T.);
#5449=ORIENTED_EDGE('',*,*,#4014,.T.);
#5450=ORIENTED_EDGE('',*,*,#4010,.F.);
#5451=ORIENTED_EDGE('',*,*,#4015,.F.);
#5452=ORIENTED_EDGE('',*,*,#3975,.T.);
#5453=ORIENTED_EDGE('',*,*,#4016,.T.);
#5454=ORIENTED_EDGE('',*,*,#4013,.F.);
#5455=ORIENTED_EDGE('',*,*,#4016,.F.);
#5456=ORIENTED_EDGE('',*,*,#3974,.F.);
#5457=ORIENTED_EDGE('',*,*,#3978,.F.);
#5458=ORIENTED_EDGE('',*,*,#3981,.F.);
#5459=ORIENTED_EDGE('',*,*,#3984,.F.);
#5460=ORIENTED_EDGE('',*,*,#3987,.F.);
#5461=ORIENTED_EDGE('',*,*,#3990,.F.);
#5462=ORIENTED_EDGE('',*,*,#3993,.F.);
#5463=ORIENTED_EDGE('',*,*,#3996,.F.);
#5464=ORIENTED_EDGE('',*,*,#3999,.F.);
#5465=ORIENTED_EDGE('',*,*,#4002,.F.);
#5466=ORIENTED_EDGE('',*,*,#4005,.F.);
#5467=ORIENTED_EDGE('',*,*,#4008,.F.);
#5468=ORIENTED_EDGE('',*,*,#4011,.F.);
#5469=ORIENTED_EDGE('',*,*,#4014,.F.);
#5470=ORIENTED_EDGE('',*,*,#4017,.F.);
#5471=ORIENTED_EDGE('',*,*,#4018,.T.);
#5472=ORIENTED_EDGE('',*,*,#4019,.T.);
#5473=ORIENTED_EDGE('',*,*,#4020,.F.);
#5474=ORIENTED_EDGE('',*,*,#4021,.F.);
#5475=ORIENTED_EDGE('',*,*,#4022,.T.);
#5476=ORIENTED_EDGE('',*,*,#4023,.T.);
#5477=ORIENTED_EDGE('',*,*,#4018,.F.);
#5478=ORIENTED_EDGE('',*,*,#4024,.F.);
#5479=ORIENTED_EDGE('',*,*,#4025,.T.);
#5480=ORIENTED_EDGE('',*,*,#4026,.T.);
#5481=ORIENTED_EDGE('',*,*,#4022,.F.);
#5482=ORIENTED_EDGE('',*,*,#4027,.F.);
#5483=ORIENTED_EDGE('',*,*,#4028,.T.);
#5484=ORIENTED_EDGE('',*,*,#4029,.T.);
#5485=ORIENTED_EDGE('',*,*,#4025,.F.);
#5486=ORIENTED_EDGE('',*,*,#4030,.F.);
#5487=ORIENTED_EDGE('',*,*,#4031,.T.);
#5488=ORIENTED_EDGE('',*,*,#4032,.T.);
#5489=ORIENTED_EDGE('',*,*,#4028,.F.);
#5490=ORIENTED_EDGE('',*,*,#4033,.F.);
#5491=ORIENTED_EDGE('',*,*,#4034,.T.);
#5492=ORIENTED_EDGE('',*,*,#4035,.T.);
#5493=ORIENTED_EDGE('',*,*,#4031,.F.);
#5494=ORIENTED_EDGE('',*,*,#4036,.F.);
#5495=ORIENTED_EDGE('',*,*,#4037,.T.);
#5496=ORIENTED_EDGE('',*,*,#4038,.T.);
#5497=ORIENTED_EDGE('',*,*,#4034,.F.);
#5498=ORIENTED_EDGE('',*,*,#4039,.F.);
#5499=ORIENTED_EDGE('',*,*,#4040,.T.);
#5500=ORIENTED_EDGE('',*,*,#4041,.T.);
#5501=ORIENTED_EDGE('',*,*,#4037,.F.);
#5502=ORIENTED_EDGE('',*,*,#4042,.F.);
#5503=ORIENTED_EDGE('',*,*,#4043,.T.);
#5504=ORIENTED_EDGE('',*,*,#4044,.T.);
#5505=ORIENTED_EDGE('',*,*,#4040,.F.);
#5506=ORIENTED_EDGE('',*,*,#4045,.F.);
#5507=ORIENTED_EDGE('',*,*,#4046,.T.);
#5508=ORIENTED_EDGE('',*,*,#4047,.T.);
#5509=ORIENTED_EDGE('',*,*,#4043,.F.);
#5510=ORIENTED_EDGE('',*,*,#4048,.F.);
#5511=ORIENTED_EDGE('',*,*,#4049,.T.);
#5512=ORIENTED_EDGE('',*,*,#4050,.T.);
#5513=ORIENTED_EDGE('',*,*,#4046,.F.);
#5514=ORIENTED_EDGE('',*,*,#4051,.F.);
#5515=ORIENTED_EDGE('',*,*,#4052,.T.);
#5516=ORIENTED_EDGE('',*,*,#4053,.T.);
#5517=ORIENTED_EDGE('',*,*,#4049,.F.);
#5518=ORIENTED_EDGE('',*,*,#4054,.F.);
#5519=ORIENTED_EDGE('',*,*,#4055,.T.);
#5520=ORIENTED_EDGE('',*,*,#4056,.T.);
#5521=ORIENTED_EDGE('',*,*,#4052,.F.);
#5522=ORIENTED_EDGE('',*,*,#4057,.F.);
#5523=ORIENTED_EDGE('',*,*,#4058,.T.);
#5524=ORIENTED_EDGE('',*,*,#4059,.T.);
#5525=ORIENTED_EDGE('',*,*,#4055,.F.);
#5526=ORIENTED_EDGE('',*,*,#4060,.F.);
#5527=ORIENTED_EDGE('',*,*,#4020,.T.);
#5528=ORIENTED_EDGE('',*,*,#4061,.T.);
#5529=ORIENTED_EDGE('',*,*,#4058,.F.);
#5530=ORIENTED_EDGE('',*,*,#4061,.F.);
#5531=ORIENTED_EDGE('',*,*,#4019,.F.);
#5532=ORIENTED_EDGE('',*,*,#4023,.F.);
#5533=ORIENTED_EDGE('',*,*,#4026,.F.);
#5534=ORIENTED_EDGE('',*,*,#4029,.F.);
#5535=ORIENTED_EDGE('',*,*,#4032,.F.);
#5536=ORIENTED_EDGE('',*,*,#4035,.F.);
#5537=ORIENTED_EDGE('',*,*,#4038,.F.);
#5538=ORIENTED_EDGE('',*,*,#4041,.F.);
#5539=ORIENTED_EDGE('',*,*,#4044,.F.);
#5540=ORIENTED_EDGE('',*,*,#4047,.F.);
#5541=ORIENTED_EDGE('',*,*,#4050,.F.);
#5542=ORIENTED_EDGE('',*,*,#4053,.F.);
#5543=ORIENTED_EDGE('',*,*,#4056,.F.);
#5544=ORIENTED_EDGE('',*,*,#4059,.F.);
#5545=ORIENTED_EDGE('',*,*,#4062,.F.);
#5546=ORIENTED_EDGE('',*,*,#4063,.T.);
#5547=ORIENTED_EDGE('',*,*,#4064,.F.);
#5548=ORIENTED_EDGE('',*,*,#4065,.T.);
#5549=ORIENTED_EDGE('',*,*,#4066,.F.);
#5550=ORIENTED_EDGE('',*,*,#4067,.T.);
#5551=ORIENTED_EDGE('',*,*,#4068,.F.);
#5552=ORIENTED_EDGE('',*,*,#4069,.T.);
#5553=ORIENTED_EDGE('',*,*,#4070,.F.);
#5554=ORIENTED_EDGE('',*,*,#4071,.F.);
#5555=ORIENTED_EDGE('',*,*,#4072,.F.);
#5556=ORIENTED_EDGE('',*,*,#4073,.F.);
#5557=ORIENTED_EDGE('',*,*,#4074,.F.);
#5558=ORIENTED_EDGE('',*,*,#4075,.F.);
#5559=ORIENTED_EDGE('',*,*,#4076,.F.);
#5560=ORIENTED_EDGE('',*,*,#4077,.F.);
#5561=ORIENTED_EDGE('',*,*,#4078,.F.);
#5562=ORIENTED_EDGE('',*,*,#4079,.F.);
#5563=ORIENTED_EDGE('',*,*,#4080,.F.);
#5564=ORIENTED_EDGE('',*,*,#4081,.F.);
#5565=ORIENTED_EDGE('',*,*,#4082,.F.);
#5566=ORIENTED_EDGE('',*,*,#4083,.F.);
#5567=ORIENTED_EDGE('',*,*,#4084,.F.);
#5568=ORIENTED_EDGE('',*,*,#4085,.F.);
#5569=ORIENTED_EDGE('',*,*,#4086,.F.);
#5570=ORIENTED_EDGE('',*,*,#4087,.F.);
#5571=ORIENTED_EDGE('',*,*,#4088,.F.);
#5572=ORIENTED_EDGE('',*,*,#4089,.F.);
#5573=ORIENTED_EDGE('',*,*,#4090,.F.);
#5574=ORIENTED_EDGE('',*,*,#4091,.F.);
#5575=ORIENTED_EDGE('',*,*,#4092,.F.);
#5576=ORIENTED_EDGE('',*,*,#4093,.F.);
#5577=ORIENTED_EDGE('',*,*,#4094,.F.);
#5578=ORIENTED_EDGE('',*,*,#4095,.F.);
#5579=ORIENTED_EDGE('',*,*,#4096,.F.);
#5580=ORIENTED_EDGE('',*,*,#4097,.F.);
#5581=ORIENTED_EDGE('',*,*,#4098,.F.);
#5582=ORIENTED_EDGE('',*,*,#4099,.F.);
#5583=ORIENTED_EDGE('',*,*,#4100,.F.);
#5584=ORIENTED_EDGE('',*,*,#4101,.F.);
#5585=ORIENTED_EDGE('',*,*,#4102,.F.);
#5586=ORIENTED_EDGE('',*,*,#4103,.F.);
#5587=ORIENTED_EDGE('',*,*,#4104,.F.);
#5588=ORIENTED_EDGE('',*,*,#4105,.F.);
#5589=ORIENTED_EDGE('',*,*,#4106,.F.);
#5590=ORIENTED_EDGE('',*,*,#4107,.F.);
#5591=ORIENTED_EDGE('',*,*,#4108,.F.);
#5592=ORIENTED_EDGE('',*,*,#4109,.F.);
#5593=ORIENTED_EDGE('',*,*,#4110,.F.);
#5594=ORIENTED_EDGE('',*,*,#4111,.F.);
#5595=ORIENTED_EDGE('',*,*,#4112,.F.);
#5596=ORIENTED_EDGE('',*,*,#4113,.F.);
#5597=ORIENTED_EDGE('',*,*,#4114,.F.);
#5598=ORIENTED_EDGE('',*,*,#4115,.F.);
#5599=ORIENTED_EDGE('',*,*,#4116,.F.);
#5600=ORIENTED_EDGE('',*,*,#4117,.F.);
#5601=ORIENTED_EDGE('',*,*,#4118,.F.);
#5602=ORIENTED_EDGE('',*,*,#4119,.F.);
#5603=ORIENTED_EDGE('',*,*,#4120,.F.);
#5604=ORIENTED_EDGE('',*,*,#4121,.F.);
#5605=ORIENTED_EDGE('',*,*,#4122,.F.);
#5606=ORIENTED_EDGE('',*,*,#4123,.F.);
#5607=ORIENTED_EDGE('',*,*,#4124,.F.);
#5608=ORIENTED_EDGE('',*,*,#4125,.F.);
#5609=ORIENTED_EDGE('',*,*,#4126,.F.);
#5610=ORIENTED_EDGE('',*,*,#4127,.F.);
#5611=ORIENTED_EDGE('',*,*,#4128,.F.);
#5612=ORIENTED_EDGE('',*,*,#4129,.F.);
#5613=ORIENTED_EDGE('',*,*,#4130,.F.);
#5614=ORIENTED_EDGE('',*,*,#4131,.F.);
#5615=ORIENTED_EDGE('',*,*,#4132,.F.);
#5616=ORIENTED_EDGE('',*,*,#4133,.F.);
#5617=ORIENTED_EDGE('',*,*,#4134,.F.);
#5618=ORIENTED_EDGE('',*,*,#4135,.F.);
#5619=ORIENTED_EDGE('',*,*,#4136,.F.);
#5620=ORIENTED_EDGE('',*,*,#4137,.F.);
#5621=ORIENTED_EDGE('',*,*,#4138,.F.);
#5622=ORIENTED_EDGE('',*,*,#4139,.F.);
#5623=ORIENTED_EDGE('',*,*,#4140,.F.);
#5624=ORIENTED_EDGE('',*,*,#4141,.F.);
#5625=ORIENTED_EDGE('',*,*,#4142,.F.);
#5626=ORIENTED_EDGE('',*,*,#4143,.F.);
#5627=ORIENTED_EDGE('',*,*,#4144,.F.);
#5628=ORIENTED_EDGE('',*,*,#4145,.F.);
#5629=ORIENTED_EDGE('',*,*,#4146,.F.);
#5630=ORIENTED_EDGE('',*,*,#4147,.F.);
#5631=ORIENTED_EDGE('',*,*,#4148,.F.);
#5632=ORIENTED_EDGE('',*,*,#4149,.F.);
#5633=ORIENTED_EDGE('',*,*,#4150,.F.);
#5634=ORIENTED_EDGE('',*,*,#4151,.F.);
#5635=ORIENTED_EDGE('',*,*,#4152,.F.);
#5636=ORIENTED_EDGE('',*,*,#4153,.F.);
#5637=ORIENTED_EDGE('',*,*,#4154,.F.);
#5638=ORIENTED_EDGE('',*,*,#4017,.T.);
#5639=ORIENTED_EDGE('',*,*,#4060,.T.);
#5640=ORIENTED_EDGE('',*,*,#4057,.T.);
#5641=ORIENTED_EDGE('',*,*,#4054,.T.);
#5642=ORIENTED_EDGE('',*,*,#4051,.T.);
#5643=ORIENTED_EDGE('',*,*,#4048,.T.);
#5644=ORIENTED_EDGE('',*,*,#4045,.T.);
#5645=ORIENTED_EDGE('',*,*,#4042,.T.);
#5646=ORIENTED_EDGE('',*,*,#4039,.T.);
#5647=ORIENTED_EDGE('',*,*,#4036,.T.);
#5648=ORIENTED_EDGE('',*,*,#4033,.T.);
#5649=ORIENTED_EDGE('',*,*,#4030,.T.);
#5650=ORIENTED_EDGE('',*,*,#4027,.T.);
#5651=ORIENTED_EDGE('',*,*,#4024,.T.);
#5652=ORIENTED_EDGE('',*,*,#4021,.T.);
#5653=ORIENTED_EDGE('',*,*,#3972,.T.);
#5654=ORIENTED_EDGE('',*,*,#4015,.T.);
#5655=ORIENTED_EDGE('',*,*,#4012,.T.);
#5656=ORIENTED_EDGE('',*,*,#4009,.T.);
#5657=ORIENTED_EDGE('',*,*,#4006,.T.);
#5658=ORIENTED_EDGE('',*,*,#4003,.T.);
#5659=ORIENTED_EDGE('',*,*,#4000,.T.);
#5660=ORIENTED_EDGE('',*,*,#3997,.T.);
#5661=ORIENTED_EDGE('',*,*,#3994,.T.);
#5662=ORIENTED_EDGE('',*,*,#3991,.T.);
#5663=ORIENTED_EDGE('',*,*,#3988,.T.);
#5664=ORIENTED_EDGE('',*,*,#3985,.T.);
#5665=ORIENTED_EDGE('',*,*,#3982,.T.);
#5666=ORIENTED_EDGE('',*,*,#3979,.T.);
#5667=ORIENTED_EDGE('',*,*,#3976,.T.);
#5668=ORIENTED_EDGE('',*,*,#3915,.T.);
#5669=ORIENTED_EDGE('',*,*,#3970,.T.);
#5670=ORIENTED_EDGE('',*,*,#3967,.T.);
#5671=ORIENTED_EDGE('',*,*,#3964,.T.);
#5672=ORIENTED_EDGE('',*,*,#3961,.T.);
#5673=ORIENTED_EDGE('',*,*,#3958,.T.);
#5674=ORIENTED_EDGE('',*,*,#3955,.T.);
#5675=ORIENTED_EDGE('',*,*,#3952,.T.);
#5676=ORIENTED_EDGE('',*,*,#3949,.T.);
#5677=ORIENTED_EDGE('',*,*,#3946,.T.);
#5678=ORIENTED_EDGE('',*,*,#3943,.T.);
#5679=ORIENTED_EDGE('',*,*,#3940,.T.);
#5680=ORIENTED_EDGE('',*,*,#3937,.T.);
#5681=ORIENTED_EDGE('',*,*,#3934,.T.);
#5682=ORIENTED_EDGE('',*,*,#3931,.T.);
#5683=ORIENTED_EDGE('',*,*,#3928,.T.);
#5684=ORIENTED_EDGE('',*,*,#3925,.T.);
#5685=ORIENTED_EDGE('',*,*,#3922,.T.);
#5686=ORIENTED_EDGE('',*,*,#3919,.T.);
#5687=ORIENTED_EDGE('',*,*,#3876,.T.);
#5688=ORIENTED_EDGE('',*,*,#3913,.T.);
#5689=ORIENTED_EDGE('',*,*,#3910,.T.);
#5690=ORIENTED_EDGE('',*,*,#3907,.T.);
#5691=ORIENTED_EDGE('',*,*,#3904,.T.);
#5692=ORIENTED_EDGE('',*,*,#3901,.T.);
#5693=ORIENTED_EDGE('',*,*,#3898,.T.);
#5694=ORIENTED_EDGE('',*,*,#3895,.T.);
#5695=ORIENTED_EDGE('',*,*,#3892,.T.);
#5696=ORIENTED_EDGE('',*,*,#3889,.T.);
#5697=ORIENTED_EDGE('',*,*,#3886,.T.);
#5698=ORIENTED_EDGE('',*,*,#3883,.T.);
#5699=ORIENTED_EDGE('',*,*,#3880,.T.);
#5700=ORIENTED_EDGE('',*,*,#3843,.T.);
#5701=ORIENTED_EDGE('',*,*,#3874,.T.);
#5702=ORIENTED_EDGE('',*,*,#3871,.T.);
#5703=ORIENTED_EDGE('',*,*,#3868,.T.);
#5704=ORIENTED_EDGE('',*,*,#3865,.T.);
#5705=ORIENTED_EDGE('',*,*,#3862,.T.);
#5706=ORIENTED_EDGE('',*,*,#3859,.T.);
#5707=ORIENTED_EDGE('',*,*,#3856,.T.);
#5708=ORIENTED_EDGE('',*,*,#3853,.T.);
#5709=ORIENTED_EDGE('',*,*,#3850,.T.);
#5710=ORIENTED_EDGE('',*,*,#3847,.T.);
#5711=ORIENTED_EDGE('',*,*,#3738,.T.);
#5712=ORIENTED_EDGE('',*,*,#3817,.T.);
#5713=ORIENTED_EDGE('',*,*,#3814,.T.);
#5714=ORIENTED_EDGE('',*,*,#3811,.T.);
#5715=ORIENTED_EDGE('',*,*,#3808,.T.);
#5716=ORIENTED_EDGE('',*,*,#3805,.T.);
#5717=ORIENTED_EDGE('',*,*,#3802,.T.);
#5718=ORIENTED_EDGE('',*,*,#3799,.T.);
#5719=ORIENTED_EDGE('',*,*,#3796,.T.);
#5720=ORIENTED_EDGE('',*,*,#3793,.T.);
#5721=ORIENTED_EDGE('',*,*,#3790,.T.);
#5722=ORIENTED_EDGE('',*,*,#3787,.T.);
#5723=ORIENTED_EDGE('',*,*,#3784,.T.);
#5724=ORIENTED_EDGE('',*,*,#3781,.T.);
#5725=ORIENTED_EDGE('',*,*,#3778,.T.);
#5726=ORIENTED_EDGE('',*,*,#3775,.T.);
#5727=ORIENTED_EDGE('',*,*,#3772,.T.);
#5728=ORIENTED_EDGE('',*,*,#3769,.T.);
#5729=ORIENTED_EDGE('',*,*,#3766,.T.);
#5730=ORIENTED_EDGE('',*,*,#3763,.T.);
#5731=ORIENTED_EDGE('',*,*,#3760,.T.);
#5732=ORIENTED_EDGE('',*,*,#3757,.T.);
#5733=ORIENTED_EDGE('',*,*,#3754,.T.);
#5734=ORIENTED_EDGE('',*,*,#3751,.T.);
#5735=ORIENTED_EDGE('',*,*,#3748,.T.);
#5736=ORIENTED_EDGE('',*,*,#3745,.T.);
#5737=ORIENTED_EDGE('',*,*,#3742,.T.);
#5738=ORIENTED_EDGE('',*,*,#3681,.T.);
#5739=ORIENTED_EDGE('',*,*,#3706,.T.);
#5740=ORIENTED_EDGE('',*,*,#3703,.T.);
#5741=ORIENTED_EDGE('',*,*,#3700,.T.);
#5742=ORIENTED_EDGE('',*,*,#3697,.T.);
#5743=ORIENTED_EDGE('',*,*,#3694,.T.);
#5744=ORIENTED_EDGE('',*,*,#3691,.T.);
#5745=ORIENTED_EDGE('',*,*,#3688,.T.);
#5746=ORIENTED_EDGE('',*,*,#3685,.T.);
#5747=ORIENTED_EDGE('',*,*,#3615,.T.);
#5748=ORIENTED_EDGE('',*,*,#3655,.T.);
#5749=ORIENTED_EDGE('',*,*,#3652,.T.);
#5750=ORIENTED_EDGE('',*,*,#3649,.T.);
#5751=ORIENTED_EDGE('',*,*,#3646,.T.);
#5752=ORIENTED_EDGE('',*,*,#3643,.T.);
#5753=ORIENTED_EDGE('',*,*,#3640,.T.);
#5754=ORIENTED_EDGE('',*,*,#3637,.T.);
#5755=ORIENTED_EDGE('',*,*,#3634,.T.);
#5756=ORIENTED_EDGE('',*,*,#3631,.T.);
#5757=ORIENTED_EDGE('',*,*,#3628,.T.);
#5758=ORIENTED_EDGE('',*,*,#3625,.T.);
#5759=ORIENTED_EDGE('',*,*,#3622,.T.);
#5760=ORIENTED_EDGE('',*,*,#3619,.T.);
#5761=ORIENTED_EDGE('',*,*,#3510,.T.);
#5762=ORIENTED_EDGE('',*,*,#3589,.T.);
#5763=ORIENTED_EDGE('',*,*,#3586,.T.);
#5764=ORIENTED_EDGE('',*,*,#3583,.T.);
#5765=ORIENTED_EDGE('',*,*,#3580,.T.);
#5766=ORIENTED_EDGE('',*,*,#3577,.T.);
#5767=ORIENTED_EDGE('',*,*,#3574,.T.);
#5768=ORIENTED_EDGE('',*,*,#3571,.T.);
#5769=ORIENTED_EDGE('',*,*,#3568,.T.);
#5770=ORIENTED_EDGE('',*,*,#3565,.T.);
#5771=ORIENTED_EDGE('',*,*,#3562,.T.);
#5772=ORIENTED_EDGE('',*,*,#3559,.T.);
#5773=ORIENTED_EDGE('',*,*,#3556,.T.);
#5774=ORIENTED_EDGE('',*,*,#3553,.T.);
#5775=ORIENTED_EDGE('',*,*,#3550,.T.);
#5776=ORIENTED_EDGE('',*,*,#3547,.T.);
#5777=ORIENTED_EDGE('',*,*,#3544,.T.);
#5778=ORIENTED_EDGE('',*,*,#3541,.T.);
#5779=ORIENTED_EDGE('',*,*,#3538,.T.);
#5780=ORIENTED_EDGE('',*,*,#3535,.T.);
#5781=ORIENTED_EDGE('',*,*,#3532,.T.);
#5782=ORIENTED_EDGE('',*,*,#3529,.T.);
#5783=ORIENTED_EDGE('',*,*,#3526,.T.);
#5784=ORIENTED_EDGE('',*,*,#3523,.T.);
#5785=ORIENTED_EDGE('',*,*,#3520,.T.);
#5786=ORIENTED_EDGE('',*,*,#3517,.T.);
#5787=ORIENTED_EDGE('',*,*,#3514,.T.);
#5788=ORIENTED_EDGE('',*,*,#3426,.T.);
#5789=ORIENTED_EDGE('',*,*,#3478,.T.);
#5790=ORIENTED_EDGE('',*,*,#3475,.T.);
#5791=ORIENTED_EDGE('',*,*,#3472,.T.);
#5792=ORIENTED_EDGE('',*,*,#3469,.T.);
#5793=ORIENTED_EDGE('',*,*,#3466,.T.);
#5794=ORIENTED_EDGE('',*,*,#3463,.T.);
#5795=ORIENTED_EDGE('',*,*,#3460,.T.);
#5796=ORIENTED_EDGE('',*,*,#3457,.T.);
#5797=ORIENTED_EDGE('',*,*,#3454,.T.);
#5798=ORIENTED_EDGE('',*,*,#3451,.T.);
#5799=ORIENTED_EDGE('',*,*,#3448,.T.);
#5800=ORIENTED_EDGE('',*,*,#3445,.T.);
#5801=ORIENTED_EDGE('',*,*,#3442,.T.);
#5802=ORIENTED_EDGE('',*,*,#3439,.T.);
#5803=ORIENTED_EDGE('',*,*,#3436,.T.);
#5804=ORIENTED_EDGE('',*,*,#3433,.T.);
#5805=ORIENTED_EDGE('',*,*,#3430,.T.);
#5806=ORIENTED_EDGE('',*,*,#3819,.T.);
#5807=ORIENTED_EDGE('',*,*,#3841,.T.);
#5808=ORIENTED_EDGE('',*,*,#3838,.T.);
#5809=ORIENTED_EDGE('',*,*,#3835,.T.);
#5810=ORIENTED_EDGE('',*,*,#3832,.T.);
#5811=ORIENTED_EDGE('',*,*,#3829,.T.);
#5812=ORIENTED_EDGE('',*,*,#3826,.T.);
#5813=ORIENTED_EDGE('',*,*,#3823,.T.);
#5814=ORIENTED_EDGE('',*,*,#3708,.T.);
#5815=ORIENTED_EDGE('',*,*,#3736,.T.);
#5816=ORIENTED_EDGE('',*,*,#3733,.T.);
#5817=ORIENTED_EDGE('',*,*,#3730,.T.);
#5818=ORIENTED_EDGE('',*,*,#3727,.T.);
#5819=ORIENTED_EDGE('',*,*,#3724,.T.);
#5820=ORIENTED_EDGE('',*,*,#3721,.T.);
#5821=ORIENTED_EDGE('',*,*,#3718,.T.);
#5822=ORIENTED_EDGE('',*,*,#3715,.T.);
#5823=ORIENTED_EDGE('',*,*,#3712,.T.);
#5824=ORIENTED_EDGE('',*,*,#3657,.T.);
#5825=ORIENTED_EDGE('',*,*,#3679,.T.);
#5826=ORIENTED_EDGE('',*,*,#3676,.T.);
#5827=ORIENTED_EDGE('',*,*,#3673,.T.);
#5828=ORIENTED_EDGE('',*,*,#3670,.T.);
#5829=ORIENTED_EDGE('',*,*,#3667,.T.);
#5830=ORIENTED_EDGE('',*,*,#3664,.T.);
#5831=ORIENTED_EDGE('',*,*,#3661,.T.);
#5832=ORIENTED_EDGE('',*,*,#3591,.T.);
#5833=ORIENTED_EDGE('',*,*,#3613,.T.);
#5834=ORIENTED_EDGE('',*,*,#3610,.T.);
#5835=ORIENTED_EDGE('',*,*,#3607,.T.);
#5836=ORIENTED_EDGE('',*,*,#3604,.T.);
#5837=ORIENTED_EDGE('',*,*,#3601,.T.);
#5838=ORIENTED_EDGE('',*,*,#3598,.T.);
#5839=ORIENTED_EDGE('',*,*,#3595,.T.);
#5840=ORIENTED_EDGE('',*,*,#4155,.F.);
#5841=ORIENTED_EDGE('',*,*,#4156,.F.);
#5842=ORIENTED_EDGE('',*,*,#4157,.F.);
#5843=ORIENTED_EDGE('',*,*,#4158,.F.);
#5844=ORIENTED_EDGE('',*,*,#4159,.F.);
#5845=ORIENTED_EDGE('',*,*,#4160,.F.);
#5846=ORIENTED_EDGE('',*,*,#4161,.F.);
#5847=ORIENTED_EDGE('',*,*,#4162,.F.);
#5848=ORIENTED_EDGE('',*,*,#4163,.F.);
#5849=ORIENTED_EDGE('',*,*,#4164,.F.);
#5850=ORIENTED_EDGE('',*,*,#4165,.F.);
#5851=ORIENTED_EDGE('',*,*,#4166,.F.);
#5852=ORIENTED_EDGE('',*,*,#4167,.F.);
#5853=ORIENTED_EDGE('',*,*,#4168,.F.);
#5854=ORIENTED_EDGE('',*,*,#4169,.F.);
#5855=ORIENTED_EDGE('',*,*,#4170,.F.);
#5856=ORIENTED_EDGE('',*,*,#4171,.F.);
#5857=ORIENTED_EDGE('',*,*,#4172,.F.);
#5858=ORIENTED_EDGE('',*,*,#4173,.F.);
#5859=ORIENTED_EDGE('',*,*,#4174,.F.);
#5860=ORIENTED_EDGE('',*,*,#4175,.F.);
#5861=ORIENTED_EDGE('',*,*,#4176,.F.);
#5862=ORIENTED_EDGE('',*,*,#4177,.F.);
#5863=ORIENTED_EDGE('',*,*,#4178,.F.);
#5864=ORIENTED_EDGE('',*,*,#4179,.F.);
#5865=ORIENTED_EDGE('',*,*,#4180,.F.);
#5866=ORIENTED_EDGE('',*,*,#4181,.F.);
#5867=ORIENTED_EDGE('',*,*,#4182,.F.);
#5868=ORIENTED_EDGE('',*,*,#4183,.F.);
#5869=ORIENTED_EDGE('',*,*,#4184,.F.);
#5870=ORIENTED_EDGE('',*,*,#4185,.F.);
#5871=ORIENTED_EDGE('',*,*,#4186,.F.);
#5872=ORIENTED_EDGE('',*,*,#4187,.F.);
#5873=ORIENTED_EDGE('',*,*,#4188,.F.);
#5874=ORIENTED_EDGE('',*,*,#4189,.F.);
#5875=ORIENTED_EDGE('',*,*,#4190,.F.);
#5876=ORIENTED_EDGE('',*,*,#4191,.F.);
#5877=ORIENTED_EDGE('',*,*,#4192,.F.);
#5878=ORIENTED_EDGE('',*,*,#4193,.F.);
#5879=ORIENTED_EDGE('',*,*,#4194,.F.);
#5880=ORIENTED_EDGE('',*,*,#4195,.F.);
#5881=ORIENTED_EDGE('',*,*,#4196,.F.);
#5882=ORIENTED_EDGE('',*,*,#4197,.F.);
#5883=ORIENTED_EDGE('',*,*,#4198,.F.);
#5884=ORIENTED_EDGE('',*,*,#4199,.F.);
#5885=ORIENTED_EDGE('',*,*,#4200,.F.);
#5886=ORIENTED_EDGE('',*,*,#4201,.F.);
#5887=ORIENTED_EDGE('',*,*,#4202,.F.);
#5888=ORIENTED_EDGE('',*,*,#4203,.F.);
#5889=ORIENTED_EDGE('',*,*,#4204,.F.);
#5890=ORIENTED_EDGE('',*,*,#4205,.F.);
#5891=ORIENTED_EDGE('',*,*,#4206,.F.);
#5892=ORIENTED_EDGE('',*,*,#4207,.F.);
#5893=ORIENTED_EDGE('',*,*,#4208,.F.);
#5894=ORIENTED_EDGE('',*,*,#4209,.F.);
#5895=ORIENTED_EDGE('',*,*,#4210,.F.);
#5896=ORIENTED_EDGE('',*,*,#4211,.F.);
#5897=ORIENTED_EDGE('',*,*,#4212,.F.);
#5898=ORIENTED_EDGE('',*,*,#4213,.F.);
#5899=ORIENTED_EDGE('',*,*,#4214,.F.);
#5900=ORIENTED_EDGE('',*,*,#4215,.F.);
#5901=ORIENTED_EDGE('',*,*,#4216,.F.);
#5902=ORIENTED_EDGE('',*,*,#4217,.F.);
#5903=ORIENTED_EDGE('',*,*,#4218,.F.);
#5904=ORIENTED_EDGE('',*,*,#4219,.F.);
#5905=ORIENTED_EDGE('',*,*,#4220,.F.);
#5906=ORIENTED_EDGE('',*,*,#4221,.F.);
#5907=ORIENTED_EDGE('',*,*,#4222,.F.);
#5908=ORIENTED_EDGE('',*,*,#4223,.F.);
#5909=ORIENTED_EDGE('',*,*,#4224,.F.);
#5910=ORIENTED_EDGE('',*,*,#4225,.F.);
#5911=ORIENTED_EDGE('',*,*,#4226,.F.);
#5912=ORIENTED_EDGE('',*,*,#4227,.F.);
#5913=ORIENTED_EDGE('',*,*,#4228,.F.);
#5914=ORIENTED_EDGE('',*,*,#4229,.F.);
#5915=ORIENTED_EDGE('',*,*,#4230,.F.);
#5916=ORIENTED_EDGE('',*,*,#4231,.F.);
#5917=ORIENTED_EDGE('',*,*,#4232,.F.);
#5918=ORIENTED_EDGE('',*,*,#4233,.F.);
#5919=ORIENTED_EDGE('',*,*,#4234,.F.);
#5920=ORIENTED_EDGE('',*,*,#4235,.F.);
#5921=ORIENTED_EDGE('',*,*,#4236,.F.);
#5922=ORIENTED_EDGE('',*,*,#4237,.F.);
#5923=ORIENTED_EDGE('',*,*,#4238,.F.);
#5924=ORIENTED_EDGE('',*,*,#4239,.F.);
#5925=ORIENTED_EDGE('',*,*,#4240,.F.);
#5926=ORIENTED_EDGE('',*,*,#4241,.F.);
#5927=ORIENTED_EDGE('',*,*,#4242,.F.);
#5928=ORIENTED_EDGE('',*,*,#4243,.F.);
#5929=ORIENTED_EDGE('',*,*,#4244,.F.);
#5930=ORIENTED_EDGE('',*,*,#4245,.F.);
#5931=ORIENTED_EDGE('',*,*,#4246,.F.);
#5932=ORIENTED_EDGE('',*,*,#4247,.F.);
#5933=ORIENTED_EDGE('',*,*,#4243,.T.);
#5934=ORIENTED_EDGE('',*,*,#4248,.F.);
#5935=ORIENTED_EDGE('',*,*,#4075,.T.);
#5936=ORIENTED_EDGE('',*,*,#4249,.T.);
#5937=ORIENTED_EDGE('',*,*,#4242,.T.);
#5938=ORIENTED_EDGE('',*,*,#4250,.F.);
#5939=ORIENTED_EDGE('',*,*,#4076,.T.);
#5940=ORIENTED_EDGE('',*,*,#4248,.T.);
#5941=ORIENTED_EDGE('',*,*,#4241,.T.);
#5942=ORIENTED_EDGE('',*,*,#4251,.F.);
#5943=ORIENTED_EDGE('',*,*,#4077,.T.);
#5944=ORIENTED_EDGE('',*,*,#4250,.T.);
#5945=ORIENTED_EDGE('',*,*,#4240,.T.);
#5946=ORIENTED_EDGE('',*,*,#4252,.F.);
#5947=ORIENTED_EDGE('',*,*,#4070,.T.);
#5948=ORIENTED_EDGE('',*,*,#4251,.T.);
#5949=ORIENTED_EDGE('',*,*,#4234,.T.);
#5950=ORIENTED_EDGE('',*,*,#4253,.F.);
#5951=ORIENTED_EDGE('',*,*,#4084,.T.);
#5952=ORIENTED_EDGE('',*,*,#4254,.T.);
#5953=ORIENTED_EDGE('',*,*,#4233,.T.);
#5954=ORIENTED_EDGE('',*,*,#4255,.F.);
#5955=ORIENTED_EDGE('',*,*,#4085,.T.);
#5956=ORIENTED_EDGE('',*,*,#4253,.T.);
#5957=ORIENTED_EDGE('',*,*,#4232,.T.);
#5958=ORIENTED_EDGE('',*,*,#4256,.F.);
#5959=ORIENTED_EDGE('',*,*,#4086,.T.);
#5960=ORIENTED_EDGE('',*,*,#4255,.T.);
#5961=ORIENTED_EDGE('',*,*,#4231,.T.);
#5962=ORIENTED_EDGE('',*,*,#4257,.F.);
#5963=ORIENTED_EDGE('',*,*,#4079,.T.);
#5964=ORIENTED_EDGE('',*,*,#4256,.T.);
#5965=ORIENTED_EDGE('',*,*,#4224,.T.);
#5966=ORIENTED_EDGE('',*,*,#4258,.T.);
#5967=ORIENTED_EDGE('',*,*,#4093,.T.);
#5968=ORIENTED_EDGE('',*,*,#4259,.T.);
#5969=ORIENTED_EDGE('',*,*,#4223,.T.);
#5970=ORIENTED_EDGE('',*,*,#4260,.F.);
#5971=ORIENTED_EDGE('',*,*,#4094,.T.);
#5972=ORIENTED_EDGE('',*,*,#4258,.F.);
#5973=ORIENTED_EDGE('',*,*,#4222,.T.);
#5974=ORIENTED_EDGE('',*,*,#4261,.T.);
#5975=ORIENTED_EDGE('',*,*,#4095,.T.);
#5976=ORIENTED_EDGE('',*,*,#4260,.T.);
#5977=ORIENTED_EDGE('',*,*,#4221,.T.);
#5978=ORIENTED_EDGE('',*,*,#4262,.F.);
#5979=ORIENTED_EDGE('',*,*,#4096,.T.);
#5980=ORIENTED_EDGE('',*,*,#4261,.F.);
#5981=ORIENTED_EDGE('',*,*,#4216,.T.);
#5982=ORIENTED_EDGE('',*,*,#4263,.F.);
#5983=ORIENTED_EDGE('',*,*,#4102,.T.);
#5984=ORIENTED_EDGE('',*,*,#4264,.T.);
#5985=ORIENTED_EDGE('',*,*,#4215,.T.);
#5986=ORIENTED_EDGE('',*,*,#4265,.F.);
#5987=ORIENTED_EDGE('',*,*,#4103,.T.);
#5988=ORIENTED_EDGE('',*,*,#4263,.T.);
#5989=ORIENTED_EDGE('',*,*,#4214,.T.);
#5990=ORIENTED_EDGE('',*,*,#4266,.F.);
#5991=ORIENTED_EDGE('',*,*,#4104,.T.);
#5992=ORIENTED_EDGE('',*,*,#4265,.T.);
#5993=ORIENTED_EDGE('',*,*,#4213,.T.);
#5994=ORIENTED_EDGE('',*,*,#4267,.F.);
#5995=ORIENTED_EDGE('',*,*,#4097,.T.);
#5996=ORIENTED_EDGE('',*,*,#4266,.T.);
#5997=ORIENTED_EDGE('',*,*,#4208,.T.);
#5998=ORIENTED_EDGE('',*,*,#4268,.F.);
#5999=ORIENTED_EDGE('',*,*,#4110,.T.);
#6000=ORIENTED_EDGE('',*,*,#4269,.T.);
#6001=ORIENTED_EDGE('',*,*,#4207,.T.);
#6002=ORIENTED_EDGE('',*,*,#4270,.F.);
#6003=ORIENTED_EDGE('',*,*,#4111,.T.);
#6004=ORIENTED_EDGE('',*,*,#4268,.T.);
#6005=ORIENTED_EDGE('',*,*,#4206,.T.);
#6006=ORIENTED_EDGE('',*,*,#4271,.F.);
#6007=ORIENTED_EDGE('',*,*,#4112,.T.);
#6008=ORIENTED_EDGE('',*,*,#4270,.T.);
#6009=ORIENTED_EDGE('',*,*,#4205,.T.);
#6010=ORIENTED_EDGE('',*,*,#4272,.F.);
#6011=ORIENTED_EDGE('',*,*,#4105,.T.);
#6012=ORIENTED_EDGE('',*,*,#4271,.T.);
#6013=ORIENTED_EDGE('',*,*,#4200,.T.);
#6014=ORIENTED_EDGE('',*,*,#4273,.F.);
#6015=ORIENTED_EDGE('',*,*,#4118,.T.);
#6016=ORIENTED_EDGE('',*,*,#4274,.T.);
#6017=ORIENTED_EDGE('',*,*,#4199,.T.);
#6018=ORIENTED_EDGE('',*,*,#4275,.F.);
#6019=ORIENTED_EDGE('',*,*,#4119,.T.);
#6020=ORIENTED_EDGE('',*,*,#4273,.T.);
#6021=ORIENTED_EDGE('',*,*,#4198,.T.);
#6022=ORIENTED_EDGE('',*,*,#4276,.F.);
#6023=ORIENTED_EDGE('',*,*,#4120,.T.);
#6024=ORIENTED_EDGE('',*,*,#4275,.T.);
#6025=ORIENTED_EDGE('',*,*,#4197,.T.);
#6026=ORIENTED_EDGE('',*,*,#4277,.F.);
#6027=ORIENTED_EDGE('',*,*,#4113,.T.);
#6028=ORIENTED_EDGE('',*,*,#4276,.T.);
#6029=ORIENTED_EDGE('',*,*,#4190,.T.);
#6030=ORIENTED_EDGE('',*,*,#4278,.F.);
#6031=ORIENTED_EDGE('',*,*,#4128,.T.);
#6032=ORIENTED_EDGE('',*,*,#4279,.T.);
#6033=ORIENTED_EDGE('',*,*,#4189,.T.);
#6034=ORIENTED_EDGE('',*,*,#4280,.F.);
#6035=ORIENTED_EDGE('',*,*,#4129,.T.);
#6036=ORIENTED_EDGE('',*,*,#4278,.T.);
#6037=ORIENTED_EDGE('',*,*,#4188,.T.);
#6038=ORIENTED_EDGE('',*,*,#4281,.F.);
#6039=ORIENTED_EDGE('',*,*,#4130,.T.);
#6040=ORIENTED_EDGE('',*,*,#4280,.T.);
#6041=ORIENTED_EDGE('',*,*,#4187,.T.);
#6042=ORIENTED_EDGE('',*,*,#4282,.F.);
#6043=ORIENTED_EDGE('',*,*,#4123,.T.);
#6044=ORIENTED_EDGE('',*,*,#4281,.T.);
#6045=ORIENTED_EDGE('',*,*,#4182,.T.);
#6046=ORIENTED_EDGE('',*,*,#4283,.F.);
#6047=ORIENTED_EDGE('',*,*,#4136,.T.);
#6048=ORIENTED_EDGE('',*,*,#4284,.T.);
#6049=ORIENTED_EDGE('',*,*,#4181,.T.);
#6050=ORIENTED_EDGE('',*,*,#4285,.F.);
#6051=ORIENTED_EDGE('',*,*,#4137,.T.);
#6052=ORIENTED_EDGE('',*,*,#4283,.T.);
#6053=ORIENTED_EDGE('',*,*,#4180,.T.);
#6054=ORIENTED_EDGE('',*,*,#4286,.F.);
#6055=ORIENTED_EDGE('',*,*,#4138,.T.);
#6056=ORIENTED_EDGE('',*,*,#4285,.T.);
#6057=ORIENTED_EDGE('',*,*,#4179,.T.);
#6058=ORIENTED_EDGE('',*,*,#4287,.F.);
#6059=ORIENTED_EDGE('',*,*,#4131,.T.);
#6060=ORIENTED_EDGE('',*,*,#4286,.T.);
#6061=ORIENTED_EDGE('',*,*,#4174,.T.);
#6062=ORIENTED_EDGE('',*,*,#4288,.F.);
#6063=ORIENTED_EDGE('',*,*,#4144,.T.);
#6064=ORIENTED_EDGE('',*,*,#4289,.T.);
#6065=ORIENTED_EDGE('',*,*,#4173,.T.);
#6066=ORIENTED_EDGE('',*,*,#4290,.F.);
#6067=ORIENTED_EDGE('',*,*,#4145,.T.);
#6068=ORIENTED_EDGE('',*,*,#4288,.T.);
#6069=ORIENTED_EDGE('',*,*,#4172,.T.);
#6070=ORIENTED_EDGE('',*,*,#4291,.F.);
#6071=ORIENTED_EDGE('',*,*,#4146,.T.);
#6072=ORIENTED_EDGE('',*,*,#4290,.T.);
#6073=ORIENTED_EDGE('',*,*,#4171,.T.);
#6074=ORIENTED_EDGE('',*,*,#4292,.F.);
#6075=ORIENTED_EDGE('',*,*,#4139,.T.);
#6076=ORIENTED_EDGE('',*,*,#4291,.T.);
#6077=ORIENTED_EDGE('',*,*,#4166,.T.);
#6078=ORIENTED_EDGE('',*,*,#4293,.F.);
#6079=ORIENTED_EDGE('',*,*,#4152,.T.);
#6080=ORIENTED_EDGE('',*,*,#4294,.T.);
#6081=ORIENTED_EDGE('',*,*,#4165,.T.);
#6082=ORIENTED_EDGE('',*,*,#4295,.F.);
#6083=ORIENTED_EDGE('',*,*,#4153,.T.);
#6084=ORIENTED_EDGE('',*,*,#4293,.T.);
#6085=ORIENTED_EDGE('',*,*,#4164,.T.);
#6086=ORIENTED_EDGE('',*,*,#4296,.F.);
#6087=ORIENTED_EDGE('',*,*,#4154,.T.);
#6088=ORIENTED_EDGE('',*,*,#4295,.T.);
#6089=ORIENTED_EDGE('',*,*,#4163,.T.);
#6090=ORIENTED_EDGE('',*,*,#4297,.F.);
#6091=ORIENTED_EDGE('',*,*,#4147,.T.);
#6092=ORIENTED_EDGE('',*,*,#4296,.T.);
#6093=ORIENTED_EDGE('',*,*,#4158,.T.);
#6094=ORIENTED_EDGE('',*,*,#4298,.F.);
#6095=ORIENTED_EDGE('',*,*,#4067,.F.);
#6096=ORIENTED_EDGE('',*,*,#4299,.F.);
#6097=ORIENTED_EDGE('',*,*,#4157,.T.);
#6098=ORIENTED_EDGE('',*,*,#4300,.T.);
#6099=ORIENTED_EDGE('',*,*,#4068,.T.);
#6100=ORIENTED_EDGE('',*,*,#4298,.T.);
#6101=ORIENTED_EDGE('',*,*,#4156,.T.);
#6102=ORIENTED_EDGE('',*,*,#4301,.F.);
#6103=ORIENTED_EDGE('',*,*,#4069,.F.);
#6104=ORIENTED_EDGE('',*,*,#4300,.F.);
#6105=ORIENTED_EDGE('',*,*,#4155,.T.);
#6106=ORIENTED_EDGE('',*,*,#4302,.T.);
#6107=ORIENTED_EDGE('',*,*,#4062,.T.);
#6108=ORIENTED_EDGE('',*,*,#4301,.T.);
#6109=ORIENTED_EDGE('',*,*,#4226,.T.);
#6110=ORIENTED_EDGE('',*,*,#4303,.T.);
#6111=ORIENTED_EDGE('',*,*,#4091,.T.);
#6112=ORIENTED_EDGE('',*,*,#4304,.T.);
#6113=ORIENTED_EDGE('',*,*,#4227,.T.);
#6114=ORIENTED_EDGE('',*,*,#4304,.F.);
#6115=ORIENTED_EDGE('',*,*,#4090,.T.);
#6116=ORIENTED_EDGE('',*,*,#4305,.F.);
#6117=ORIENTED_EDGE('',*,*,#4225,.T.);
#6118=ORIENTED_EDGE('',*,*,#4259,.F.);
#6119=ORIENTED_EDGE('',*,*,#4092,.T.);
#6120=ORIENTED_EDGE('',*,*,#4303,.F.);
#6121=ORIENTED_EDGE('',*,*,#4228,.T.);
#6122=ORIENTED_EDGE('',*,*,#4305,.T.);
#6123=ORIENTED_EDGE('',*,*,#4089,.T.);
#6124=ORIENTED_EDGE('',*,*,#4262,.T.);
#6125=ORIENTED_EDGE('',*,*,#3480,.T.);
#6126=ORIENTED_EDGE('',*,*,#3508,.T.);
#6127=ORIENTED_EDGE('',*,*,#3505,.T.);
#6128=ORIENTED_EDGE('',*,*,#3502,.T.);
#6129=ORIENTED_EDGE('',*,*,#3499,.T.);
#6130=ORIENTED_EDGE('',*,*,#3496,.T.);
#6131=ORIENTED_EDGE('',*,*,#3493,.T.);
#6132=ORIENTED_EDGE('',*,*,#3490,.T.);
#6133=ORIENTED_EDGE('',*,*,#3487,.T.);
#6134=ORIENTED_EDGE('',*,*,#3484,.T.);
#6135=ORIENTED_EDGE('',*,*,#4159,.T.);
#6136=ORIENTED_EDGE('',*,*,#4299,.T.);
#6137=ORIENTED_EDGE('',*,*,#4066,.T.);
#6138=ORIENTED_EDGE('',*,*,#4306,.T.);
#6139=ORIENTED_EDGE('',*,*,#4160,.T.);
#6140=ORIENTED_EDGE('',*,*,#4306,.F.);
#6141=ORIENTED_EDGE('',*,*,#4065,.F.);
#6142=ORIENTED_EDGE('',*,*,#4307,.F.);
#6143=ORIENTED_EDGE('',*,*,#4161,.T.);
#6144=ORIENTED_EDGE('',*,*,#4307,.T.);
#6145=ORIENTED_EDGE('',*,*,#4064,.T.);
#6146=ORIENTED_EDGE('',*,*,#4308,.T.);
#6147=ORIENTED_EDGE('',*,*,#4247,.T.);
#6148=ORIENTED_EDGE('',*,*,#4309,.F.);
#6149=ORIENTED_EDGE('',*,*,#4071,.T.);
#6150=ORIENTED_EDGE('',*,*,#4252,.T.);
#6151=ORIENTED_EDGE('',*,*,#4246,.T.);
#6152=ORIENTED_EDGE('',*,*,#4310,.F.);
#6153=ORIENTED_EDGE('',*,*,#4072,.T.);
#6154=ORIENTED_EDGE('',*,*,#4309,.T.);
#6155=ORIENTED_EDGE('',*,*,#4245,.T.);
#6156=ORIENTED_EDGE('',*,*,#4311,.F.);
#6157=ORIENTED_EDGE('',*,*,#4073,.T.);
#6158=ORIENTED_EDGE('',*,*,#4310,.T.);
#6159=ORIENTED_EDGE('',*,*,#4244,.T.);
#6160=ORIENTED_EDGE('',*,*,#4249,.F.);
#6161=ORIENTED_EDGE('',*,*,#4074,.T.);
#6162=ORIENTED_EDGE('',*,*,#4311,.T.);
#6163=ORIENTED_EDGE('',*,*,#4239,.T.);
#6164=ORIENTED_EDGE('',*,*,#4312,.T.);
#6165=ORIENTED_EDGE('',*,*,#4078,.T.);
#6166=ORIENTED_EDGE('',*,*,#4312,.F.);
#6167=ORIENTED_EDGE('',*,*,#4238,.T.);
#6168=ORIENTED_EDGE('',*,*,#4313,.F.);
#6169=ORIENTED_EDGE('',*,*,#4080,.T.);
#6170=ORIENTED_EDGE('',*,*,#4257,.T.);
#6171=ORIENTED_EDGE('',*,*,#4237,.T.);
#6172=ORIENTED_EDGE('',*,*,#4314,.F.);
#6173=ORIENTED_EDGE('',*,*,#4081,.T.);
#6174=ORIENTED_EDGE('',*,*,#4313,.T.);
#6175=ORIENTED_EDGE('',*,*,#4236,.T.);
#6176=ORIENTED_EDGE('',*,*,#4315,.F.);
#6177=ORIENTED_EDGE('',*,*,#4082,.T.);
#6178=ORIENTED_EDGE('',*,*,#4314,.T.);
#6179=ORIENTED_EDGE('',*,*,#4235,.T.);
#6180=ORIENTED_EDGE('',*,*,#4254,.F.);
#6181=ORIENTED_EDGE('',*,*,#4083,.T.);
#6182=ORIENTED_EDGE('',*,*,#4315,.T.);
#6183=ORIENTED_EDGE('',*,*,#4230,.T.);
#6184=ORIENTED_EDGE('',*,*,#4316,.T.);
#6185=ORIENTED_EDGE('',*,*,#4087,.T.);
#6186=ORIENTED_EDGE('',*,*,#4316,.F.);
#6187=ORIENTED_EDGE('',*,*,#4229,.T.);
#6188=ORIENTED_EDGE('',*,*,#4317,.T.);
#6189=ORIENTED_EDGE('',*,*,#4088,.T.);
#6190=ORIENTED_EDGE('',*,*,#4317,.F.);
#6191=ORIENTED_EDGE('',*,*,#4220,.T.);
#6192=ORIENTED_EDGE('',*,*,#4318,.F.);
#6193=ORIENTED_EDGE('',*,*,#4098,.T.);
#6194=ORIENTED_EDGE('',*,*,#4267,.T.);
#6195=ORIENTED_EDGE('',*,*,#4219,.T.);
#6196=ORIENTED_EDGE('',*,*,#4319,.F.);
#6197=ORIENTED_EDGE('',*,*,#4099,.T.);
#6198=ORIENTED_EDGE('',*,*,#4318,.T.);
#6199=ORIENTED_EDGE('',*,*,#4218,.T.);
#6200=ORIENTED_EDGE('',*,*,#4320,.F.);
#6201=ORIENTED_EDGE('',*,*,#4100,.T.);
#6202=ORIENTED_EDGE('',*,*,#4319,.T.);
#6203=ORIENTED_EDGE('',*,*,#4217,.T.);
#6204=ORIENTED_EDGE('',*,*,#4264,.F.);
#6205=ORIENTED_EDGE('',*,*,#4101,.T.);
#6206=ORIENTED_EDGE('',*,*,#4320,.T.);
#6207=ORIENTED_EDGE('',*,*,#4212,.T.);
#6208=ORIENTED_EDGE('',*,*,#4321,.F.);
#6209=ORIENTED_EDGE('',*,*,#4106,.T.);
#6210=ORIENTED_EDGE('',*,*,#4272,.T.);
#6211=ORIENTED_EDGE('',*,*,#4211,.T.);
#6212=ORIENTED_EDGE('',*,*,#4322,.F.);
#6213=ORIENTED_EDGE('',*,*,#4107,.T.);
#6214=ORIENTED_EDGE('',*,*,#4321,.T.);
#6215=ORIENTED_EDGE('',*,*,#4210,.T.);
#6216=ORIENTED_EDGE('',*,*,#4323,.F.);
#6217=ORIENTED_EDGE('',*,*,#4108,.T.);
#6218=ORIENTED_EDGE('',*,*,#4322,.T.);
#6219=ORIENTED_EDGE('',*,*,#4209,.T.);
#6220=ORIENTED_EDGE('',*,*,#4269,.F.);
#6221=ORIENTED_EDGE('',*,*,#4109,.T.);
#6222=ORIENTED_EDGE('',*,*,#4323,.T.);
#6223=ORIENTED_EDGE('',*,*,#4204,.T.);
#6224=ORIENTED_EDGE('',*,*,#4324,.F.);
#6225=ORIENTED_EDGE('',*,*,#4114,.T.);
#6226=ORIENTED_EDGE('',*,*,#4277,.T.);
#6227=ORIENTED_EDGE('',*,*,#4203,.T.);
#6228=ORIENTED_EDGE('',*,*,#4325,.F.);
#6229=ORIENTED_EDGE('',*,*,#4115,.T.);
#6230=ORIENTED_EDGE('',*,*,#4324,.T.);
#6231=ORIENTED_EDGE('',*,*,#4202,.T.);
#6232=ORIENTED_EDGE('',*,*,#4326,.F.);
#6233=ORIENTED_EDGE('',*,*,#4116,.T.);
#6234=ORIENTED_EDGE('',*,*,#4325,.T.);
#6235=ORIENTED_EDGE('',*,*,#4201,.T.);
#6236=ORIENTED_EDGE('',*,*,#4274,.F.);
#6237=ORIENTED_EDGE('',*,*,#4117,.T.);
#6238=ORIENTED_EDGE('',*,*,#4326,.T.);
#6239=ORIENTED_EDGE('',*,*,#4196,.T.);
#6240=ORIENTED_EDGE('',*,*,#4327,.T.);
#6241=ORIENTED_EDGE('',*,*,#4121,.T.);
#6242=ORIENTED_EDGE('',*,*,#4327,.F.);
#6243=ORIENTED_EDGE('',*,*,#4195,.T.);
#6244=ORIENTED_EDGE('',*,*,#4328,.T.);
#6245=ORIENTED_EDGE('',*,*,#4122,.T.);
#6246=ORIENTED_EDGE('',*,*,#4328,.F.);
#6247=ORIENTED_EDGE('',*,*,#4194,.T.);
#6248=ORIENTED_EDGE('',*,*,#4329,.F.);
#6249=ORIENTED_EDGE('',*,*,#4124,.T.);
#6250=ORIENTED_EDGE('',*,*,#4282,.T.);
#6251=ORIENTED_EDGE('',*,*,#4193,.T.);
#6252=ORIENTED_EDGE('',*,*,#4330,.F.);
#6253=ORIENTED_EDGE('',*,*,#4125,.T.);
#6254=ORIENTED_EDGE('',*,*,#4329,.T.);
#6255=ORIENTED_EDGE('',*,*,#4192,.T.);
#6256=ORIENTED_EDGE('',*,*,#4331,.F.);
#6257=ORIENTED_EDGE('',*,*,#4126,.T.);
#6258=ORIENTED_EDGE('',*,*,#4330,.T.);
#6259=ORIENTED_EDGE('',*,*,#4191,.T.);
#6260=ORIENTED_EDGE('',*,*,#4279,.F.);
#6261=ORIENTED_EDGE('',*,*,#4127,.T.);
#6262=ORIENTED_EDGE('',*,*,#4331,.T.);
#6263=ORIENTED_EDGE('',*,*,#4186,.T.);
#6264=ORIENTED_EDGE('',*,*,#4332,.F.);
#6265=ORIENTED_EDGE('',*,*,#4132,.T.);
#6266=ORIENTED_EDGE('',*,*,#4287,.T.);
#6267=ORIENTED_EDGE('',*,*,#4185,.T.);
#6268=ORIENTED_EDGE('',*,*,#4333,.F.);
#6269=ORIENTED_EDGE('',*,*,#4133,.T.);
#6270=ORIENTED_EDGE('',*,*,#4332,.T.);
#6271=ORIENTED_EDGE('',*,*,#4184,.T.);
#6272=ORIENTED_EDGE('',*,*,#4334,.F.);
#6273=ORIENTED_EDGE('',*,*,#4134,.T.);
#6274=ORIENTED_EDGE('',*,*,#4333,.T.);
#6275=ORIENTED_EDGE('',*,*,#4183,.T.);
#6276=ORIENTED_EDGE('',*,*,#4284,.F.);
#6277=ORIENTED_EDGE('',*,*,#4135,.T.);
#6278=ORIENTED_EDGE('',*,*,#4334,.T.);
#6279=ORIENTED_EDGE('',*,*,#4178,.T.);
#6280=ORIENTED_EDGE('',*,*,#4335,.F.);
#6281=ORIENTED_EDGE('',*,*,#4140,.T.);
#6282=ORIENTED_EDGE('',*,*,#4292,.T.);
#6283=ORIENTED_EDGE('',*,*,#4177,.T.);
#6284=ORIENTED_EDGE('',*,*,#4336,.F.);
#6285=ORIENTED_EDGE('',*,*,#4141,.T.);
#6286=ORIENTED_EDGE('',*,*,#4335,.T.);
#6287=ORIENTED_EDGE('',*,*,#4176,.T.);
#6288=ORIENTED_EDGE('',*,*,#4337,.F.);
#6289=ORIENTED_EDGE('',*,*,#4142,.T.);
#6290=ORIENTED_EDGE('',*,*,#4336,.T.);
#6291=ORIENTED_EDGE('',*,*,#4175,.T.);
#6292=ORIENTED_EDGE('',*,*,#4289,.F.);
#6293=ORIENTED_EDGE('',*,*,#4143,.T.);
#6294=ORIENTED_EDGE('',*,*,#4337,.T.);
#6295=ORIENTED_EDGE('',*,*,#4170,.T.);
#6296=ORIENTED_EDGE('',*,*,#4338,.F.);
#6297=ORIENTED_EDGE('',*,*,#4148,.T.);
#6298=ORIENTED_EDGE('',*,*,#4297,.T.);
#6299=ORIENTED_EDGE('',*,*,#4169,.T.);
#6300=ORIENTED_EDGE('',*,*,#4339,.F.);
#6301=ORIENTED_EDGE('',*,*,#4149,.T.);
#6302=ORIENTED_EDGE('',*,*,#4338,.T.);
#6303=ORIENTED_EDGE('',*,*,#4168,.T.);
#6304=ORIENTED_EDGE('',*,*,#4340,.F.);
#6305=ORIENTED_EDGE('',*,*,#4150,.T.);
#6306=ORIENTED_EDGE('',*,*,#4339,.T.);
#6307=ORIENTED_EDGE('',*,*,#4167,.T.);
#6308=ORIENTED_EDGE('',*,*,#4294,.F.);
#6309=ORIENTED_EDGE('',*,*,#4151,.T.);
#6310=ORIENTED_EDGE('',*,*,#4340,.T.);
#6311=ORIENTED_EDGE('',*,*,#4162,.T.);
#6312=ORIENTED_EDGE('',*,*,#4308,.F.);
#6313=ORIENTED_EDGE('',*,*,#4063,.F.);
#6314=ORIENTED_EDGE('',*,*,#4302,.F.);
#6315=CYLINDRICAL_SURFACE('',#6766,5.);
#6316=CYLINDRICAL_SURFACE('',#6778,5.);
#6317=CYLINDRICAL_SURFACE('',#6780,5.);
#6318=CYLINDRICAL_SURFACE('',#6783,5.);
#6319=CYLINDRICAL_SURFACE('',#6792,2.99999999999999);
#6320=CYLINDRICAL_SURFACE('',#6795,3.);
#6321=CYLINDRICAL_SURFACE('',#6798,3.00000000000001);
#6322=CYLINDRICAL_SURFACE('',#6801,3.);
#6323=CYLINDRICAL_SURFACE('',#6808,1.7);
#6324=CYLINDRICAL_SURFACE('',#6811,1.7);
#6325=CYLINDRICAL_SURFACE('',#6814,1.7);
#6326=CYLINDRICAL_SURFACE('',#6817,1.7);
#6327=CYLINDRICAL_SURFACE('',#6999,0.500000000000003);
#6328=CYLINDRICAL_SURFACE('',#7001,0.499999999999998);
#6329=CYLINDRICAL_SURFACE('',#7003,0.499999999999998);
#6330=CYLINDRICAL_SURFACE('',#7005,0.499999999999998);
#6331=CYLINDRICAL_SURFACE('',#7006,1.);
#6332=CYLINDRICAL_SURFACE('',#7008,1.);
#6333=CYLINDRICAL_SURFACE('',#7011,0.499999999999998);
#6334=CYLINDRICAL_SURFACE('',#7013,0.499999999999998);
#6335=CYLINDRICAL_SURFACE('',#7015,0.499999999999998);
#6336=CYLINDRICAL_SURFACE('',#7017,0.499999999999998);
#6337=CYLINDRICAL_SURFACE('',#7019,0.499999999999998);
#6338=CYLINDRICAL_SURFACE('',#7021,0.499999999999998);
#6339=CYLINDRICAL_SURFACE('',#7023,0.500000000000003);
#6340=CYLINDRICAL_SURFACE('',#7025,0.499999999999998);
#6341=CYLINDRICAL_SURFACE('',#7027,0.499999999999998);
#6342=CYLINDRICAL_SURFACE('',#7029,0.499999999999998);
#6343=CYLINDRICAL_SURFACE('',#7031,0.500000000000003);
#6344=CYLINDRICAL_SURFACE('',#7033,0.499999999999998);
#6345=CYLINDRICAL_SURFACE('',#7035,0.499999999999998);
#6346=CYLINDRICAL_SURFACE('',#7037,0.499999999999998);
#6347=CYLINDRICAL_SURFACE('',#7039,5.);
#6348=CYLINDRICAL_SURFACE('',#7041,5.);
#6349=CYLINDRICAL_SURFACE('',#7042,1.);
#6350=CYLINDRICAL_SURFACE('',#7045,1.);
#6351=CYLINDRICAL_SURFACE('',#7047,5.);
#6352=CYLINDRICAL_SURFACE('',#7049,5.);
#6353=CYLINDRICAL_SURFACE('',#7051,0.499999999999998);
#6354=CYLINDRICAL_SURFACE('',#7053,0.499999999999998);
#6355=CYLINDRICAL_SURFACE('',#7054,1.7);
#6356=CYLINDRICAL_SURFACE('',#7056,0.5);
#6357=CYLINDRICAL_SURFACE('',#7058,0.500000000000003);
#6358=CYLINDRICAL_SURFACE('',#7059,1.7);
#6359=CYLINDRICAL_SURFACE('',#7060,3.55);
#6360=CYLINDRICAL_SURFACE('',#7062,0.499999999999998);
#6361=CYLINDRICAL_SURFACE('',#7064,0.499999999999998);
#6362=CYLINDRICAL_SURFACE('',#7066,0.499999999999998);
#6363=CYLINDRICAL_SURFACE('',#7068,0.499999999999998);
#6364=CYLINDRICAL_SURFACE('',#7070,0.499999999999998);
#6365=CYLINDRICAL_SURFACE('',#7072,0.500000000000003);
#6366=CYLINDRICAL_SURFACE('',#7073,1.7);
#6367=CYLINDRICAL_SURFACE('',#7074,1.7);
#6368=CYLINDRICAL_SURFACE('',#7076,0.499999999999998);
#6369=CYLINDRICAL_SURFACE('',#7078,0.499999999999998);
#6370=CYLINDRICAL_SURFACE('',#7080,0.5);
#6371=CYLINDRICAL_SURFACE('',#7082,0.499999999999998);
#6372=CYLINDRICAL_SURFACE('',#7084,0.499999999999998);
#6373=CYLINDRICAL_SURFACE('',#7086,0.500000000000003);
#6374=CYLINDRICAL_SURFACE('',#7088,0.5);
#6375=CYLINDRICAL_SURFACE('',#7090,0.499999999999998);
#6376=ADVANCED_FACE('',(#683),#6315,.T.);
#6377=ADVANCED_FACE('',(#684,#485,#486,#487,#488),#542,.T.);
#6378=ADVANCED_FACE('',(#685),#543,.T.);
#6379=ADVANCED_FACE('',(#686),#6316,.T.);
#6380=ADVANCED_FACE('',(#687),#6317,.T.);
#6381=ADVANCED_FACE('',(#688),#544,.T.);
#6382=ADVANCED_FACE('',(#689),#6318,.T.);
#6383=ADVANCED_FACE('',(#690),#545,.T.);
#6384=ADVANCED_FACE('',(#691),#546,.F.);
#6385=ADVANCED_FACE('',(#692),#547,.F.);
#6386=ADVANCED_FACE('',(#693),#548,.F.);
#6387=ADVANCED_FACE('',(#694),#549,.T.);
#6388=ADVANCED_FACE('',(#695),#550,.T.);
#6389=ADVANCED_FACE('',(#696),#551,.T.);
#6390=ADVANCED_FACE('',(#697),#6319,.F.);
#6391=ADVANCED_FACE('',(#698),#6320,.F.);
#6392=ADVANCED_FACE('',(#699),#6321,.F.);
#6393=ADVANCED_FACE('',(#700),#6322,.F.);
#6394=ADVANCED_FACE('',(#701),#552,.T.);
#6395=ADVANCED_FACE('',(#702),#553,.T.);
#6396=ADVANCED_FACE('',(#703),#554,.T.);
#6397=ADVANCED_FACE('',(#704,#489,#490,#491,#492),#555,.F.);
#6398=ADVANCED_FACE('',(#705),#6323,.F.);
#6399=ADVANCED_FACE('',(#706,#493),#556,.F.);
#6400=ADVANCED_FACE('',(#707),#6324,.F.);
#6401=ADVANCED_FACE('',(#708,#494),#557,.F.);
#6402=ADVANCED_FACE('',(#709),#6325,.F.);
#6403=ADVANCED_FACE('',(#710,#495),#558,.F.);
#6404=ADVANCED_FACE('',(#711),#6326,.F.);
#6405=ADVANCED_FACE('',(#712,#496),#559,.F.);
#6406=ADVANCED_FACE('',(#713),#326,.F.);
#6407=ADVANCED_FACE('',(#714),#327,.F.);
#6408=ADVANCED_FACE('',(#715),#328,.F.);
#6409=ADVANCED_FACE('',(#716),#560,.F.);
#6410=ADVANCED_FACE('',(#717),#561,.F.);
#6411=ADVANCED_FACE('',(#718),#562,.F.);
#6412=ADVANCED_FACE('',(#719),#329,.F.);
#6413=ADVANCED_FACE('',(#720),#330,.F.);
#6414=ADVANCED_FACE('',(#721),#563,.F.);
#6415=ADVANCED_FACE('',(#722),#564,.F.);
#6416=ADVANCED_FACE('',(#723),#565,.F.);
#6417=ADVANCED_FACE('',(#724),#331,.F.);
#6418=ADVANCED_FACE('',(#725),#332,.F.);
#6419=ADVANCED_FACE('',(#726),#333,.F.);
#6420=ADVANCED_FACE('',(#727),#334,.F.);
#6421=ADVANCED_FACE('',(#728),#335,.F.);
#6422=ADVANCED_FACE('',(#729),#566,.F.);
#6423=ADVANCED_FACE('',(#730),#336,.F.);
#6424=ADVANCED_FACE('',(#731),#567,.T.);
#6425=ADVANCED_FACE('',(#732),#337,.F.);
#6426=ADVANCED_FACE('',(#733),#338,.F.);
#6427=ADVANCED_FACE('',(#734),#339,.F.);
#6428=ADVANCED_FACE('',(#735),#340,.F.);
#6429=ADVANCED_FACE('',(#736),#341,.F.);
#6430=ADVANCED_FACE('',(#737),#342,.F.);
#6431=ADVANCED_FACE('',(#738),#343,.F.);
#6432=ADVANCED_FACE('',(#739),#344,.F.);
#6433=ADVANCED_FACE('',(#740),#345,.F.);
#6434=ADVANCED_FACE('',(#741),#568,.F.);
#6435=ADVANCED_FACE('',(#742),#569,.F.);
#6436=ADVANCED_FACE('',(#743),#346,.F.);
#6437=ADVANCED_FACE('',(#744),#347,.F.);
#6438=ADVANCED_FACE('',(#745),#570,.F.);
#6439=ADVANCED_FACE('',(#746),#348,.F.);
#6440=ADVANCED_FACE('',(#747),#349,.F.);
#6441=ADVANCED_FACE('',(#748),#350,.F.);
#6442=ADVANCED_FACE('',(#749),#351,.F.);
#6443=ADVANCED_FACE('',(#750),#352,.F.);
#6444=ADVANCED_FACE('',(#751),#353,.F.);
#6445=ADVANCED_FACE('',(#752),#354,.F.);
#6446=ADVANCED_FACE('',(#753),#571,.F.);
#6447=ADVANCED_FACE('',(#754),#355,.F.);
#6448=ADVANCED_FACE('',(#755),#356,.F.);
#6449=ADVANCED_FACE('',(#756),#357,.F.);
#6450=ADVANCED_FACE('',(#757),#358,.F.);
#6451=ADVANCED_FACE('',(#758),#359,.F.);
#6452=ADVANCED_FACE('',(#759),#360,.F.);
#6453=ADVANCED_FACE('',(#760),#361,.F.);
#6454=ADVANCED_FACE('',(#761),#362,.F.);
#6455=ADVANCED_FACE('',(#762),#363,.F.);
#6456=ADVANCED_FACE('',(#763),#364,.F.);
#6457=ADVANCED_FACE('',(#764),#365,.F.);
#6458=ADVANCED_FACE('',(#765),#366,.F.);
#6459=ADVANCED_FACE('',(#766),#367,.F.);
#6460=ADVANCED_FACE('',(#767),#368,.F.);
#6461=ADVANCED_FACE('',(#768),#369,.F.);
#6462=ADVANCED_FACE('',(#769,#497),#572,.T.);
#6463=ADVANCED_FACE('',(#770),#370,.F.);
#6464=ADVANCED_FACE('',(#771),#371,.F.);
#6465=ADVANCED_FACE('',(#772),#372,.F.);
#6466=ADVANCED_FACE('',(#773),#373,.F.);
#6467=ADVANCED_FACE('',(#774),#374,.F.);
#6468=ADVANCED_FACE('',(#775),#375,.F.);
#6469=ADVANCED_FACE('',(#776),#376,.F.);
#6470=ADVANCED_FACE('',(#777),#377,.F.);
#6471=ADVANCED_FACE('',(#778),#573,.F.);
#6472=ADVANCED_FACE('',(#779),#574,.F.);
#6473=ADVANCED_FACE('',(#780),#575,.F.);
#6474=ADVANCED_FACE('',(#781),#378,.F.);
#6475=ADVANCED_FACE('',(#782),#379,.F.);
#6476=ADVANCED_FACE('',(#783),#380,.F.);
#6477=ADVANCED_FACE('',(#784),#381,.F.);
#6478=ADVANCED_FACE('',(#785),#382,.F.);
#6479=ADVANCED_FACE('',(#786),#383,.F.);
#6480=ADVANCED_FACE('',(#787),#384,.F.);
#6481=ADVANCED_FACE('',(#788),#385,.F.);
#6482=ADVANCED_FACE('',(#789),#386,.F.);
#6483=ADVANCED_FACE('',(#790),#576,.F.);
#6484=ADVANCED_FACE('',(#791),#577,.F.);
#6485=ADVANCED_FACE('',(#792,#498),#578,.T.);
#6486=ADVANCED_FACE('',(#793),#387,.F.);
#6487=ADVANCED_FACE('',(#794),#388,.F.);
#6488=ADVANCED_FACE('',(#795),#389,.F.);
#6489=ADVANCED_FACE('',(#796),#390,.F.);
#6490=ADVANCED_FACE('',(#797),#391,.F.);
#6491=ADVANCED_FACE('',(#798),#392,.F.);
#6492=ADVANCED_FACE('',(#799),#393,.F.);
#6493=ADVANCED_FACE('',(#800),#394,.F.);
#6494=ADVANCED_FACE('',(#801),#395,.F.);
#6495=ADVANCED_FACE('',(#802),#396,.F.);
#6496=ADVANCED_FACE('',(#803),#397,.F.);
#6497=ADVANCED_FACE('',(#804),#398,.F.);
#6498=ADVANCED_FACE('',(#805),#399,.F.);
#6499=ADVANCED_FACE('',(#806),#400,.F.);
#6500=ADVANCED_FACE('',(#807),#401,.F.);
#6501=ADVANCED_FACE('',(#808),#402,.F.);
#6502=ADVANCED_FACE('',(#809),#403,.F.);
#6503=ADVANCED_FACE('',(#810,#499),#579,.T.);
#6504=ADVANCED_FACE('',(#811),#404,.F.);
#6505=ADVANCED_FACE('',(#812),#405,.F.);
#6506=ADVANCED_FACE('',(#813),#406,.F.);
#6507=ADVANCED_FACE('',(#814),#407,.F.);
#6508=ADVANCED_FACE('',(#815),#408,.F.);
#6509=ADVANCED_FACE('',(#816),#409,.F.);
#6510=ADVANCED_FACE('',(#817),#410,.F.);
#6511=ADVANCED_FACE('',(#818),#411,.F.);
#6512=ADVANCED_FACE('',(#819),#412,.F.);
#6513=ADVANCED_FACE('',(#820),#580,.F.);
#6514=ADVANCED_FACE('',(#821),#581,.F.);
#6515=ADVANCED_FACE('',(#822),#413,.F.);
#6516=ADVANCED_FACE('',(#823),#414,.F.);
#6517=ADVANCED_FACE('',(#824),#582,.F.);
#6518=ADVANCED_FACE('',(#825),#415,.F.);
#6519=ADVANCED_FACE('',(#826),#416,.F.);
#6520=ADVANCED_FACE('',(#827),#417,.F.);
#6521=ADVANCED_FACE('',(#828),#418,.F.);
#6522=ADVANCED_FACE('',(#829),#419,.F.);
#6523=ADVANCED_FACE('',(#830),#420,.F.);
#6524=ADVANCED_FACE('',(#831),#421,.F.);
#6525=ADVANCED_FACE('',(#832),#583,.F.);
#6526=ADVANCED_FACE('',(#833),#422,.F.);
#6527=ADVANCED_FACE('',(#834),#423,.F.);
#6528=ADVANCED_FACE('',(#835),#424,.F.);
#6529=ADVANCED_FACE('',(#836),#425,.F.);
#6530=ADVANCED_FACE('',(#837),#426,.F.);
#6531=ADVANCED_FACE('',(#838),#427,.F.);
#6532=ADVANCED_FACE('',(#839),#428,.F.);
#6533=ADVANCED_FACE('',(#840),#429,.F.);
#6534=ADVANCED_FACE('',(#841),#430,.F.);
#6535=ADVANCED_FACE('',(#842),#431,.F.);
#6536=ADVANCED_FACE('',(#843),#432,.F.);
#6537=ADVANCED_FACE('',(#844),#433,.F.);
#6538=ADVANCED_FACE('',(#845),#434,.F.);
#6539=ADVANCED_FACE('',(#846),#435,.F.);
#6540=ADVANCED_FACE('',(#847),#436,.F.);
#6541=ADVANCED_FACE('',(#848,#500),#584,.T.);
#6542=ADVANCED_FACE('',(#849),#585,.F.);
#6543=ADVANCED_FACE('',(#850),#437,.F.);
#6544=ADVANCED_FACE('',(#851),#438,.F.);
#6545=ADVANCED_FACE('',(#852),#439,.F.);
#6546=ADVANCED_FACE('',(#853),#440,.F.);
#6547=ADVANCED_FACE('',(#854),#441,.F.);
#6548=ADVANCED_FACE('',(#855),#586,.F.);
#6549=ADVANCED_FACE('',(#856),#587,.F.);
#6550=ADVANCED_FACE('',(#857),#588,.F.);
#6551=ADVANCED_FACE('',(#858),#589,.F.);
#6552=ADVANCED_FACE('',(#859),#442,.F.);
#6553=ADVANCED_FACE('',(#860),#443,.F.);
#6554=ADVANCED_FACE('',(#861),#444,.F.);
#6555=ADVANCED_FACE('',(#862),#445,.F.);
#6556=ADVANCED_FACE('',(#863),#446,.F.);
#6557=ADVANCED_FACE('',(#864),#447,.F.);
#6558=ADVANCED_FACE('',(#865),#590,.F.);
#6559=ADVANCED_FACE('',(#866),#591,.F.);
#6560=ADVANCED_FACE('',(#867),#592,.F.);
#6561=ADVANCED_FACE('',(#868,#501),#593,.T.);
#6562=ADVANCED_FACE('',(#869),#594,.F.);
#6563=ADVANCED_FACE('',(#870),#448,.F.);
#6564=ADVANCED_FACE('',(#871),#449,.F.);
#6565=ADVANCED_FACE('',(#872),#450,.F.);
#6566=ADVANCED_FACE('',(#873),#451,.F.);
#6567=ADVANCED_FACE('',(#874),#595,.F.);
#6568=ADVANCED_FACE('',(#875),#452,.F.);
#6569=ADVANCED_FACE('',(#876),#453,.F.);
#6570=ADVANCED_FACE('',(#877),#454,.F.);
#6571=ADVANCED_FACE('',(#878),#596,.F.);
#6572=ADVANCED_FACE('',(#879),#597,.F.);
#6573=ADVANCED_FACE('',(#880),#598,.F.);
#6574=ADVANCED_FACE('',(#881),#599,.F.);
#6575=ADVANCED_FACE('',(#882),#600,.T.);
#6576=ADVANCED_FACE('',(#883),#455,.F.);
#6577=ADVANCED_FACE('',(#884),#456,.F.);
#6578=ADVANCED_FACE('',(#885),#457,.F.);
#6579=ADVANCED_FACE('',(#886),#458,.F.);
#6580=ADVANCED_FACE('',(#887),#459,.F.);
#6581=ADVANCED_FACE('',(#888),#460,.F.);
#6582=ADVANCED_FACE('',(#889),#461,.F.);
#6583=ADVANCED_FACE('',(#890),#601,.F.);
#6584=ADVANCED_FACE('',(#891),#462,.F.);
#6585=ADVANCED_FACE('',(#892),#463,.F.);
#6586=ADVANCED_FACE('',(#893),#464,.F.);
#6587=ADVANCED_FACE('',(#894),#465,.F.);
#6588=ADVANCED_FACE('',(#895),#466,.F.);
#6589=ADVANCED_FACE('',(#896),#467,.F.);
#6590=ADVANCED_FACE('',(#897),#468,.F.);
#6591=ADVANCED_FACE('',(#898),#469,.F.);
#6592=ADVANCED_FACE('',(#899),#470,.F.);
#6593=ADVANCED_FACE('',(#900),#602,.F.);
#6594=ADVANCED_FACE('',(#901),#471,.F.);
#6595=ADVANCED_FACE('',(#902),#603,.T.);
#6596=ADVANCED_FACE('',(#903),#604,.F.);
#6597=ADVANCED_FACE('',(#904),#605,.F.);
#6598=ADVANCED_FACE('',(#905),#606,.F.);
#6599=ADVANCED_FACE('',(#906),#607,.F.);
#6600=ADVANCED_FACE('',(#907),#608,.F.);
#6601=ADVANCED_FACE('',(#908),#609,.F.);
#6602=ADVANCED_FACE('',(#909),#610,.F.);
#6603=ADVANCED_FACE('',(#910),#611,.F.);
#6604=ADVANCED_FACE('',(#911),#612,.F.);
#6605=ADVANCED_FACE('',(#912),#472,.F.);
#6606=ADVANCED_FACE('',(#913),#473,.F.);
#6607=ADVANCED_FACE('',(#914),#613,.F.);
#6608=ADVANCED_FACE('',(#915),#614,.F.);
#6609=ADVANCED_FACE('',(#916),#615,.F.);
#6610=ADVANCED_FACE('',(#917),#616,.F.);
#6611=ADVANCED_FACE('',(#918),#617,.T.);
#6612=ADVANCED_FACE('',(#919),#618,.F.);
#6613=ADVANCED_FACE('',(#920),#619,.F.);
#6614=ADVANCED_FACE('',(#921),#620,.F.);
#6615=ADVANCED_FACE('',(#922),#621,.F.);
#6616=ADVANCED_FACE('',(#923),#622,.F.);
#6617=ADVANCED_FACE('',(#924),#623,.F.);
#6618=ADVANCED_FACE('',(#925),#624,.F.);
#6619=ADVANCED_FACE('',(#926),#625,.F.);
#6620=ADVANCED_FACE('',(#927),#626,.F.);
#6621=ADVANCED_FACE('',(#928),#474,.F.);
#6622=ADVANCED_FACE('',(#929),#475,.F.);
#6623=ADVANCED_FACE('',(#930),#627,.F.);
#6624=ADVANCED_FACE('',(#931),#628,.F.);
#6625=ADVANCED_FACE('',(#932),#629,.F.);
#6626=ADVANCED_FACE('',(#933),#630,.F.);
#6627=ADVANCED_FACE('',(#934),#631,.T.);
#6628=ADVANCED_FACE('',(#935,#502,#503,#504,#505,#506,#507,#508,#509,#510,
#511,#512,#513,#514,#515,#516,#517,#518,#519,#520,#521,#522,#523,#524,#525,
#526),#632,.F.);
#6629=ADVANCED_FACE('',(#936),#633,.F.);
#6630=ADVANCED_FACE('',(#937),#634,.F.);
#6631=ADVANCED_FACE('',(#938),#635,.F.);
#6632=ADVANCED_FACE('',(#939),#636,.F.);
#6633=ADVANCED_FACE('',(#940,#527,#528,#529,#530,#531,#532,#533,#534,#535,
#536,#537,#538,#539,#540,#541),#637,.T.);
#6634=ADVANCED_FACE('',(#941),#638,.T.);
#6635=ADVANCED_FACE('',(#942),#6327,.F.);
#6636=ADVANCED_FACE('',(#943),#639,.T.);
#6637=ADVANCED_FACE('',(#944),#6328,.F.);
#6638=ADVANCED_FACE('',(#945),#640,.T.);
#6639=ADVANCED_FACE('',(#946),#6329,.F.);
#6640=ADVANCED_FACE('',(#947),#641,.T.);
#6641=ADVANCED_FACE('',(#948),#6330,.F.);
#6642=ADVANCED_FACE('',(#949),#6331,.F.);
#6643=ADVANCED_FACE('',(#950),#642,.T.);
#6644=ADVANCED_FACE('',(#951),#6332,.F.);
#6645=ADVANCED_FACE('',(#952),#643,.T.);
#6646=ADVANCED_FACE('',(#953),#644,.T.);
#6647=ADVANCED_FACE('',(#954),#6333,.F.);
#6648=ADVANCED_FACE('',(#955),#645,.T.);
#6649=ADVANCED_FACE('',(#956),#6334,.F.);
#6650=ADVANCED_FACE('',(#957),#646,.T.);
#6651=ADVANCED_FACE('',(#958),#6335,.F.);
#6652=ADVANCED_FACE('',(#959),#647,.T.);
#6653=ADVANCED_FACE('',(#960),#6336,.F.);
#6654=ADVANCED_FACE('',(#961),#648,.T.);
#6655=ADVANCED_FACE('',(#962),#6337,.F.);
#6656=ADVANCED_FACE('',(#963),#649,.T.);
#6657=ADVANCED_FACE('',(#964),#6338,.F.);
#6658=ADVANCED_FACE('',(#965),#650,.T.);
#6659=ADVANCED_FACE('',(#966),#6339,.F.);
#6660=ADVANCED_FACE('',(#967),#651,.T.);
#6661=ADVANCED_FACE('',(#968),#6340,.F.);
#6662=ADVANCED_FACE('',(#969),#652,.T.);
#6663=ADVANCED_FACE('',(#970),#6341,.F.);
#6664=ADVANCED_FACE('',(#971),#653,.T.);
#6665=ADVANCED_FACE('',(#972),#6342,.F.);
#6666=ADVANCED_FACE('',(#973),#654,.T.);
#6667=ADVANCED_FACE('',(#974),#6343,.F.);
#6668=ADVANCED_FACE('',(#975),#655,.T.);
#6669=ADVANCED_FACE('',(#976),#6344,.F.);
#6670=ADVANCED_FACE('',(#977),#656,.T.);
#6671=ADVANCED_FACE('',(#978),#6345,.F.);
#6672=ADVANCED_FACE('',(#979),#657,.T.);
#6673=ADVANCED_FACE('',(#980),#6346,.F.);
#6674=ADVANCED_FACE('',(#981),#658,.T.);
#6675=ADVANCED_FACE('',(#982),#6347,.T.);
#6676=ADVANCED_FACE('',(#983),#659,.T.);
#6677=ADVANCED_FACE('',(#984),#6348,.T.);
#6678=ADVANCED_FACE('',(#985),#6349,.F.);
#6679=ADVANCED_FACE('',(#986),#660,.T.);
#6680=ADVANCED_FACE('',(#987),#661,.T.);
#6681=ADVANCED_FACE('',(#988),#6350,.F.);
#6682=ADVANCED_FACE('',(#989),#662,.F.);
#6683=ADVANCED_FACE('',(#990),#6351,.T.);
#6684=ADVANCED_FACE('',(#991),#663,.T.);
#6685=ADVANCED_FACE('',(#992),#6352,.T.);
#6686=ADVANCED_FACE('',(#993),#664,.T.);
#6687=ADVANCED_FACE('',(#994),#6353,.F.);
#6688=ADVANCED_FACE('',(#995),#665,.T.);
#6689=ADVANCED_FACE('',(#996),#6354,.F.);
#6690=ADVANCED_FACE('',(#997),#6355,.F.);
#6691=ADVANCED_FACE('',(#998),#666,.T.);
#6692=ADVANCED_FACE('',(#999),#6356,.F.);
#6693=ADVANCED_FACE('',(#1000),#667,.T.);
#6694=ADVANCED_FACE('',(#1001),#6357,.F.);
#6695=ADVANCED_FACE('',(#1002),#6358,.F.);
#6696=ADVANCED_FACE('',(#1003),#6359,.F.);
#6697=ADVANCED_FACE('',(#1004),#668,.T.);
#6698=ADVANCED_FACE('',(#1005),#6360,.F.);
#6699=ADVANCED_FACE('',(#1006),#669,.T.);
#6700=ADVANCED_FACE('',(#1007),#6361,.F.);
#6701=ADVANCED_FACE('',(#1008),#670,.T.);
#6702=ADVANCED_FACE('',(#1009),#6362,.F.);
#6703=ADVANCED_FACE('',(#1010),#671,.T.);
#6704=ADVANCED_FACE('',(#1011),#6363,.F.);
#6705=ADVANCED_FACE('',(#1012),#672,.T.);
#6706=ADVANCED_FACE('',(#1013),#6364,.F.);
#6707=ADVANCED_FACE('',(#1014),#673,.T.);
#6708=ADVANCED_FACE('',(#1015),#6365,.F.);
#6709=ADVANCED_FACE('',(#1016),#6366,.F.);
#6710=ADVANCED_FACE('',(#1017),#6367,.F.);
#6711=ADVANCED_FACE('',(#1018),#674,.T.);
#6712=ADVANCED_FACE('',(#1019),#6368,.F.);
#6713=ADVANCED_FACE('',(#1020),#675,.T.);
#6714=ADVANCED_FACE('',(#1021),#6369,.F.);
#6715=ADVANCED_FACE('',(#1022),#676,.T.);
#6716=ADVANCED_FACE('',(#1023),#6370,.F.);
#6717=ADVANCED_FACE('',(#1024),#677,.T.);
#6718=ADVANCED_FACE('',(#1025),#6371,.F.);
#6719=ADVANCED_FACE('',(#1026),#678,.T.);
#6720=ADVANCED_FACE('',(#1027),#6372,.F.);
#6721=ADVANCED_FACE('',(#1028),#679,.T.);
#6722=ADVANCED_FACE('',(#1029),#6373,.F.);
#6723=ADVANCED_FACE('',(#1030),#680,.T.);
#6724=ADVANCED_FACE('',(#1031),#6374,.F.);
#6725=ADVANCED_FACE('',(#1032),#681,.T.);
#6726=ADVANCED_FACE('',(#1033),#6375,.F.);
#6727=ADVANCED_FACE('',(#1034),#682,.T.);
#6728=CLOSED_SHELL('',(#6376,#6377,#6378,#6379,#6380,#6381,#6382,#6383,
#6384,#6385,#6386,#6387,#6388,#6389,#6390,#6391,#6392,#6393,#6394,#6395,
#6396,#6397,#6398,#6399,#6400,#6401,#6402,#6403,#6404,#6405));
#6729=CLOSED_SHELL('',(#6406,#6407,#6408,#6409,#6410,#6411,#6412,#6413,
#6414,#6415,#6416,#6417,#6418,#6419,#6420,#6421,#6422,#6423,#6424,#6425,
#6426,#6427,#6428,#6429,#6430,#6431,#6432,#6433,#6434,#6435,#6436,#6437,
#6438,#6439,#6440,#6441,#6442,#6443,#6444,#6445,#6446,#6447,#6448,#6449,
#6450,#6451,#6452,#6453,#6454,#6455,#6456,#6457,#6458,#6459,#6460,#6461,
#6462,#6463,#6464,#6465,#6466,#6467,#6468,#6469,#6470,#6471,#6472,#6473,
#6474,#6475,#6476,#6477,#6478,#6479,#6480,#6481,#6482,#6483,#6484,#6485,
#6486,#6487,#6488,#6489,#6490,#6491,#6492,#6493,#6494,#6495,#6496,#6497,
#6498,#6499,#6500,#6501,#6502,#6503,#6504,#6505,#6506,#6507,#6508,#6509,
#6510,#6511,#6512,#6513,#6514,#6515,#6516,#6517,#6518,#6519,#6520,#6521,
#6522,#6523,#6524,#6525,#6526,#6527,#6528,#6529,#6530,#6531,#6532,#6533,
#6534,#6535,#6536,#6537,#6538,#6539,#6540,#6541,#6542,#6543,#6544,#6545,
#6546,#6547,#6548,#6549,#6550,#6551,#6552,#6553,#6554,#6555,#6556,#6557,
#6558,#6559,#6560,#6561,#6562,#6563,#6564,#6565,#6566,#6567,#6568,#6569,
#6570,#6571,#6572,#6573,#6574,#6575,#6576,#6577,#6578,#6579,#6580,#6581,
#6582,#6583,#6584,#6585,#6586,#6587,#6588,#6589,#6590,#6591,#6592,#6593,
#6594,#6595,#6596,#6597,#6598,#6599,#6600,#6601,#6602,#6603,#6604,#6605,
#6606,#6607,#6608,#6609,#6610,#6611,#6612,#6613,#6614,#6615,#6616,#6617,
#6618,#6619,#6620,#6621,#6622,#6623,#6624,#6625,#6626,#6627,#6628,#6629,
#6630,#6631,#6632,#6633,#6634,#6635,#6636,#6637,#6638,#6639,#6640,#6641,
#6642,#6643,#6644,#6645,#6646,#6647,#6648,#6649,#6650,#6651,#6652,#6653,
#6654,#6655,#6656,#6657,#6658,#6659,#6660,#6661,#6662,#6663,#6664,#6665,
#6666,#6667,#6668,#6669,#6670,#6671,#6672,#6673,#6674,#6675,#6676,#6677,
#6678,#6679,#6680,#6681,#6682,#6683,#6684,#6685,#6686,#6687,#6688,#6689,
#6690,#6691,#6692,#6693,#6694,#6695,#6696,#6697,#6698,#6699,#6700,#6701,
#6702,#6703,#6704,#6705,#6706,#6707,#6708,#6709,#6710,#6711,#6712,#6713,
#6714,#6715,#6716,#6717,#6718,#6719,#6720,#6721,#6722,#6723,#6724,#6725,
#6726,#6727));
#6730=DERIVED_UNIT_ELEMENT(#6736,1.);
#6731=DERIVED_UNIT_ELEMENT(#12891,-3.);
#6732=DERIVED_UNIT_ELEMENT(#6736,1.);
#6733=DERIVED_UNIT_ELEMENT(#12891,-3.);
#6734=DERIVED_UNIT_ELEMENT(#6736,1.);
#6735=DERIVED_UNIT_ELEMENT(#12891,-3.);
#6736=(
MASS_UNIT()
NAMED_UNIT(*)
SI_UNIT(.KILO.,.GRAM.)
);
#6737=DERIVED_UNIT((#6730,#6731));
#6738=DERIVED_UNIT((#6732,#6733));
#6739=DERIVED_UNIT((#6734,#6735));
#6740=MEASURE_REPRESENTATION_ITEM('density measure',
POSITIVE_RATIO_MEASURE(7850.),#6737);
#6741=MEASURE_REPRESENTATION_ITEM('density measure',
POSITIVE_RATIO_MEASURE(7850.),#6738);
#6742=MEASURE_REPRESENTATION_ITEM('density measure',
POSITIVE_RATIO_MEASURE(7850.),#6739);
#6743=PROPERTY_DEFINITION_REPRESENTATION(#6758,#6749);
#6744=PROPERTY_DEFINITION_REPRESENTATION(#6759,#6750);
#6745=PROPERTY_DEFINITION_REPRESENTATION(#6760,#6751);
#6746=PROPERTY_DEFINITION_REPRESENTATION(#6761,#6752);
#6747=PROPERTY_DEFINITION_REPRESENTATION(#6762,#6753);
#6748=PROPERTY_DEFINITION_REPRESENTATION(#6763,#6754);
#6749=REPRESENTATION('material name',(#6755),#12886);
#6750=REPRESENTATION('density',(#6740),#12886);
#6751=REPRESENTATION('material name',(#6756),#12887);
#6752=REPRESENTATION('density',(#6741),#12887);
#6753=REPRESENTATION('material name',(#6757),#12888);
#6754=REPRESENTATION('density',(#6742),#12888);
#6755=DESCRIPTIVE_REPRESENTATION_ITEM('Steel','Steel');
#6756=DESCRIPTIVE_REPRESENTATION_ITEM('Steel','Steel');
#6757=DESCRIPTIVE_REPRESENTATION_ITEM('Steel','Steel');
#6758=PROPERTY_DEFINITION('material property','material name',#12911);
#6759=PROPERTY_DEFINITION('material property','density of part',#12911);
#6760=PROPERTY_DEFINITION('material property','material name',#12912);
#6761=PROPERTY_DEFINITION('material property','density of part',#12912);
#6762=PROPERTY_DEFINITION('material property','material name',#12913);
#6763=PROPERTY_DEFINITION('material property','density of part',#12913);
#6764=AXIS2_PLACEMENT_3D('',#8325,#7096,#7097);
#6765=AXIS2_PLACEMENT_3D('',#8326,#7098,#7099);
#6766=AXIS2_PLACEMENT_3D('',#8327,#7100,#7101);
#6767=AXIS2_PLACEMENT_3D('',#8330,#7102,#7103);
#6768=AXIS2_PLACEMENT_3D('',#8334,#7105,#7106);
#6769=AXIS2_PLACEMENT_3D('',#8336,#7108,#7109);
#6770=AXIS2_PLACEMENT_3D('',#8340,#7111,#7112);
#6771=AXIS2_PLACEMENT_3D('',#8344,#7114,#7115);
#6772=AXIS2_PLACEMENT_3D('',#8348,#7117,#7118);
#6773=AXIS2_PLACEMENT_3D('',#8367,#7128,#7129);
#6774=AXIS2_PLACEMENT_3D('',#8369,#7130,#7131);
#6775=AXIS2_PLACEMENT_3D('',#8371,#7132,#7133);
#6776=AXIS2_PLACEMENT_3D('',#8373,#7134,#7135);
#6777=AXIS2_PLACEMENT_3D('',#8374,#7136,#7137);
#6778=AXIS2_PLACEMENT_3D('',#8378,#7140,#7141);
#6779=AXIS2_PLACEMENT_3D('',#8380,#7142,#7143);
#6780=AXIS2_PLACEMENT_3D('',#8382,#7145,#7146);
#6781=AXIS2_PLACEMENT_3D('',#8386,#7148,#7149);
#6782=AXIS2_PLACEMENT_3D('',#8388,#7151,#7152);
#6783=AXIS2_PLACEMENT_3D('',#8392,#7155,#7156);
#6784=AXIS2_PLACEMENT_3D('',#8395,#7158,#7159);
#6785=AXIS2_PLACEMENT_3D('',#8396,#7160,#7161);
#6786=AXIS2_PLACEMENT_3D('',#8398,#7163,#7164);
#6787=AXIS2_PLACEMENT_3D('',#8404,#7168,#7169);
#6788=AXIS2_PLACEMENT_3D('',#8410,#7173,#7174);
#6789=AXIS2_PLACEMENT_3D('',#8413,#7177,#7178);
#6790=AXIS2_PLACEMENT_3D('',#8419,#7182,#7183);
#6791=AXIS2_PLACEMENT_3D('',#8425,#7187,#7188);
#6792=AXIS2_PLACEMENT_3D('',#8427,#7190,#7191);
#6793=AXIS2_PLACEMENT_3D('',#8429,#7192,#7193);
#6794=AXIS2_PLACEMENT_3D('',#8432,#7195,#7196);
#6795=AXIS2_PLACEMENT_3D('',#8433,#7197,#7198);
#6796=AXIS2_PLACEMENT_3D('',#8435,#7199,#7200);
#6797=AXIS2_PLACEMENT_3D('',#8438,#7202,#7203);
#6798=AXIS2_PLACEMENT_3D('',#8439,#7204,#7205);
#6799=AXIS2_PLACEMENT_3D('',#8441,#7206,#7207);
#6800=AXIS2_PLACEMENT_3D('',#8444,#7209,#7210);
#6801=AXIS2_PLACEMENT_3D('',#8445,#7211,#7212);
#6802=AXIS2_PLACEMENT_3D('',#8447,#7213,#7214);
#6803=AXIS2_PLACEMENT_3D('',#8450,#7216,#7217);
#6804=AXIS2_PLACEMENT_3D('',#8451,#7218,#7219);
#6805=AXIS2_PLACEMENT_3D('',#8453,#7221,#7222);
#6806=AXIS2_PLACEMENT_3D('',#8454,#7223,#7224);
#6807=AXIS2_PLACEMENT_3D('',#8456,#7226,#7227);
#6808=AXIS2_PLACEMENT_3D('',#8457,#7228,#7229);
#6809=AXIS2_PLACEMENT_3D('',#8460,#7231,#7232);
#6810=AXIS2_PLACEMENT_3D('',#8461,#7233,#7234);
#6811=AXIS2_PLACEMENT_3D('',#8462,#7235,#7236);
#6812=AXIS2_PLACEMENT_3D('',#8465,#7238,#7239);
#6813=AXIS2_PLACEMENT_3D('',#8466,#7240,#7241);
#6814=AXIS2_PLACEMENT_3D('',#8467,#7242,#7243);
#6815=AXIS2_PLACEMENT_3D('',#8470,#7245,#7246);
#6816=AXIS2_PLACEMENT_3D('',#8471,#7247,#7248);
#6817=AXIS2_PLACEMENT_3D('',#8472,#7249,#7250);
#6818=AXIS2_PLACEMENT_3D('',#8475,#7252,#7253);
#6819=AXIS2_PLACEMENT_3D('',#8476,#7254,#7255);
#6820=AXIS2_PLACEMENT_3D('',#8477,#7256,#7257);
#6821=AXIS2_PLACEMENT_3D('',#8478,#7258,#7259);
#6822=AXIS2_PLACEMENT_3D('',#8551,#7264,#7265);
#6823=AXIS2_PLACEMENT_3D('',#8557,#7269,#7270);
#6824=AXIS2_PLACEMENT_3D('',#8563,#7274,#7275);
#6825=AXIS2_PLACEMENT_3D('',#8615,#7281,#7282);
#6826=AXIS2_PLACEMENT_3D('',#8621,#7286,#7287);
#6827=AXIS2_PLACEMENT_3D('',#8627,#7291,#7292);
#6828=AXIS2_PLACEMENT_3D('',#8748,#7301,#7302);
#6829=AXIS2_PLACEMENT_3D('',#8774,#7306,#7307);
#6830=AXIS2_PLACEMENT_3D('',#8985,#7318,#7319);
#6831=AXIS2_PLACEMENT_3D('',#8988,#7322,#7323);
#6832=AXIS2_PLACEMENT_3D('',#9043,#7330,#7331);
#6833=AXIS2_PLACEMENT_3D('',#9210,#7342,#7343);
#6834=AXIS2_PLACEMENT_3D('',#9558,#7361,#7362);
#6835=AXIS2_PLACEMENT_3D('',#9743,#7371,#7372);
#6836=AXIS2_PLACEMENT_3D('',#9752,#7377,#7378);
#6837=AXIS2_PLACEMENT_3D('',#9758,#7382,#7383);
#6838=AXIS2_PLACEMENT_3D('',#9971,#7396,#7397);
#6839=AXIS2_PLACEMENT_3D('',#9977,#7401,#7402);
#6840=AXIS2_PLACEMENT_3D('',#9980,#7405,#7406);
#6841=AXIS2_PLACEMENT_3D('',#10372,#7424,#7425);
#6842=AXIS2_PLACEMENT_3D('',#10583,#7436,#7437);
#6843=AXIS2_PLACEMENT_3D('',#10586,#7440,#7441);
#6844=AXIS2_PLACEMENT_3D('',#10641,#7448,#7449);
#6845=AXIS2_PLACEMENT_3D('',#10808,#7460,#7461);
#6846=AXIS2_PLACEMENT_3D('',#11156,#7479,#7480);
#6847=AXIS2_PLACEMENT_3D('',#11157,#7481,#7482);
#6848=AXIS2_PLACEMENT_3D('',#11281,#7492,#7493);
#6849=AXIS2_PLACEMENT_3D('',#11287,#7497,#7498);
#6850=AXIS2_PLACEMENT_3D('',#11290,#7501,#7502);
#6851=AXIS2_PLACEMENT_3D('',#11299,#7507,#7508);
#6852=AXIS2_PLACEMENT_3D('',#11443,#7518,#7519);
#6853=AXIS2_PLACEMENT_3D('',#11449,#7523,#7524);
#6854=AXIS2_PLACEMENT_3D('',#11455,#7528,#7529);
#6855=AXIS2_PLACEMENT_3D('',#11458,#7532,#7533);
#6856=AXIS2_PLACEMENT_3D('',#11459,#7534,#7535);
#6857=AXIS2_PLACEMENT_3D('',#11560,#7544,#7545);
#6858=AXIS2_PLACEMENT_3D('',#11635,#7552,#7553);
#6859=AXIS2_PLACEMENT_3D('',#11641,#7557,#7558);
#6860=AXIS2_PLACEMENT_3D('',#11647,#7562,#7563);
#6861=AXIS2_PLACEMENT_3D('',#11653,#7567,#7568);
#6862=AXIS2_PLACEMENT_3D('',#11656,#7571,#7572);
#6863=AXIS2_PLACEMENT_3D('',#11821,#7581,#7582);
#6864=AXIS2_PLACEMENT_3D('',#12034,#7595,#7596);
#6865=AXIS2_PLACEMENT_3D('',#12060,#7600,#7601);
#6866=AXIS2_PLACEMENT_3D('',#12061,#7602,#7603);
#6867=AXIS2_PLACEMENT_3D('',#12070,#7608,#7609);
#6868=AXIS2_PLACEMENT_3D('',#12076,#7613,#7614);
#6869=AXIS2_PLACEMENT_3D('',#12082,#7618,#7619);
#6870=AXIS2_PLACEMENT_3D('',#12088,#7623,#7624);
#6871=AXIS2_PLACEMENT_3D('',#12094,#7628,#7629);
#6872=AXIS2_PLACEMENT_3D('',#12100,#7633,#7634);
#6873=AXIS2_PLACEMENT_3D('',#12106,#7638,#7639);
#6874=AXIS2_PLACEMENT_3D('',#12112,#7643,#7644);
#6875=AXIS2_PLACEMENT_3D('',#12164,#7650,#7651);
#6876=AXIS2_PLACEMENT_3D('',#12170,#7655,#7656);
#6877=AXIS2_PLACEMENT_3D('',#12176,#7660,#7661);
#6878=AXIS2_PLACEMENT_3D('',#12182,#7665,#7666);
#6879=AXIS2_PLACEMENT_3D('',#12185,#7669,#7670);
#6880=AXIS2_PLACEMENT_3D('',#12186,#7671,#7672);
#6881=AXIS2_PLACEMENT_3D('',#12195,#7677,#7678);
#6882=AXIS2_PLACEMENT_3D('',#12201,#7682,#7683);
#6883=AXIS2_PLACEMENT_3D('',#12207,#7687,#7688);
#6884=AXIS2_PLACEMENT_3D('',#12213,#7692,#7693);
#6885=AXIS2_PLACEMENT_3D('',#12219,#7697,#7698);
#6886=AXIS2_PLACEMENT_3D('',#12225,#7702,#7703);
#6887=AXIS2_PLACEMENT_3D('',#12231,#7707,#7708);
#6888=AXIS2_PLACEMENT_3D('',#12237,#7712,#7713);
#6889=AXIS2_PLACEMENT_3D('',#12289,#7719,#7720);
#6890=AXIS2_PLACEMENT_3D('',#12295,#7724,#7725);
#6891=AXIS2_PLACEMENT_3D('',#12301,#7729,#7730);
#6892=AXIS2_PLACEMENT_3D('',#12307,#7734,#7735);
#6893=AXIS2_PLACEMENT_3D('',#12310,#7738,#7739);
#6894=AXIS2_PLACEMENT_3D('',#12311,#7740,#7741);
#6895=AXIS2_PLACEMENT_3D('',#12314,#7742,#7743);
#6896=AXIS2_PLACEMENT_3D('',#12318,#7745,#7746);
#6897=AXIS2_PLACEMENT_3D('',#12322,#7748,#7749);
#6898=AXIS2_PLACEMENT_3D('',#12326,#7751,#7752);
#6899=AXIS2_PLACEMENT_3D('',#12330,#7754,#7755);
#6900=AXIS2_PLACEMENT_3D('',#12334,#7757,#7758);
#6901=AXIS2_PLACEMENT_3D('',#12338,#7760,#7761);
#6902=AXIS2_PLACEMENT_3D('',#12342,#7763,#7764);
#6903=AXIS2_PLACEMENT_3D('',#12345,#7766,#7767);
#6904=AXIS2_PLACEMENT_3D('',#12348,#7768,#7769);
#6905=AXIS2_PLACEMENT_3D('',#12352,#7771,#7772);
#6906=AXIS2_PLACEMENT_3D('',#12356,#7774,#7775);
#6907=AXIS2_PLACEMENT_3D('',#12360,#7777,#7778);
#6908=AXIS2_PLACEMENT_3D('',#12363,#7780,#7781);
#6909=AXIS2_PLACEMENT_3D('',#12365,#7782,#7783);
#6910=AXIS2_PLACEMENT_3D('',#12368,#7784,#7785);
#6911=AXIS2_PLACEMENT_3D('',#12372,#7787,#7788);
#6912=AXIS2_PLACEMENT_3D('',#12376,#7790,#7791);
#6913=AXIS2_PLACEMENT_3D('',#12380,#7793,#7794);
#6914=AXIS2_PLACEMENT_3D('',#12384,#7796,#7797);
#6915=AXIS2_PLACEMENT_3D('',#12388,#7799,#7800);
#6916=AXIS2_PLACEMENT_3D('',#12392,#7802,#7803);
#6917=AXIS2_PLACEMENT_3D('',#12396,#7805,#7806);
#6918=AXIS2_PLACEMENT_3D('',#12400,#7808,#7809);
#6919=AXIS2_PLACEMENT_3D('',#12404,#7811,#7812);
#6920=AXIS2_PLACEMENT_3D('',#12408,#7814,#7815);
#6921=AXIS2_PLACEMENT_3D('',#12412,#7817,#7818);
#6922=AXIS2_PLACEMENT_3D('',#12416,#7820,#7821);
#6923=AXIS2_PLACEMENT_3D('',#12420,#7823,#7824);
#6924=AXIS2_PLACEMENT_3D('',#12424,#7826,#7827);
#6925=AXIS2_PLACEMENT_3D('',#12428,#7829,#7830);
#6926=AXIS2_PLACEMENT_3D('',#12431,#7832,#7833);
#6927=AXIS2_PLACEMENT_3D('',#12433,#7834,#7835);
#6928=AXIS2_PLACEMENT_3D('',#12436,#7836,#7837);
#6929=AXIS2_PLACEMENT_3D('',#12440,#7839,#7840);
#6930=AXIS2_PLACEMENT_3D('',#12444,#7842,#7843);
#6931=AXIS2_PLACEMENT_3D('',#12448,#7845,#7846);
#6932=AXIS2_PLACEMENT_3D('',#12452,#7848,#7849);
#6933=AXIS2_PLACEMENT_3D('',#12456,#7851,#7852);
#6934=AXIS2_PLACEMENT_3D('',#12460,#7854,#7855);
#6935=AXIS2_PLACEMENT_3D('',#12464,#7857,#7858);
#6936=AXIS2_PLACEMENT_3D('',#12468,#7860,#7861);
#6937=AXIS2_PLACEMENT_3D('',#12472,#7863,#7864);
#6938=AXIS2_PLACEMENT_3D('',#12476,#7866,#7867);
#6939=AXIS2_PLACEMENT_3D('',#12480,#7869,#7870);
#6940=AXIS2_PLACEMENT_3D('',#12484,#7872,#7873);
#6941=AXIS2_PLACEMENT_3D('',#12488,#7875,#7876);
#6942=AXIS2_PLACEMENT_3D('',#12492,#7878,#7879);
#6943=AXIS2_PLACEMENT_3D('',#12496,#7881,#7882);
#6944=AXIS2_PLACEMENT_3D('',#12498,#7884,#7885);
#6945=AXIS2_PLACEMENT_3D('',#12499,#7886,#7887);
#6946=AXIS2_PLACEMENT_3D('',#12500,#7888,#7889);
#6947=AXIS2_PLACEMENT_3D('',#12501,#7890,#7891);
#6948=AXIS2_PLACEMENT_3D('',#12502,#7892,#7893);
#6949=AXIS2_PLACEMENT_3D('',#12505,#7894,#7895);
#6950=AXIS2_PLACEMENT_3D('',#12509,#7897,#7898);
#6951=AXIS2_PLACEMENT_3D('',#12513,#7900,#7901);
#6952=AXIS2_PLACEMENT_3D('',#12517,#7903,#7904);
#6953=AXIS2_PLACEMENT_3D('',#12521,#7906,#7907);
#6954=AXIS2_PLACEMENT_3D('',#12525,#7909,#7910);
#6955=AXIS2_PLACEMENT_3D('',#12529,#7912,#7913);
#6956=AXIS2_PLACEMENT_3D('',#12533,#7915,#7916);
#6957=AXIS2_PLACEMENT_3D('',#12537,#7918,#7919);
#6958=AXIS2_PLACEMENT_3D('',#12541,#7921,#7922);
#6959=AXIS2_PLACEMENT_3D('',#12545,#7924,#7925);
#6960=AXIS2_PLACEMENT_3D('',#12549,#7927,#7928);
#6961=AXIS2_PLACEMENT_3D('',#12553,#7930,#7931);
#6962=AXIS2_PLACEMENT_3D('',#12557,#7933,#7934);
#6963=AXIS2_PLACEMENT_3D('',#12561,#7936,#7937);
#6964=AXIS2_PLACEMENT_3D('',#12565,#7939,#7940);
#6965=AXIS2_PLACEMENT_3D('',#12569,#7942,#7943);
#6966=AXIS2_PLACEMENT_3D('',#12573,#7945,#7946);
#6967=AXIS2_PLACEMENT_3D('',#12577,#7948,#7949);
#6968=AXIS2_PLACEMENT_3D('',#12581,#7951,#7952);
#6969=AXIS2_PLACEMENT_3D('',#12584,#7954,#7955);
#6970=AXIS2_PLACEMENT_3D('',#12586,#7956,#7957);
#6971=AXIS2_PLACEMENT_3D('',#12589,#7958,#7959);
#6972=AXIS2_PLACEMENT_3D('',#12593,#7961,#7962);
#6973=AXIS2_PLACEMENT_3D('',#12597,#7964,#7965);
#6974=AXIS2_PLACEMENT_3D('',#12601,#7967,#7968);
#6975=AXIS2_PLACEMENT_3D('',#12605,#7970,#7971);
#6976=AXIS2_PLACEMENT_3D('',#12609,#7973,#7974);
#6977=AXIS2_PLACEMENT_3D('',#12613,#7976,#7977);
#6978=AXIS2_PLACEMENT_3D('',#12617,#7979,#7980);
#6979=AXIS2_PLACEMENT_3D('',#12621,#7982,#7983);
#6980=AXIS2_PLACEMENT_3D('',#12625,#7985,#7986);
#6981=AXIS2_PLACEMENT_3D('',#12629,#7988,#7989);
#6982=AXIS2_PLACEMENT_3D('',#12633,#7991,#7992);
#6983=AXIS2_PLACEMENT_3D('',#12639,#7995,#7996);
#6984=AXIS2_PLACEMENT_3D('',#12643,#7998,#7999);
#6985=AXIS2_PLACEMENT_3D('',#12647,#8001,#8002);
#6986=AXIS2_PLACEMENT_3D('',#12650,#8004,#8005);
#6987=AXIS2_PLACEMENT_3D('',#12652,#8006,#8007);
#6988=AXIS2_PLACEMENT_3D('',#12654,#8008,#8009);
#6989=AXIS2_PLACEMENT_3D('',#12657,#8010,#8011);
#6990=AXIS2_PLACEMENT_3D('',#12661,#8013,#8014);
#6991=AXIS2_PLACEMENT_3D('',#12665,#8016,#8017);
#6992=AXIS2_PLACEMENT_3D('',#12669,#8019,#8020);
#6993=AXIS2_PLACEMENT_3D('',#12672,#8022,#8023);
#6994=AXIS2_PLACEMENT_3D('',#12675,#8024,#8025);
#6995=AXIS2_PLACEMENT_3D('',#12679,#8027,#8028);
#6996=AXIS2_PLACEMENT_3D('',#12683,#8030,#8031);
#6997=AXIS2_PLACEMENT_3D('',#12687,#8033,#8034);
#6998=AXIS2_PLACEMENT_3D('',#12689,#8036,#8037);
#6999=AXIS2_PLACEMENT_3D('',#12692,#8040,#8041);
#7000=AXIS2_PLACEMENT_3D('',#12694,#8043,#8044);
#7001=AXIS2_PLACEMENT_3D('',#12696,#8046,#8047);
#7002=AXIS2_PLACEMENT_3D('',#12698,#8049,#8050);
#7003=AXIS2_PLACEMENT_3D('',#12701,#8053,#8054);
#7004=AXIS2_PLACEMENT_3D('',#12703,#8056,#8057);
#7005=AXIS2_PLACEMENT_3D('',#12705,#8059,#8060);
#7006=AXIS2_PLACEMENT_3D('',#12707,#8062,#8063);
#7007=AXIS2_PLACEMENT_3D('',#12710,#8066,#8067);
#7008=AXIS2_PLACEMENT_3D('',#12712,#8069,#8070);
#7009=AXIS2_PLACEMENT_3D('',#12714,#8072,#8073);
#7010=AXIS2_PLACEMENT_3D('',#12716,#8075,#8076);
#7011=AXIS2_PLACEMENT_3D('',#12719,#8079,#8080);
#7012=AXIS2_PLACEMENT_3D('',#12721,#8082,#8083);
#7013=AXIS2_PLACEMENT_3D('',#12723,#8085,#8086);
#7014=AXIS2_PLACEMENT_3D('',#12725,#8088,#8089);
#7015=AXIS2_PLACEMENT_3D('',#12728,#8092,#8093);
#7016=AXIS2_PLACEMENT_3D('',#12730,#8095,#8096);
#7017=AXIS2_PLACEMENT_3D('',#12732,#8098,#8099);
#7018=AXIS2_PLACEMENT_3D('',#12734,#8101,#8102);
#7019=AXIS2_PLACEMENT_3D('',#12737,#8105,#8106);
#7020=AXIS2_PLACEMENT_3D('',#12739,#8108,#8109);
#7021=AXIS2_PLACEMENT_3D('',#12741,#8111,#8112);
#7022=AXIS2_PLACEMENT_3D('',#12743,#8114,#8115);
#7023=AXIS2_PLACEMENT_3D('',#12746,#8118,#8119);
#7024=AXIS2_PLACEMENT_3D('',#12748,#8121,#8122);
#7025=AXIS2_PLACEMENT_3D('',#12750,#8124,#8125);
#7026=AXIS2_PLACEMENT_3D('',#12752,#8127,#8128);
#7027=AXIS2_PLACEMENT_3D('',#12755,#8131,#8132);
#7028=AXIS2_PLACEMENT_3D('',#12757,#8134,#8135);
#7029=AXIS2_PLACEMENT_3D('',#12759,#8137,#8138);
#7030=AXIS2_PLACEMENT_3D('',#12761,#8140,#8141);
#7031=AXIS2_PLACEMENT_3D('',#12764,#8144,#8145);
#7032=AXIS2_PLACEMENT_3D('',#12766,#8147,#8148);
#7033=AXIS2_PLACEMENT_3D('',#12768,#8150,#8151);
#7034=AXIS2_PLACEMENT_3D('',#12770,#8153,#8154);
#7035=AXIS2_PLACEMENT_3D('',#12773,#8157,#8158);
#7036=AXIS2_PLACEMENT_3D('',#12775,#8160,#8161);
#7037=AXIS2_PLACEMENT_3D('',#12777,#8163,#8164);
#7038=AXIS2_PLACEMENT_3D('',#12779,#8166,#8167);
#7039=AXIS2_PLACEMENT_3D('',#12782,#8170,#8171);
#7040=AXIS2_PLACEMENT_3D('',#12784,#8173,#8174);
#7041=AXIS2_PLACEMENT_3D('',#12786,#8176,#8177);
#7042=AXIS2_PLACEMENT_3D('',#12788,#8179,#8180);
#7043=AXIS2_PLACEMENT_3D('',#12791,#8183,#8184);
#7044=AXIS2_PLACEMENT_3D('',#12793,#8186,#8187);
#7045=AXIS2_PLACEMENT_3D('',#12794,#8188,#8189);
#7046=AXIS2_PLACEMENT_3D('',#12795,#8190,#8191);
#7047=AXIS2_PLACEMENT_3D('',#12796,#8192,#8193);
#7048=AXIS2_PLACEMENT_3D('',#12798,#8195,#8196);
#7049=AXIS2_PLACEMENT_3D('',#12800,#8198,#8199);
#7050=AXIS2_PLACEMENT_3D('',#12802,#8201,#8202);
#7051=AXIS2_PLACEMENT_3D('',#12804,#8204,#8205);
#7052=AXIS2_PLACEMENT_3D('',#12806,#8207,#8208);
#7053=AXIS2_PLACEMENT_3D('',#12808,#8210,#8211);
#7054=AXIS2_PLACEMENT_3D('',#12809,#8212,#8213);
#7055=AXIS2_PLACEMENT_3D('',#12811,#8215,#8216);
#7056=AXIS2_PLACEMENT_3D('',#12813,#8218,#8219);
#7057=AXIS2_PLACEMENT_3D('',#12815,#8221,#8222);
#7058=AXIS2_PLACEMENT_3D('',#12817,#8224,#8225);
#7059=AXIS2_PLACEMENT_3D('',#12818,#8226,#8227);
#7060=AXIS2_PLACEMENT_3D('',#12820,#8229,#8230);
#7061=AXIS2_PLACEMENT_3D('',#12822,#8232,#8233);
#7062=AXIS2_PLACEMENT_3D('',#12824,#8235,#8236);
#7063=AXIS2_PLACEMENT_3D('',#12826,#8238,#8239);
#7064=AXIS2_PLACEMENT_3D('',#12828,#8241,#8242);
#7065=AXIS2_PLACEMENT_3D('',#12829,#8243,#8244);
#7066=AXIS2_PLACEMENT_3D('',#12831,#8246,#8247);
#7067=AXIS2_PLACEMENT_3D('',#12833,#8249,#8250);
#7068=AXIS2_PLACEMENT_3D('',#12835,#8252,#8253);
#7069=AXIS2_PLACEMENT_3D('',#12836,#8254,#8255);
#7070=AXIS2_PLACEMENT_3D('',#12838,#8257,#8258);
#7071=AXIS2_PLACEMENT_3D('',#12840,#8260,#8261);
#7072=AXIS2_PLACEMENT_3D('',#12842,#8263,#8264);
#7073=AXIS2_PLACEMENT_3D('',#12843,#8265,#8266);
#7074=AXIS2_PLACEMENT_3D('',#12845,#8268,#8269);
#7075=AXIS2_PLACEMENT_3D('',#12847,#8271,#8272);
#7076=AXIS2_PLACEMENT_3D('',#12849,#8274,#8275);
#7077=AXIS2_PLACEMENT_3D('',#12851,#8277,#8278);
#7078=AXIS2_PLACEMENT_3D('',#12853,#8280,#8281);
#7079=AXIS2_PLACEMENT_3D('',#12854,#8282,#8283);
#7080=AXIS2_PLACEMENT_3D('',#12856,#8285,#8286);
#7081=AXIS2_PLACEMENT_3D('',#12858,#8288,#8289);
#7082=AXIS2_PLACEMENT_3D('',#12860,#8291,#8292);
#7083=AXIS2_PLACEMENT_3D('',#12861,#8293,#8294);
#7084=AXIS2_PLACEMENT_3D('',#12863,#8296,#8297);
#7085=AXIS2_PLACEMENT_3D('',#12865,#8299,#8300);
#7086=AXIS2_PLACEMENT_3D('',#12867,#8302,#8303);
#7087=AXIS2_PLACEMENT_3D('',#12868,#8304,#8305);
#7088=AXIS2_PLACEMENT_3D('',#12870,#8307,#8308);
#7089=AXIS2_PLACEMENT_3D('',#12872,#8310,#8311);
#7090=AXIS2_PLACEMENT_3D('',#12874,#8313,#8314);
#7091=AXIS2_PLACEMENT_3D('',#12875,#8315,#8316);
#7092=AXIS2_PLACEMENT_3D('',#12876,#8317,#8318);
#7093=AXIS2_PLACEMENT_3D('',#12877,#8319,#8320);
#7094=AXIS2_PLACEMENT_3D('',#12878,#8321,#8322);
#7095=AXIS2_PLACEMENT_3D('',#12879,#8323,#8324);
#7096=DIRECTION('axis',(0.,0.,1.));
#7097=DIRECTION('refdir',(1.,0.,0.));
#7098=DIRECTION('axis',(0.,0.,1.));
#7099=DIRECTION('refdir',(1.,0.,0.));
#7100=DIRECTION('center_axis',(0.,0.,1.));
#7101=DIRECTION('ref_axis',(-0.707106781186547,0.707106781186547,0.));
#7102=DIRECTION('center_axis',(0.,0.,-1.));
#7103=DIRECTION('ref_axis',(-0.707106781186547,0.707106781186547,0.));
#7104=DIRECTION('',(0.,0.,-1.));
#7105=DIRECTION('center_axis',(0.,0.,1.));
#7106=DIRECTION('ref_axis',(-0.707106781186547,0.707106781186547,0.));
#7107=DIRECTION('',(0.,0.,1.));
#7108=DIRECTION('center_axis',(0.,0.,1.));
#7109=DIRECTION('ref_axis',(1.,0.,0.));
#7110=DIRECTION('',(0.,-1.,0.));
#7111=DIRECTION('center_axis',(0.,0.,-1.));
#7112=DIRECTION('ref_axis',(-0.707106781186547,-0.707106781186547,0.));
#7113=DIRECTION('',(1.,0.,0.));
#7114=DIRECTION('center_axis',(0.,0.,-1.));
#7115=DIRECTION('ref_axis',(0.707106781186547,-0.707106781186547,0.));
#7116=DIRECTION('',(0.,1.,0.));
#7117=DIRECTION('center_axis',(0.,0.,-1.));
#7118=DIRECTION('ref_axis',(0.707106781186547,0.707106781186547,0.));
#7119=DIRECTION('',(-1.,0.,0.));
#7120=DIRECTION('',(0.,-1.,0.));
#7121=DIRECTION('',(1.,0.,0.));
#7122=DIRECTION('',(0.,-1.,0.));
#7123=DIRECTION('',(-1.,0.,0.));
#7124=DIRECTION('',(0.,1.,0.));
#7125=DIRECTION('',(1.,0.,0.));
#7126=DIRECTION('',(0.,1.,0.));
#7127=DIRECTION('',(-1.,0.,0.));
#7128=DIRECTION('center_axis',(0.,0.,-1.));
#7129=DIRECTION('ref_axis',(1.,0.,0.));
#7130=DIRECTION('center_axis',(0.,0.,-1.));
#7131=DIRECTION('ref_axis',(1.,0.,0.));
#7132=DIRECTION('center_axis',(0.,0.,-1.));
#7133=DIRECTION('ref_axis',(1.,0.,0.));
#7134=DIRECTION('center_axis',(0.,0.,-1.));
#7135=DIRECTION('ref_axis',(1.,0.,0.));
#7136=DIRECTION('center_axis',(-1.,0.,0.));
#7137=DIRECTION('ref_axis',(0.,-1.,0.));
#7138=DIRECTION('',(0.,1.,0.));
#7139=DIRECTION('',(0.,0.,-1.));
#7140=DIRECTION('center_axis',(0.,0.,1.));
#7141=DIRECTION('ref_axis',(-0.707106781186547,-0.707106781186547,0.));
#7142=DIRECTION('center_axis',(0.,0.,1.));
#7143=DIRECTION('ref_axis',(-0.707106781186547,-0.707106781186547,0.));
#7144=DIRECTION('',(0.,0.,1.));
#7145=DIRECTION('center_axis',(0.,0.,1.));
#7146=DIRECTION('ref_axis',(0.707106781186547,0.707106781186547,0.));
#7147=DIRECTION('',(0.,0.,-1.));
#7148=DIRECTION('center_axis',(0.,0.,1.));
#7149=DIRECTION('ref_axis',(0.707106781186547,0.707106781186547,0.));
#7150=DIRECTION('',(0.,0.,1.));
#7151=DIRECTION('center_axis',(1.,0.,0.));
#7152=DIRECTION('ref_axis',(0.,1.,0.));
#7153=DIRECTION('',(0.,0.,1.));
#7154=DIRECTION('',(0.,-1.,0.));
#7155=DIRECTION('center_axis',(0.,0.,1.));
#7156=DIRECTION('ref_axis',(0.707106781186547,-0.707106781186547,0.));
#7157=DIRECTION('',(0.,0.,-1.));
#7158=DIRECTION('center_axis',(0.,0.,1.));
#7159=DIRECTION('ref_axis',(0.707106781186547,-0.707106781186547,0.));
#7160=DIRECTION('center_axis',(0.,-1.,0.));
#7161=DIRECTION('ref_axis',(1.,0.,0.));
#7162=DIRECTION('',(-1.,0.,0.));
#7163=DIRECTION('center_axis',(1.,0.,0.));
#7164=DIRECTION('ref_axis',(0.,-1.,0.));
#7165=DIRECTION('',(0.,0.,1.));
#7166=DIRECTION('',(0.,-1.,0.));
#7167=DIRECTION('',(0.,0.,-1.));
#7168=DIRECTION('center_axis',(-1.,0.,0.));
#7169=DIRECTION('ref_axis',(0.,1.,0.));
#7170=DIRECTION('',(0.,0.,1.));
#7171=DIRECTION('',(0.,1.,0.));
#7172=DIRECTION('',(0.,0.,-1.));
#7173=DIRECTION('center_axis',(0.,0.,-1.));
#7174=DIRECTION('ref_axis',(-1.,0.,0.));
#7175=DIRECTION('',(-1.,0.,0.));
#7176=DIRECTION('',(1.,0.,0.));
#7177=DIRECTION('center_axis',(0.,-1.,0.));
#7178=DIRECTION('ref_axis',(1.,0.,0.));
#7179=DIRECTION('',(0.,0.,1.));
#7180=DIRECTION('',(1.,0.,0.));
#7181=DIRECTION('',(0.,0.,1.));
#7182=DIRECTION('center_axis',(0.,0.,1.));
#7183=DIRECTION('ref_axis',(1.,0.,0.));
#7184=DIRECTION('',(-1.,0.,0.));
#7185=DIRECTION('',(0.,-1.,0.));
#7186=DIRECTION('',(0.,1.,0.));
#7187=DIRECTION('center_axis',(-1.,0.,0.));
#7188=DIRECTION('ref_axis',(0.,-1.,0.));
#7189=DIRECTION('',(0.,0.,1.));
#7190=DIRECTION('center_axis',(0.,0.,1.));
#7191=DIRECTION('ref_axis',(1.,0.,0.));
#7192=DIRECTION('center_axis',(0.,0.,1.));
#7193=DIRECTION('ref_axis',(1.,0.,0.));
#7194=DIRECTION('',(0.,0.,-1.));
#7195=DIRECTION('center_axis',(0.,0.,-1.));
#7196=DIRECTION('ref_axis',(1.,0.,0.));
#7197=DIRECTION('center_axis',(0.,0.,1.));
#7198=DIRECTION('ref_axis',(1.,0.,0.));
#7199=DIRECTION('center_axis',(0.,0.,1.));
#7200=DIRECTION('ref_axis',(1.,0.,0.));
#7201=DIRECTION('',(0.,0.,-1.));
#7202=DIRECTION('center_axis',(0.,0.,-1.));
#7203=DIRECTION('ref_axis',(1.,0.,0.));
#7204=DIRECTION('center_axis',(0.,0.,1.));
#7205=DIRECTION('ref_axis',(1.,0.,0.));
#7206=DIRECTION('center_axis',(0.,0.,1.));
#7207=DIRECTION('ref_axis',(1.,0.,0.));
#7208=DIRECTION('',(0.,0.,-1.));
#7209=DIRECTION('center_axis',(0.,0.,-1.));
#7210=DIRECTION('ref_axis',(1.,0.,0.));
#7211=DIRECTION('center_axis',(0.,0.,1.));
#7212=DIRECTION('ref_axis',(1.,0.,0.));
#7213=DIRECTION('center_axis',(0.,0.,1.));
#7214=DIRECTION('ref_axis',(1.,0.,0.));
#7215=DIRECTION('',(0.,0.,-1.));
#7216=DIRECTION('center_axis',(0.,0.,-1.));
#7217=DIRECTION('ref_axis',(1.,0.,0.));
#7218=DIRECTION('center_axis',(1.,0.,0.));
#7219=DIRECTION('ref_axis',(0.,1.,0.));
#7220=DIRECTION('',(0.,0.,1.));
#7221=DIRECTION('center_axis',(0.,1.,0.));
#7222=DIRECTION('ref_axis',(-1.,0.,0.));
#7223=DIRECTION('center_axis',(0.,1.,0.));
#7224=DIRECTION('ref_axis',(-1.,0.,0.));
#7225=DIRECTION('',(1.,0.,0.));
#7226=DIRECTION('center_axis',(0.,0.,1.));
#7227=DIRECTION('ref_axis',(1.,0.,0.));
#7228=DIRECTION('center_axis',(0.,0.,1.));
#7229=DIRECTION('ref_axis',(1.,0.,0.));
#7230=DIRECTION('',(0.,0.,-1.));
#7231=DIRECTION('center_axis',(0.,0.,-1.));
#7232=DIRECTION('ref_axis',(1.,0.,0.));
#7233=DIRECTION('center_axis',(0.,0.,1.));
#7234=DIRECTION('ref_axis',(1.,0.,0.));
#7235=DIRECTION('center_axis',(0.,0.,1.));
#7236=DIRECTION('ref_axis',(1.,0.,0.));
#7237=DIRECTION('',(0.,0.,-1.));
#7238=DIRECTION('center_axis',(0.,0.,-1.));
#7239=DIRECTION('ref_axis',(1.,0.,0.));
#7240=DIRECTION('center_axis',(0.,0.,1.));
#7241=DIRECTION('ref_axis',(1.,0.,0.));
#7242=DIRECTION('center_axis',(0.,0.,1.));
#7243=DIRECTION('ref_axis',(1.,0.,0.));
#7244=DIRECTION('',(0.,0.,-1.));
#7245=DIRECTION('center_axis',(0.,0.,-1.));
#7246=DIRECTION('ref_axis',(1.,0.,0.));
#7247=DIRECTION('center_axis',(0.,0.,1.));
#7248=DIRECTION('ref_axis',(1.,0.,0.));
#7249=DIRECTION('center_axis',(0.,0.,1.));
#7250=DIRECTION('ref_axis',(1.,0.,0.));
#7251=DIRECTION('',(0.,0.,-1.));
#7252=DIRECTION('center_axis',(0.,0.,-1.));
#7253=DIRECTION('ref_axis',(1.,0.,0.));
#7254=DIRECTION('center_axis',(0.,0.,1.));
#7255=DIRECTION('ref_axis',(1.,0.,0.));
#7256=DIRECTION('axis',(0.,0.,1.));
#7257=DIRECTION('refdir',(1.,0.,0.));
#7258=DIRECTION('axis',(0.,0.,1.));
#7259=DIRECTION('refdir',(1.,0.,0.));
#7260=DIRECTION('',(0.,0.,1.));
#7261=DIRECTION('',(0.,0.,1.));
#7262=DIRECTION('',(0.,0.,1.));
#7263=DIRECTION('',(0.,0.,1.));
#7264=DIRECTION('center_axis',(-0.936613988745551,-0.350363006160965,0.));
#7265=DIRECTION('ref_axis',(0.350363006160965,-0.936613988745551,0.));
#7266=DIRECTION('',(0.350363006160965,-0.936613988745551,0.));
#7267=DIRECTION('',(0.,0.,1.));
#7268=DIRECTION('',(0.350363006160965,-0.936613988745551,0.));
#7269=DIRECTION('center_axis',(0.,1.,0.));
#7270=DIRECTION('ref_axis',(-1.,0.,0.));
#7271=DIRECTION('',(-1.,0.,0.));
#7272=DIRECTION('',(0.,0.,1.));
#7273=DIRECTION('',(-1.,0.,0.));
#7274=DIRECTION('center_axis',(0.938859954910613,0.344299266721905,0.));
#7275=DIRECTION('ref_axis',(-0.344299266721905,0.938859954910613,0.));
#7276=DIRECTION('',(-0.344299266721905,0.938859954910613,0.));
#7277=DIRECTION('',(0.,0.,1.));
#7278=DIRECTION('',(-0.344299266721905,0.938859954910613,0.));
#7279=DIRECTION('',(0.,0.,1.));
#7280=DIRECTION('',(0.,0.,1.));
#7281=DIRECTION('center_axis',(-0.94108229802553,0.338177628389264,0.));
#7282=DIRECTION('ref_axis',(-0.338177628389264,-0.94108229802553,0.));
#7283=DIRECTION('',(-0.338177628389264,-0.94108229802553,0.));
#7284=DIRECTION('',(0.,0.,1.));
#7285=DIRECTION('',(-0.338177628389264,-0.94108229802553,0.));
#7286=DIRECTION('center_axis',(0.,1.,0.));
#7287=DIRECTION('ref_axis',(-1.,0.,0.));
#7288=DIRECTION('',(-1.,0.,0.));
#7289=DIRECTION('',(0.,0.,1.));
#7290=DIRECTION('',(-1.,0.,0.));
#7291=DIRECTION('center_axis',(0.935168253854145,-0.354203807127181,0.));
#7292=DIRECTION('ref_axis',(0.354203807127181,0.935168253854145,0.));
#7293=DIRECTION('',(0.354203807127181,0.935168253854145,0.));
#7294=DIRECTION('',(0.,0.,1.));
#7295=DIRECTION('',(0.354203807127181,0.935168253854145,0.));
#7296=DIRECTION('',(0.,0.,1.));
#7297=DIRECTION('',(0.,0.,1.));
#7298=DIRECTION('',(0.,0.,1.));
#7299=DIRECTION('',(0.,0.,1.));
#7300=DIRECTION('',(0.,0.,1.));
#7301=DIRECTION('center_axis',(0.993070103013164,-0.117523489147593,0.));
#7302=DIRECTION('ref_axis',(0.117523489147593,0.993070103013164,0.));
#7303=DIRECTION('',(0.117523489147593,0.993070103013164,0.));
#7304=DIRECTION('',(0.,0.,1.));
#7305=DIRECTION('',(0.117523489147593,0.993070103013164,0.));
#7306=DIRECTION('center_axis',(0.,0.,-1.));
#7307=DIRECTION('ref_axis',(1.,0.,0.));
#7308=DIRECTION('',(0.,0.,1.));
#7309=DIRECTION('',(0.,0.,1.));
#7310=DIRECTION('',(0.,0.,1.));
#7311=DIRECTION('',(0.,0.,1.));
#7312=DIRECTION('',(0.,0.,1.));
#7313=DIRECTION('',(0.,0.,1.));
#7314=DIRECTION('',(0.,0.,1.));
#7315=DIRECTION('',(0.,0.,1.));
#7316=DIRECTION('',(0.,0.,1.));
#7317=DIRECTION('',(0.,0.,1.));
#7318=DIRECTION('center_axis',(1.,0.,0.));
#7319=DIRECTION('ref_axis',(0.,1.,0.));
#7320=DIRECTION('',(0.,1.,0.));
#7321=DIRECTION('',(0.,1.,0.));
#7322=DIRECTION('center_axis',(0.,-1.,0.));
#7323=DIRECTION('ref_axis',(1.,0.,0.));
#7324=DIRECTION('',(1.,0.,0.));
#7325=DIRECTION('',(0.,0.,1.));
#7326=DIRECTION('',(1.,0.,0.));
#7327=DIRECTION('',(0.,0.,1.));
#7328=DIRECTION('',(0.,0.,1.));
#7329=DIRECTION('',(0.,0.,1.));
#7330=DIRECTION('center_axis',(-1.,0.,0.));
#7331=DIRECTION('ref_axis',(0.,-1.,0.));
#7332=DIRECTION('',(0.,-1.,0.));
#7333=DIRECTION('',(0.,0.,1.));
#7334=DIRECTION('',(0.,-1.,0.));
#7335=DIRECTION('',(0.,0.,1.));
#7336=DIRECTION('',(0.,0.,1.));
#7337=DIRECTION('',(0.,0.,1.));
#7338=DIRECTION('',(0.,0.,1.));
#7339=DIRECTION('',(0.,0.,1.));
#7340=DIRECTION('',(0.,0.,1.));
#7341=DIRECTION('',(0.,0.,1.));
#7342=DIRECTION('center_axis',(0.135114265751912,-0.990830023359366,0.));
#7343=DIRECTION('ref_axis',(0.990830023359366,0.135114265751912,0.));
#7344=DIRECTION('',(0.990830023359366,0.135114265751912,0.));
#7345=DIRECTION('',(0.,0.,1.));
#7346=DIRECTION('',(0.990830023359366,0.135114265751912,0.));
#7347=DIRECTION('',(0.,0.,1.));
#7348=DIRECTION('',(0.,0.,1.));
#7349=DIRECTION('',(0.,0.,1.));
#7350=DIRECTION('',(0.,0.,1.));
#7351=DIRECTION('',(0.,0.,1.));
#7352=DIRECTION('',(0.,0.,1.));
#7353=DIRECTION('',(0.,0.,1.));
#7354=DIRECTION('',(0.,0.,1.));
#7355=DIRECTION('',(0.,0.,1.));
#7356=DIRECTION('',(0.,0.,1.));
#7357=DIRECTION('',(0.,0.,1.));
#7358=DIRECTION('',(0.,0.,1.));
#7359=DIRECTION('',(0.,0.,1.));
#7360=DIRECTION('',(0.,0.,1.));
#7361=DIRECTION('center_axis',(0.,0.,-1.));
#7362=DIRECTION('ref_axis',(1.,0.,0.));
#7363=DIRECTION('',(0.,0.,1.));
#7364=DIRECTION('',(0.,0.,1.));
#7365=DIRECTION('',(0.,0.,1.));
#7366=DIRECTION('',(0.,0.,1.));
#7367=DIRECTION('',(0.,0.,1.));
#7368=DIRECTION('',(0.,0.,1.));
#7369=DIRECTION('',(0.,0.,1.));
#7370=DIRECTION('',(0.,0.,1.));
#7371=DIRECTION('center_axis',(-1.,0.,0.));
#7372=DIRECTION('ref_axis',(0.,-1.,0.));
#7373=DIRECTION('',(0.,-1.,0.));
#7374=DIRECTION('',(0.,0.,1.));
#7375=DIRECTION('',(0.,-1.,0.));
#7376=DIRECTION('',(0.,0.,1.));
#7377=DIRECTION('center_axis',(0.,1.,0.));
#7378=DIRECTION('ref_axis',(-1.,0.,0.));
#7379=DIRECTION('',(-1.,0.,0.));
#7380=DIRECTION('',(0.,0.,1.));
#7381=DIRECTION('',(-1.,0.,0.));
#7382=DIRECTION('center_axis',(1.,0.,0.));
#7383=DIRECTION('ref_axis',(0.,1.,0.));
#7384=DIRECTION('',(0.,1.,0.));
#7385=DIRECTION('',(0.,0.,1.));
#7386=DIRECTION('',(0.,1.,0.));
#7387=DIRECTION('',(0.,0.,1.));
#7388=DIRECTION('',(0.,0.,1.));
#7389=DIRECTION('',(0.,0.,1.));
#7390=DIRECTION('',(0.,0.,1.));
#7391=DIRECTION('',(0.,0.,1.));
#7392=DIRECTION('',(0.,0.,1.));
#7393=DIRECTION('',(0.,0.,1.));
#7394=DIRECTION('',(0.,0.,1.));
#7395=DIRECTION('',(0.,0.,1.));
#7396=DIRECTION('center_axis',(1.,0.,0.));
#7397=DIRECTION('ref_axis',(0.,1.,0.));
#7398=DIRECTION('',(0.,1.,0.));
#7399=DIRECTION('',(0.,0.,1.));
#7400=DIRECTION('',(0.,1.,0.));
#7401=DIRECTION('center_axis',(0.,-1.,0.));
#7402=DIRECTION('ref_axis',(1.,0.,0.));
#7403=DIRECTION('',(1.,0.,0.));
#7404=DIRECTION('',(1.,0.,0.));
#7405=DIRECTION('center_axis',(0.,0.,-1.));
#7406=DIRECTION('ref_axis',(1.,0.,0.));
#7407=DIRECTION('',(0.,0.,1.));
#7408=DIRECTION('',(0.,0.,1.));
#7409=DIRECTION('',(0.,0.,1.));
#7410=DIRECTION('',(0.,0.,1.));
#7411=DIRECTION('',(0.,0.,1.));
#7412=DIRECTION('',(0.,0.,1.));
#7413=DIRECTION('',(0.,0.,1.));
#7414=DIRECTION('',(0.,0.,1.));
#7415=DIRECTION('',(0.,0.,1.));
#7416=DIRECTION('',(0.,0.,1.));
#7417=DIRECTION('',(0.,0.,1.));
#7418=DIRECTION('',(0.,0.,1.));
#7419=DIRECTION('',(0.,0.,1.));
#7420=DIRECTION('',(0.,0.,1.));
#7421=DIRECTION('',(0.,0.,1.));
#7422=DIRECTION('',(0.,0.,1.));
#7423=DIRECTION('',(0.,0.,1.));
#7424=DIRECTION('center_axis',(0.,0.,-1.));
#7425=DIRECTION('ref_axis',(1.,0.,0.));
#7426=DIRECTION('',(0.,0.,1.));
#7427=DIRECTION('',(0.,0.,1.));
#7428=DIRECTION('',(0.,0.,1.));
#7429=DIRECTION('',(0.,0.,1.));
#7430=DIRECTION('',(0.,0.,1.));
#7431=DIRECTION('',(0.,0.,1.));
#7432=DIRECTION('',(0.,0.,1.));
#7433=DIRECTION('',(0.,0.,1.));
#7434=DIRECTION('',(0.,0.,1.));
#7435=DIRECTION('',(0.,0.,1.));
#7436=DIRECTION('center_axis',(1.,0.,0.));
#7437=DIRECTION('ref_axis',(0.,1.,0.));
#7438=DIRECTION('',(0.,1.,0.));
#7439=DIRECTION('',(0.,1.,0.));
#7440=DIRECTION('center_axis',(0.,-1.,0.));
#7441=DIRECTION('ref_axis',(1.,0.,0.));
#7442=DIRECTION('',(1.,0.,0.));
#7443=DIRECTION('',(0.,0.,1.));
#7444=DIRECTION('',(1.,0.,0.));
#7445=DIRECTION('',(0.,0.,1.));
#7446=DIRECTION('',(0.,0.,1.));
#7447=DIRECTION('',(0.,0.,1.));
#7448=DIRECTION('center_axis',(-1.,0.,0.));
#7449=DIRECTION('ref_axis',(0.,-1.,0.));
#7450=DIRECTION('',(0.,-1.,0.));
#7451=DIRECTION('',(0.,0.,1.));
#7452=DIRECTION('',(0.,-1.,0.));
#7453=DIRECTION('',(0.,0.,1.));
#7454=DIRECTION('',(0.,0.,1.));
#7455=DIRECTION('',(0.,0.,1.));
#7456=DIRECTION('',(0.,0.,1.));
#7457=DIRECTION('',(0.,0.,1.));
#7458=DIRECTION('',(0.,0.,1.));
#7459=DIRECTION('',(0.,0.,1.));
#7460=DIRECTION('center_axis',(0.135114375513398,-0.990830008391765,0.));
#7461=DIRECTION('ref_axis',(0.990830008391765,0.135114375513398,0.));
#7462=DIRECTION('',(0.990830008391765,0.135114375513398,0.));
#7463=DIRECTION('',(0.,0.,1.));
#7464=DIRECTION('',(0.990830008391765,0.135114375513398,0.));
#7465=DIRECTION('',(0.,0.,1.));
#7466=DIRECTION('',(0.,0.,1.));
#7467=DIRECTION('',(0.,0.,1.));
#7468=DIRECTION('',(0.,0.,1.));
#7469=DIRECTION('',(0.,0.,1.));
#7470=DIRECTION('',(0.,0.,1.));
#7471=DIRECTION('',(0.,0.,1.));
#7472=DIRECTION('',(0.,0.,1.));
#7473=DIRECTION('',(0.,0.,1.));
#7474=DIRECTION('',(0.,0.,1.));
#7475=DIRECTION('',(0.,0.,1.));
#7476=DIRECTION('',(0.,0.,1.));
#7477=DIRECTION('',(0.,0.,1.));
#7478=DIRECTION('',(0.,0.,1.));
#7479=DIRECTION('center_axis',(0.,0.,-1.));
#7480=DIRECTION('ref_axis',(1.,0.,0.));
#7481=DIRECTION('center_axis',(0.,-1.,0.));
#7482=DIRECTION('ref_axis',(1.,0.,0.));
#7483=DIRECTION('',(1.,0.,0.));
#7484=DIRECTION('',(0.,0.,1.));
#7485=DIRECTION('',(1.,0.,0.));
#7486=DIRECTION('',(0.,0.,1.));
#7487=DIRECTION('',(0.,0.,1.));
#7488=DIRECTION('',(0.,0.,1.));
#7489=DIRECTION('',(0.,0.,1.));
#7490=DIRECTION('',(0.,0.,1.));
#7491=DIRECTION('',(0.,0.,1.));
#7492=DIRECTION('center_axis',(0.,1.,0.));
#7493=DIRECTION('ref_axis',(-1.,0.,0.));
#7494=DIRECTION('',(-1.,0.,0.));
#7495=DIRECTION('',(0.,0.,1.));
#7496=DIRECTION('',(-1.,0.,0.));
#7497=DIRECTION('center_axis',(-1.,0.,0.));
#7498=DIRECTION('ref_axis',(0.,-1.,0.));
#7499=DIRECTION('',(0.,-1.,0.));
#7500=DIRECTION('',(0.,-1.,0.));
#7501=DIRECTION('center_axis',(-1.,0.,0.));
#7502=DIRECTION('ref_axis',(0.,-1.,0.));
#7503=DIRECTION('',(0.,-1.,0.));
#7504=DIRECTION('',(0.,0.,1.));
#7505=DIRECTION('',(0.,-1.,0.));
#7506=DIRECTION('',(0.,0.,1.));
#7507=DIRECTION('center_axis',(0.,-1.,0.));
#7508=DIRECTION('ref_axis',(1.,0.,0.));
#7509=DIRECTION('',(1.,0.,0.));
#7510=DIRECTION('',(0.,0.,1.));
#7511=DIRECTION('',(1.,0.,0.));
#7512=DIRECTION('',(0.,0.,1.));
#7513=DIRECTION('',(0.,0.,1.));
#7514=DIRECTION('',(0.,0.,1.));
#7515=DIRECTION('',(0.,0.,1.));
#7516=DIRECTION('',(0.,0.,1.));
#7517=DIRECTION('',(0.,0.,1.));
#7518=DIRECTION('center_axis',(0.,1.,0.));
#7519=DIRECTION('ref_axis',(-1.,0.,0.));
#7520=DIRECTION('',(-1.,0.,0.));
#7521=DIRECTION('',(0.,0.,1.));
#7522=DIRECTION('',(-1.,0.,0.));
#7523=DIRECTION('center_axis',(1.,0.,0.));
#7524=DIRECTION('ref_axis',(0.,1.,0.));
#7525=DIRECTION('',(0.,1.,0.));
#7526=DIRECTION('',(0.,0.,1.));
#7527=DIRECTION('',(0.,1.,0.));
#7528=DIRECTION('center_axis',(0.,-1.,0.));
#7529=DIRECTION('ref_axis',(1.,0.,0.));
#7530=DIRECTION('',(1.,0.,0.));
#7531=DIRECTION('',(1.,0.,0.));
#7532=DIRECTION('center_axis',(0.,0.,-1.));
#7533=DIRECTION('ref_axis',(1.,0.,0.));
#7534=DIRECTION('center_axis',(-1.,0.,0.));
#7535=DIRECTION('ref_axis',(0.,-1.,0.));
#7536=DIRECTION('',(0.,-1.,0.));
#7537=DIRECTION('',(0.,0.,1.));
#7538=DIRECTION('',(0.,-1.,0.));
#7539=DIRECTION('',(0.,0.,1.));
#7540=DIRECTION('',(0.,0.,1.));
#7541=DIRECTION('',(0.,0.,1.));
#7542=DIRECTION('',(0.,0.,1.));
#7543=DIRECTION('',(0.,0.,1.));
#7544=DIRECTION('center_axis',(-0.937477791315774,-0.348045098787066,0.));
#7545=DIRECTION('ref_axis',(0.348045098787066,-0.937477791315774,0.));
#7546=DIRECTION('',(0.348045098787066,-0.937477791315774,0.));
#7547=DIRECTION('',(0.,0.,1.));
#7548=DIRECTION('',(0.348045098787066,-0.937477791315774,0.));
#7549=DIRECTION('',(0.,0.,1.));
#7550=DIRECTION('',(0.,0.,1.));
#7551=DIRECTION('',(0.,0.,1.));
#7552=DIRECTION('center_axis',(-1.,0.,0.));
#7553=DIRECTION('ref_axis',(0.,-1.,0.));
#7554=DIRECTION('',(0.,-1.,0.));
#7555=DIRECTION('',(0.,0.,1.));
#7556=DIRECTION('',(0.,-1.,0.));
#7557=DIRECTION('center_axis',(0.,1.,0.));
#7558=DIRECTION('ref_axis',(-1.,0.,0.));
#7559=DIRECTION('',(-1.,0.,0.));
#7560=DIRECTION('',(0.,0.,1.));
#7561=DIRECTION('',(-1.,0.,0.));
#7562=DIRECTION('center_axis',(1.,0.,0.));
#7563=DIRECTION('ref_axis',(0.,1.,0.));
#7564=DIRECTION('',(0.,1.,0.));
#7565=DIRECTION('',(0.,0.,1.));
#7566=DIRECTION('',(0.,1.,0.));
#7567=DIRECTION('center_axis',(0.,-1.,0.));
#7568=DIRECTION('ref_axis',(1.,0.,0.));
#7569=DIRECTION('',(1.,0.,0.));
#7570=DIRECTION('',(1.,0.,0.));
#7571=DIRECTION('center_axis',(0.,0.,-1.));
#7572=DIRECTION('ref_axis',(1.,0.,0.));
#7573=DIRECTION('',(0.,0.,1.));
#7574=DIRECTION('',(0.,0.,1.));
#7575=DIRECTION('',(0.,0.,1.));
#7576=DIRECTION('',(0.,0.,1.));
#7577=DIRECTION('',(0.,0.,1.));
#7578=DIRECTION('',(0.,0.,1.));
#7579=DIRECTION('',(0.,0.,1.));
#7580=DIRECTION('',(0.,0.,1.));
#7581=DIRECTION('center_axis',(-0.152481390118079,-0.988306342015298,0.));
#7582=DIRECTION('ref_axis',(0.988306342015298,-0.152481390118079,0.));
#7583=DIRECTION('',(0.988306342015298,-0.152481390118079,0.));
#7584=DIRECTION('',(0.,0.,1.));
#7585=DIRECTION('',(0.988306342015298,-0.152481390118079,0.));
#7586=DIRECTION('',(0.,0.,1.));
#7587=DIRECTION('',(0.,0.,1.));
#7588=DIRECTION('',(0.,0.,1.));
#7589=DIRECTION('',(0.,0.,1.));
#7590=DIRECTION('',(0.,0.,1.));
#7591=DIRECTION('',(0.,0.,1.));
#7592=DIRECTION('',(0.,0.,1.));
#7593=DIRECTION('',(0.,0.,1.));
#7594=DIRECTION('',(0.,0.,1.));
#7595=DIRECTION('center_axis',(-0.12886156751763,0.991662592022559,0.));
#7596=DIRECTION('ref_axis',(-0.991662592022558,-0.12886156751763,0.));
#7597=DIRECTION('',(-0.991662592022558,-0.12886156751763,0.));
#7598=DIRECTION('',(0.,0.,1.));
#7599=DIRECTION('',(-0.991662592022558,-0.12886156751763,0.));
#7600=DIRECTION('center_axis',(0.,0.,-1.));
#7601=DIRECTION('ref_axis',(1.,0.,0.));
#7602=DIRECTION('center_axis',(-1.,0.,0.));
#7603=DIRECTION('ref_axis',(0.,-1.,0.));
#7604=DIRECTION('',(0.,-1.,0.));
#7605=DIRECTION('',(0.,0.,1.));
#7606=DIRECTION('',(0.,-1.,0.));
#7607=DIRECTION('',(0.,0.,1.));
#7608=DIRECTION('center_axis',(0.946846753350353,-0.32168497893109,0.));
#7609=DIRECTION('ref_axis',(0.32168497893109,0.946846753350353,0.));
#7610=DIRECTION('',(0.32168497893109,0.946846753350353,0.));
#7611=DIRECTION('',(0.,0.,1.));
#7612=DIRECTION('',(0.32168497893109,0.946846753350353,0.));
#7613=DIRECTION('center_axis',(0.,-1.,0.));
#7614=DIRECTION('ref_axis',(1.,0.,0.));
#7615=DIRECTION('',(1.,0.,0.));
#7616=DIRECTION('',(0.,0.,1.));
#7617=DIRECTION('',(1.,0.,0.));
#7618=DIRECTION('center_axis',(-0.944683638128122,-0.327982962748091,0.));
#7619=DIRECTION('ref_axis',(0.327982962748091,-0.944683638128122,0.));
#7620=DIRECTION('',(0.327982962748091,-0.944683638128122,0.));
#7621=DIRECTION('',(0.,0.,1.));
#7622=DIRECTION('',(0.327982962748091,-0.944683638128122,0.));
#7623=DIRECTION('center_axis',(1.,0.,0.));
#7624=DIRECTION('ref_axis',(0.,1.,0.));
#7625=DIRECTION('',(0.,1.,0.));
#7626=DIRECTION('',(0.,0.,1.));
#7627=DIRECTION('',(0.,1.,0.));
#7628=DIRECTION('center_axis',(0.,-1.,0.));
#7629=DIRECTION('ref_axis',(1.,0.,0.));
#7630=DIRECTION('',(1.,0.,0.));
#7631=DIRECTION('',(0.,0.,1.));
#7632=DIRECTION('',(1.,0.,0.));
#7633=DIRECTION('center_axis',(-1.,0.,0.));
#7634=DIRECTION('ref_axis',(0.,-1.,0.));
#7635=DIRECTION('',(0.,-1.,0.));
#7636=DIRECTION('',(0.,0.,1.));
#7637=DIRECTION('',(0.,-1.,0.));
#7638=DIRECTION('center_axis',(0.,1.,0.));
#7639=DIRECTION('ref_axis',(-1.,0.,0.));
#7640=DIRECTION('',(-1.,0.,0.));
#7641=DIRECTION('',(0.,0.,1.));
#7642=DIRECTION('',(-1.,0.,0.));
#7643=DIRECTION('center_axis',(0.945579681212614,0.325390636739675,0.));
#7644=DIRECTION('ref_axis',(-0.325390636739675,0.945579681212614,0.));
#7645=DIRECTION('',(-0.325390636739675,0.945579681212614,0.));
#7646=DIRECTION('',(0.,0.,1.));
#7647=DIRECTION('',(-0.325390636739675,0.945579681212614,0.));
#7648=DIRECTION('',(0.,0.,1.));
#7649=DIRECTION('',(0.,0.,1.));
#7650=DIRECTION('center_axis',(-0.948408852846127,0.317049913803952,0.));
#7651=DIRECTION('ref_axis',(-0.317049913803952,-0.948408852846127,0.));
#7652=DIRECTION('',(-0.317049913803952,-0.948408852846127,0.));
#7653=DIRECTION('',(0.,0.,1.));
#7654=DIRECTION('',(-0.317049913803952,-0.948408852846127,0.));
#7655=DIRECTION('center_axis',(0.,1.,0.));
#7656=DIRECTION('ref_axis',(-1.,0.,0.));
#7657=DIRECTION('',(-1.,0.,0.));
#7658=DIRECTION('',(0.,0.,1.));
#7659=DIRECTION('',(-1.,0.,0.));
#7660=DIRECTION('center_axis',(1.,0.,0.));
#7661=DIRECTION('ref_axis',(0.,1.,0.));
#7662=DIRECTION('',(0.,1.,0.));
#7663=DIRECTION('',(0.,0.,1.));
#7664=DIRECTION('',(0.,1.,0.));
#7665=DIRECTION('center_axis',(0.,-1.,0.));
#7666=DIRECTION('ref_axis',(1.,0.,0.));
#7667=DIRECTION('',(1.,0.,0.));
#7668=DIRECTION('',(1.,0.,0.));
#7669=DIRECTION('center_axis',(0.,0.,-1.));
#7670=DIRECTION('ref_axis',(1.,0.,0.));
#7671=DIRECTION('center_axis',(-1.,0.,0.));
#7672=DIRECTION('ref_axis',(0.,-1.,0.));
#7673=DIRECTION('',(0.,-1.,0.));
#7674=DIRECTION('',(0.,0.,1.));
#7675=DIRECTION('',(0.,-1.,0.));
#7676=DIRECTION('',(0.,0.,1.));
#7677=DIRECTION('center_axis',(0.946846741916582,-0.321685012585221,0.));
#7678=DIRECTION('ref_axis',(0.321685012585221,0.946846741916582,0.));
#7679=DIRECTION('',(0.321685012585221,0.946846741916582,0.));
#7680=DIRECTION('',(0.,0.,1.));
#7681=DIRECTION('',(0.321685012585221,0.946846741916582,0.));
#7682=DIRECTION('center_axis',(0.,-1.,0.));
#7683=DIRECTION('ref_axis',(1.,0.,0.));
#7684=DIRECTION('',(1.,0.,0.));
#7685=DIRECTION('',(0.,0.,1.));
#7686=DIRECTION('',(1.,0.,0.));
#7687=DIRECTION('center_axis',(-0.944683638128122,-0.327982962748091,0.));
#7688=DIRECTION('ref_axis',(0.327982962748091,-0.944683638128122,0.));
#7689=DIRECTION('',(0.327982962748091,-0.944683638128122,0.));
#7690=DIRECTION('',(0.,0.,1.));
#7691=DIRECTION('',(0.327982962748091,-0.944683638128122,0.));
#7692=DIRECTION('center_axis',(1.,0.,0.));
#7693=DIRECTION('ref_axis',(0.,1.,0.));
#7694=DIRECTION('',(0.,1.,0.));
#7695=DIRECTION('',(0.,0.,1.));
#7696=DIRECTION('',(0.,1.,0.));
#7697=DIRECTION('center_axis',(0.,-1.,0.));
#7698=DIRECTION('ref_axis',(1.,0.,0.));
#7699=DIRECTION('',(1.,0.,0.));
#7700=DIRECTION('',(0.,0.,1.));
#7701=DIRECTION('',(1.,0.,0.));
#7702=DIRECTION('center_axis',(-1.,0.,0.));
#7703=DIRECTION('ref_axis',(0.,-1.,0.));
#7704=DIRECTION('',(0.,-1.,0.));
#7705=DIRECTION('',(0.,0.,1.));
#7706=DIRECTION('',(0.,-1.,0.));
#7707=DIRECTION('center_axis',(0.,1.,0.));
#7708=DIRECTION('ref_axis',(-1.,0.,0.));
#7709=DIRECTION('',(-1.,0.,0.));
#7710=DIRECTION('',(0.,0.,1.));
#7711=DIRECTION('',(-1.,0.,0.));
#7712=DIRECTION('center_axis',(0.945579695507175,0.32539059519992,0.));
#7713=DIRECTION('ref_axis',(-0.32539059519992,0.945579695507175,0.));
#7714=DIRECTION('',(-0.32539059519992,0.945579695507175,0.));
#7715=DIRECTION('',(0.,0.,1.));
#7716=DIRECTION('',(-0.32539059519992,0.945579695507175,0.));
#7717=DIRECTION('',(0.,0.,1.));
#7718=DIRECTION('',(0.,0.,1.));
#7719=DIRECTION('center_axis',(-0.948408852846127,0.317049913803952,0.));
#7720=DIRECTION('ref_axis',(-0.317049913803952,-0.948408852846127,0.));
#7721=DIRECTION('',(-0.317049913803952,-0.948408852846127,0.));
#7722=DIRECTION('',(0.,0.,1.));
#7723=DIRECTION('',(-0.317049913803952,-0.948408852846127,0.));
#7724=DIRECTION('center_axis',(0.,1.,0.));
#7725=DIRECTION('ref_axis',(-1.,0.,0.));
#7726=DIRECTION('',(-1.,0.,0.));
#7727=DIRECTION('',(0.,0.,1.));
#7728=DIRECTION('',(-1.,0.,0.));
#7729=DIRECTION('center_axis',(1.,0.,0.));
#7730=DIRECTION('ref_axis',(0.,1.,0.));
#7731=DIRECTION('',(0.,1.,0.));
#7732=DIRECTION('',(0.,0.,1.));
#7733=DIRECTION('',(0.,1.,0.));
#7734=DIRECTION('center_axis',(0.,-1.,0.));
#7735=DIRECTION('ref_axis',(1.,0.,0.));
#7736=DIRECTION('',(1.,0.,0.));
#7737=DIRECTION('',(1.,0.,0.));
#7738=DIRECTION('center_axis',(0.,0.,-1.));
#7739=DIRECTION('ref_axis',(1.,0.,0.));
#7740=DIRECTION('center_axis',(0.,0.,1.));
#7741=DIRECTION('ref_axis',(1.,0.,0.));
#7742=DIRECTION('center_axis',(0.,0.,1.));
#7743=DIRECTION('ref_axis',(-0.707106781186548,0.707106781186547,0.));
#7744=DIRECTION('',(1.,0.,0.));
#7745=DIRECTION('center_axis',(0.,0.,1.));
#7746=DIRECTION('ref_axis',(0.707106781186547,0.707106781186547,0.));
#7747=DIRECTION('',(0.,-1.,0.));
#7748=DIRECTION('center_axis',(0.,0.,1.));
#7749=DIRECTION('ref_axis',(0.707106781186547,-0.707106781186547,0.));
#7750=DIRECTION('',(-1.,0.,0.));
#7751=DIRECTION('center_axis',(0.,0.,1.));
#7752=DIRECTION('ref_axis',(-0.707106781186547,-0.707106781186547,0.));
#7753=DIRECTION('',(0.,1.,0.));
#7754=DIRECTION('center_axis',(0.,0.,-1.));
#7755=DIRECTION('ref_axis',(0.,1.,0.));
#7756=DIRECTION('',(0.,1.,0.));
#7757=DIRECTION('center_axis',(0.,0.,-1.));
#7758=DIRECTION('ref_axis',(-1.,0.,0.));
#7759=DIRECTION('',(-1.,0.,0.));
#7760=DIRECTION('center_axis',(0.,0.,-1.));
#7761=DIRECTION('ref_axis',(0.,-1.,0.));
#7762=DIRECTION('',(0.,-1.,0.));
#7763=DIRECTION('center_axis',(0.,0.,-1.));
#7764=DIRECTION('ref_axis',(1.,0.,0.));
#7765=DIRECTION('',(1.,0.,0.));
#7766=DIRECTION('center_axis',(0.,0.,-1.));
#7767=DIRECTION('ref_axis',(1.,0.,0.));
#7768=DIRECTION('center_axis',(0.,0.,-1.));
#7769=DIRECTION('ref_axis',(0.,1.,0.));
#7770=DIRECTION('',(0.,1.,0.));
#7771=DIRECTION('center_axis',(0.,0.,-1.));
#7772=DIRECTION('ref_axis',(-1.,0.,0.));
#7773=DIRECTION('',(-1.,0.,0.));
#7774=DIRECTION('center_axis',(0.,0.,-1.));
#7775=DIRECTION('ref_axis',(0.,-1.,0.));
#7776=DIRECTION('',(0.,-1.,0.));
#7777=DIRECTION('center_axis',(0.,0.,-1.));
#7778=DIRECTION('ref_axis',(1.,0.,0.));
#7779=DIRECTION('',(1.,0.,0.));
#7780=DIRECTION('center_axis',(0.,0.,-1.));
#7781=DIRECTION('ref_axis',(1.,0.,0.));
#7782=DIRECTION('center_axis',(0.,0.,-1.));
#7783=DIRECTION('ref_axis',(1.,0.,0.));
#7784=DIRECTION('center_axis',(0.,0.,-1.));
#7785=DIRECTION('ref_axis',(0.707106781186546,-0.707106781186549,0.));
#7786=DIRECTION('',(0.,-1.,0.));
#7787=DIRECTION('center_axis',(0.,0.,-1.));
#7788=DIRECTION('ref_axis',(0.707106781186546,0.707106781186549,0.));
#7789=DIRECTION('',(1.,0.,0.));
#7790=DIRECTION('center_axis',(0.,0.,-1.));
#7791=DIRECTION('ref_axis',(-0.707106781186548,0.707106781186547,0.));
#7792=DIRECTION('',(0.,1.,0.));
#7793=DIRECTION('center_axis',(0.,0.,-1.));
#7794=DIRECTION('ref_axis',(-0.707106781186548,-0.707106781186548,0.));
#7795=DIRECTION('',(-1.,0.,0.));
#7796=DIRECTION('center_axis',(0.,0.,-1.));
#7797=DIRECTION('ref_axis',(0.,1.,0.));
#7798=DIRECTION('',(0.,1.,0.));
#7799=DIRECTION('center_axis',(0.,0.,-1.));
#7800=DIRECTION('ref_axis',(-1.,0.,0.));
#7801=DIRECTION('',(-1.,0.,0.));
#7802=DIRECTION('center_axis',(0.,0.,-1.));
#7803=DIRECTION('ref_axis',(0.,-1.,0.));
#7804=DIRECTION('',(0.,-1.,0.));
#7805=DIRECTION('center_axis',(0.,0.,-1.));
#7806=DIRECTION('ref_axis',(1.,0.,0.));
#7807=DIRECTION('',(1.,0.,0.));
#7808=DIRECTION('center_axis',(0.,0.,-1.));
#7809=DIRECTION('ref_axis',(0.,1.,0.));
#7810=DIRECTION('',(0.,1.,0.));
#7811=DIRECTION('center_axis',(0.,0.,-1.));
#7812=DIRECTION('ref_axis',(-1.,0.,0.));
#7813=DIRECTION('',(-1.,0.,0.));
#7814=DIRECTION('center_axis',(0.,0.,-1.));
#7815=DIRECTION('ref_axis',(0.,-1.,0.));
#7816=DIRECTION('',(0.,-1.,0.));
#7817=DIRECTION('center_axis',(0.,0.,-1.));
#7818=DIRECTION('ref_axis',(1.,0.,0.));
#7819=DIRECTION('',(1.,0.,0.));
#7820=DIRECTION('center_axis',(0.,0.,-1.));
#7821=DIRECTION('ref_axis',(0.,1.,0.));
#7822=DIRECTION('',(0.,1.,0.));
#7823=DIRECTION('center_axis',(0.,0.,-1.));
#7824=DIRECTION('ref_axis',(-1.,0.,0.));
#7825=DIRECTION('',(-1.,0.,0.));
#7826=DIRECTION('center_axis',(0.,0.,-1.));
#7827=DIRECTION('ref_axis',(0.,-1.,0.));
#7828=DIRECTION('',(0.,-1.,0.));
#7829=DIRECTION('center_axis',(0.,0.,-1.));
#7830=DIRECTION('ref_axis',(1.,0.,0.));
#7831=DIRECTION('',(1.,0.,0.));
#7832=DIRECTION('center_axis',(0.,0.,-1.));
#7833=DIRECTION('ref_axis',(1.,0.,0.));
#7834=DIRECTION('center_axis',(0.,0.,-1.));
#7835=DIRECTION('ref_axis',(1.,0.,0.));
#7836=DIRECTION('center_axis',(0.,0.,-1.));
#7837=DIRECTION('ref_axis',(0.,1.,0.));
#7838=DIRECTION('',(0.,1.,0.));
#7839=DIRECTION('center_axis',(0.,0.,-1.));
#7840=DIRECTION('ref_axis',(-1.,0.,0.));
#7841=DIRECTION('',(-1.,0.,0.));
#7842=DIRECTION('center_axis',(0.,0.,-1.));
#7843=DIRECTION('ref_axis',(0.,-1.,0.));
#7844=DIRECTION('',(0.,-1.,0.));
#7845=DIRECTION('center_axis',(0.,0.,-1.));
#7846=DIRECTION('ref_axis',(1.,0.,0.));
#7847=DIRECTION('',(1.,0.,0.));
#7848=DIRECTION('center_axis',(0.,0.,-1.));
#7849=DIRECTION('ref_axis',(0.,1.,0.));
#7850=DIRECTION('',(0.,1.,0.));
#7851=DIRECTION('center_axis',(0.,0.,-1.));
#7852=DIRECTION('ref_axis',(-1.,0.,0.));
#7853=DIRECTION('',(-1.,0.,0.));
#7854=DIRECTION('center_axis',(0.,0.,-1.));
#7855=DIRECTION('ref_axis',(0.,-1.,0.));
#7856=DIRECTION('',(0.,-1.,0.));
#7857=DIRECTION('center_axis',(0.,0.,-1.));
#7858=DIRECTION('ref_axis',(1.,0.,0.));
#7859=DIRECTION('',(1.,0.,0.));
#7860=DIRECTION('center_axis',(0.,0.,-1.));
#7861=DIRECTION('ref_axis',(0.,1.,0.));
#7862=DIRECTION('',(0.,1.,0.));
#7863=DIRECTION('center_axis',(0.,0.,-1.));
#7864=DIRECTION('ref_axis',(-1.,0.,0.));
#7865=DIRECTION('',(-1.,0.,0.));
#7866=DIRECTION('center_axis',(0.,0.,-1.));
#7867=DIRECTION('ref_axis',(0.,-1.,0.));
#7868=DIRECTION('',(0.,-1.,0.));
#7869=DIRECTION('center_axis',(0.,0.,-1.));
#7870=DIRECTION('ref_axis',(1.,0.,0.));
#7871=DIRECTION('',(1.,0.,0.));
#7872=DIRECTION('center_axis',(0.,0.,-1.));
#7873=DIRECTION('ref_axis',(0.,1.,0.));
#7874=DIRECTION('',(0.,1.,0.));
#7875=DIRECTION('center_axis',(0.,0.,-1.));
#7876=DIRECTION('ref_axis',(-1.,0.,0.));
#7877=DIRECTION('',(-1.,0.,0.));
#7878=DIRECTION('center_axis',(0.,0.,-1.));
#7879=DIRECTION('ref_axis',(0.,-1.,0.));
#7880=DIRECTION('',(0.,-1.,0.));
#7881=DIRECTION('center_axis',(0.,0.,-1.));
#7882=DIRECTION('ref_axis',(1.,0.,0.));
#7883=DIRECTION('',(1.,0.,0.));
#7884=DIRECTION('center_axis',(0.,0.,1.));
#7885=DIRECTION('ref_axis',(1.,0.,0.));
#7886=DIRECTION('center_axis',(0.,0.,1.));
#7887=DIRECTION('ref_axis',(1.,0.,0.));
#7888=DIRECTION('center_axis',(0.,0.,1.));
#7889=DIRECTION('ref_axis',(1.,0.,0.));
#7890=DIRECTION('center_axis',(0.,0.,1.));
#7891=DIRECTION('ref_axis',(1.,0.,0.));
#7892=DIRECTION('center_axis',(0.,0.,1.));
#7893=DIRECTION('ref_axis',(1.,0.,0.));
#7894=DIRECTION('center_axis',(0.,0.,-1.));
#7895=DIRECTION('ref_axis',(-0.707106781186548,0.707106781186547,0.));
#7896=DIRECTION('',(0.,1.,0.));
#7897=DIRECTION('center_axis',(0.,0.,-1.));
#7898=DIRECTION('ref_axis',(-0.707106781186547,-0.707106781186547,0.));
#7899=DIRECTION('',(-1.,0.,0.));
#7900=DIRECTION('center_axis',(0.,0.,-1.));
#7901=DIRECTION('ref_axis',(0.707106781186547,-0.707106781186547,0.));
#7902=DIRECTION('',(0.,-1.,0.));
#7903=DIRECTION('center_axis',(0.,0.,-1.));
#7904=DIRECTION('ref_axis',(0.707106781186547,0.707106781186547,0.));
#7905=DIRECTION('',(1.,0.,0.));
#7906=DIRECTION('center_axis',(0.,0.,1.));
#7907=DIRECTION('ref_axis',(0.,1.,0.));
#7908=DIRECTION('',(-1.,0.,0.));
#7909=DIRECTION('center_axis',(0.,0.,1.));
#7910=DIRECTION('ref_axis',(1.,0.,0.));
#7911=DIRECTION('',(0.,1.,0.));
#7912=DIRECTION('center_axis',(0.,0.,1.));
#7913=DIRECTION('ref_axis',(0.,-1.,0.));
#7914=DIRECTION('',(1.,0.,0.));
#7915=DIRECTION('center_axis',(0.,0.,1.));
#7916=DIRECTION('ref_axis',(-1.,0.,0.));
#7917=DIRECTION('',(0.,-1.,0.));
#7918=DIRECTION('center_axis',(0.,0.,1.));
#7919=DIRECTION('ref_axis',(0.,1.,0.));
#7920=DIRECTION('',(-1.,0.,0.));
#7921=DIRECTION('center_axis',(0.,0.,1.));
#7922=DIRECTION('ref_axis',(1.,0.,0.));
#7923=DIRECTION('',(0.,1.,0.));
#7924=DIRECTION('center_axis',(0.,0.,1.));
#7925=DIRECTION('ref_axis',(0.,-1.,0.));
#7926=DIRECTION('',(1.,0.,0.));
#7927=DIRECTION('center_axis',(0.,0.,1.));
#7928=DIRECTION('ref_axis',(-1.,0.,0.));
#7929=DIRECTION('',(0.,-1.,0.));
#7930=DIRECTION('center_axis',(0.,0.,1.));
#7931=DIRECTION('ref_axis',(0.,1.,0.));
#7932=DIRECTION('',(-1.,0.,0.));
#7933=DIRECTION('center_axis',(0.,0.,1.));
#7934=DIRECTION('ref_axis',(1.,0.,0.));
#7935=DIRECTION('',(0.,1.,0.));
#7936=DIRECTION('center_axis',(0.,0.,1.));
#7937=DIRECTION('ref_axis',(0.,-1.,0.));
#7938=DIRECTION('',(1.,0.,0.));
#7939=DIRECTION('center_axis',(0.,0.,1.));
#7940=DIRECTION('ref_axis',(-1.,0.,0.));
#7941=DIRECTION('',(0.,-1.,0.));
#7942=DIRECTION('center_axis',(0.,0.,1.));
#7943=DIRECTION('ref_axis',(0.,1.,0.));
#7944=DIRECTION('',(-1.,0.,0.));
#7945=DIRECTION('center_axis',(0.,0.,1.));
#7946=DIRECTION('ref_axis',(1.,0.,0.));
#7947=DIRECTION('',(0.,1.,0.));
#7948=DIRECTION('center_axis',(0.,0.,1.));
#7949=DIRECTION('ref_axis',(0.,-1.,0.));
#7950=DIRECTION('',(1.,0.,0.));
#7951=DIRECTION('center_axis',(0.,0.,1.));
#7952=DIRECTION('ref_axis',(-1.,0.,0.));
#7953=DIRECTION('',(0.,-1.,0.));
#7954=DIRECTION('center_axis',(0.,0.,1.));
#7955=DIRECTION('ref_axis',(1.,0.,0.));
#7956=DIRECTION('center_axis',(0.,0.,1.));
#7957=DIRECTION('ref_axis',(1.,0.,0.));
#7958=DIRECTION('center_axis',(0.,0.,1.));
#7959=DIRECTION('ref_axis',(0.,1.,0.));
#7960=DIRECTION('',(-1.,0.,0.));
#7961=DIRECTION('center_axis',(0.,0.,1.));
#7962=DIRECTION('ref_axis',(1.,0.,0.));
#7963=DIRECTION('',(0.,1.,0.));
#7964=DIRECTION('center_axis',(0.,0.,1.));
#7965=DIRECTION('ref_axis',(0.,-1.,0.));
#7966=DIRECTION('',(1.,0.,0.));
#7967=DIRECTION('center_axis',(0.,0.,1.));
#7968=DIRECTION('ref_axis',(-1.,0.,0.));
#7969=DIRECTION('',(0.,-1.,0.));
#7970=DIRECTION('center_axis',(0.,0.,1.));
#7971=DIRECTION('ref_axis',(0.,1.,0.));
#7972=DIRECTION('',(-1.,0.,0.));
#7973=DIRECTION('center_axis',(0.,0.,1.));
#7974=DIRECTION('ref_axis',(1.,0.,0.));
#7975=DIRECTION('',(0.,1.,0.));
#7976=DIRECTION('center_axis',(0.,0.,1.));
#7977=DIRECTION('ref_axis',(0.,-1.,0.));
#7978=DIRECTION('',(1.,0.,0.));
#7979=DIRECTION('center_axis',(0.,0.,1.));
#7980=DIRECTION('ref_axis',(-1.,0.,0.));
#7981=DIRECTION('',(0.,-1.,0.));
#7982=DIRECTION('center_axis',(0.,0.,1.));
#7983=DIRECTION('ref_axis',(0.,1.,0.));
#7984=DIRECTION('',(-1.,0.,0.));
#7985=DIRECTION('center_axis',(0.,0.,1.));
#7986=DIRECTION('ref_axis',(1.,0.,0.));
#7987=DIRECTION('',(0.,1.,0.));
#7988=DIRECTION('center_axis',(0.,0.,1.));
#7989=DIRECTION('ref_axis',(0.,-1.,0.));
#7990=DIRECTION('',(1.,0.,0.));
#7991=DIRECTION('center_axis',(0.,0.,1.));
#7992=DIRECTION('ref_axis',(-1.,0.,0.));
#7993=DIRECTION('',(0.,-1.,0.));
#7994=DIRECTION('',(1.,0.,0.));
#7995=DIRECTION('center_axis',(0.,0.,1.));
#7996=DIRECTION('ref_axis',(-0.707106781186548,-0.707106781186548,0.));
#7997=DIRECTION('',(0.,-1.,0.));
#7998=DIRECTION('center_axis',(0.,0.,1.));
#7999=DIRECTION('ref_axis',(-0.707106781186548,0.707106781186547,0.));
#8000=DIRECTION('',(-1.,0.,0.));
#8001=DIRECTION('center_axis',(0.,0.,1.));
#8002=DIRECTION('ref_axis',(0.707106781186546,0.707106781186549,0.));
#8003=DIRECTION('',(0.,1.,0.));
#8004=DIRECTION('center_axis',(0.,0.,1.));
#8005=DIRECTION('ref_axis',(0.707106781186546,-0.707106781186549,0.));
#8006=DIRECTION('center_axis',(0.,0.,1.));
#8007=DIRECTION('ref_axis',(1.,0.,0.));
#8008=DIRECTION('center_axis',(0.,0.,1.));
#8009=DIRECTION('ref_axis',(1.,0.,0.));
#8010=DIRECTION('center_axis',(0.,0.,1.));
#8011=DIRECTION('ref_axis',(0.,1.,0.));
#8012=DIRECTION('',(-1.,0.,0.));
#8013=DIRECTION('center_axis',(0.,0.,1.));
#8014=DIRECTION('ref_axis',(1.,0.,0.));
#8015=DIRECTION('',(0.,1.,0.));
#8016=DIRECTION('center_axis',(0.,0.,1.));
#8017=DIRECTION('ref_axis',(0.,-1.,0.));
#8018=DIRECTION('',(1.,0.,0.));
#8019=DIRECTION('center_axis',(0.,0.,1.));
#8020=DIRECTION('ref_axis',(-1.,0.,0.));
#8021=DIRECTION('',(0.,-1.,0.));
#8022=DIRECTION('center_axis',(0.,0.,1.));
#8023=DIRECTION('ref_axis',(1.,0.,0.));
#8024=DIRECTION('center_axis',(0.,0.,1.));
#8025=DIRECTION('ref_axis',(0.,1.,0.));
#8026=DIRECTION('',(-1.,0.,0.));
#8027=DIRECTION('center_axis',(0.,0.,1.));
#8028=DIRECTION('ref_axis',(1.,0.,0.));
#8029=DIRECTION('',(0.,1.,0.));
#8030=DIRECTION('center_axis',(0.,0.,1.));
#8031=DIRECTION('ref_axis',(0.,-1.,0.));
#8032=DIRECTION('',(1.,0.,0.));
#8033=DIRECTION('center_axis',(0.,0.,1.));
#8034=DIRECTION('ref_axis',(-1.,0.,0.));
#8035=DIRECTION('',(0.,-1.,0.));
#8036=DIRECTION('center_axis',(-1.,0.,0.));
#8037=DIRECTION('ref_axis',(0.,-1.,0.));
#8038=DIRECTION('',(0.,0.,1.));
#8039=DIRECTION('',(0.,0.,1.));
#8040=DIRECTION('center_axis',(0.,0.,1.));
#8041=DIRECTION('ref_axis',(1.,0.,0.));
#8042=DIRECTION('',(0.,0.,1.));
#8043=DIRECTION('center_axis',(0.,-1.,0.));
#8044=DIRECTION('ref_axis',(1.,0.,0.));
#8045=DIRECTION('',(0.,0.,1.));
#8046=DIRECTION('center_axis',(0.,0.,1.));
#8047=DIRECTION('ref_axis',(0.,1.,0.));
#8048=DIRECTION('',(0.,0.,1.));
#8049=DIRECTION('center_axis',(-1.,0.,0.));
#8050=DIRECTION('ref_axis',(0.,-1.,0.));
#8051=DIRECTION('',(0.,0.,1.));
#8052=DIRECTION('',(0.,0.,1.));
#8053=DIRECTION('center_axis',(0.,0.,1.));
#8054=DIRECTION('ref_axis',(1.,0.,0.));
#8055=DIRECTION('',(0.,0.,1.));
#8056=DIRECTION('center_axis',(0.,-1.,0.));
#8057=DIRECTION('ref_axis',(1.,0.,0.));
#8058=DIRECTION('',(0.,0.,1.));
#8059=DIRECTION('center_axis',(0.,0.,1.));
#8060=DIRECTION('ref_axis',(0.,1.,0.));
#8061=DIRECTION('',(0.,0.,1.));
#8062=DIRECTION('center_axis',(0.,0.,1.));
#8063=DIRECTION('ref_axis',(-0.707106781186548,0.707106781186547,0.));
#8064=DIRECTION('',(0.,0.,-1.));
#8065=DIRECTION('',(0.,0.,1.));
#8066=DIRECTION('center_axis',(1.,0.,0.));
#8067=DIRECTION('ref_axis',(0.,1.,0.));
#8068=DIRECTION('',(0.,0.,1.));
#8069=DIRECTION('center_axis',(0.,0.,1.));
#8070=DIRECTION('ref_axis',(-0.707106781186548,-0.707106781186548,0.));
#8071=DIRECTION('',(0.,0.,-1.));
#8072=DIRECTION('center_axis',(0.,1.,0.));
#8073=DIRECTION('ref_axis',(-1.,0.,0.));
#8074=DIRECTION('',(0.,0.,1.));
#8075=DIRECTION('center_axis',(-1.,0.,0.));
#8076=DIRECTION('ref_axis',(0.,-1.,0.));
#8077=DIRECTION('',(0.,0.,1.));
#8078=DIRECTION('',(0.,0.,1.));
#8079=DIRECTION('center_axis',(0.,0.,1.));
#8080=DIRECTION('ref_axis',(1.,0.,0.));
#8081=DIRECTION('',(0.,0.,1.));
#8082=DIRECTION('center_axis',(0.,-1.,0.));
#8083=DIRECTION('ref_axis',(1.,0.,0.));
#8084=DIRECTION('',(0.,0.,1.));
#8085=DIRECTION('center_axis',(0.,0.,1.));
#8086=DIRECTION('ref_axis',(0.,1.,0.));
#8087=DIRECTION('',(0.,0.,1.));
#8088=DIRECTION('center_axis',(-1.,0.,0.));
#8089=DIRECTION('ref_axis',(0.,-1.,0.));
#8090=DIRECTION('',(0.,0.,1.));
#8091=DIRECTION('',(0.,0.,1.));
#8092=DIRECTION('center_axis',(0.,0.,1.));
#8093=DIRECTION('ref_axis',(1.,0.,0.));
#8094=DIRECTION('',(0.,0.,1.));
#8095=DIRECTION('center_axis',(0.,-1.,0.));
#8096=DIRECTION('ref_axis',(1.,0.,0.));
#8097=DIRECTION('',(0.,0.,1.));
#8098=DIRECTION('center_axis',(0.,0.,1.));
#8099=DIRECTION('ref_axis',(0.,1.,0.));
#8100=DIRECTION('',(0.,0.,1.));
#8101=DIRECTION('center_axis',(-1.,0.,0.));
#8102=DIRECTION('ref_axis',(0.,-1.,0.));
#8103=DIRECTION('',(0.,0.,1.));
#8104=DIRECTION('',(0.,0.,1.));
#8105=DIRECTION('center_axis',(0.,0.,1.));
#8106=DIRECTION('ref_axis',(1.,0.,0.));
#8107=DIRECTION('',(0.,0.,1.));
#8108=DIRECTION('center_axis',(0.,-1.,0.));
#8109=DIRECTION('ref_axis',(1.,0.,0.));
#8110=DIRECTION('',(0.,0.,1.));
#8111=DIRECTION('center_axis',(0.,0.,1.));
#8112=DIRECTION('ref_axis',(0.,1.,0.));
#8113=DIRECTION('',(0.,0.,1.));
#8114=DIRECTION('center_axis',(-1.,0.,0.));
#8115=DIRECTION('ref_axis',(0.,-1.,0.));
#8116=DIRECTION('',(0.,0.,1.));
#8117=DIRECTION('',(0.,0.,1.));
#8118=DIRECTION('center_axis',(0.,0.,1.));
#8119=DIRECTION('ref_axis',(1.,0.,0.));
#8120=DIRECTION('',(0.,0.,1.));
#8121=DIRECTION('center_axis',(0.,-1.,0.));
#8122=DIRECTION('ref_axis',(1.,0.,0.));
#8123=DIRECTION('',(0.,0.,1.));
#8124=DIRECTION('center_axis',(0.,0.,1.));
#8125=DIRECTION('ref_axis',(0.,1.,0.));
#8126=DIRECTION('',(0.,0.,1.));
#8127=DIRECTION('center_axis',(-1.,0.,0.));
#8128=DIRECTION('ref_axis',(0.,-1.,0.));
#8129=DIRECTION('',(0.,0.,1.));
#8130=DIRECTION('',(0.,0.,1.));
#8131=DIRECTION('center_axis',(0.,0.,1.));
#8132=DIRECTION('ref_axis',(1.,0.,0.));
#8133=DIRECTION('',(0.,0.,1.));
#8134=DIRECTION('center_axis',(0.,-1.,0.));
#8135=DIRECTION('ref_axis',(1.,0.,0.));
#8136=DIRECTION('',(0.,0.,1.));
#8137=DIRECTION('center_axis',(0.,0.,1.));
#8138=DIRECTION('ref_axis',(0.,1.,0.));
#8139=DIRECTION('',(0.,0.,1.));
#8140=DIRECTION('center_axis',(-1.,0.,0.));
#8141=DIRECTION('ref_axis',(0.,-1.,0.));
#8142=DIRECTION('',(0.,0.,1.));
#8143=DIRECTION('',(0.,0.,1.));
#8144=DIRECTION('center_axis',(0.,0.,1.));
#8145=DIRECTION('ref_axis',(1.,0.,0.));
#8146=DIRECTION('',(0.,0.,1.));
#8147=DIRECTION('center_axis',(0.,-1.,0.));
#8148=DIRECTION('ref_axis',(1.,0.,0.));
#8149=DIRECTION('',(0.,0.,1.));
#8150=DIRECTION('center_axis',(0.,0.,1.));
#8151=DIRECTION('ref_axis',(0.,1.,0.));
#8152=DIRECTION('',(0.,0.,1.));
#8153=DIRECTION('center_axis',(-1.,0.,0.));
#8154=DIRECTION('ref_axis',(0.,-1.,0.));
#8155=DIRECTION('',(0.,0.,1.));
#8156=DIRECTION('',(0.,0.,1.));
#8157=DIRECTION('center_axis',(0.,0.,1.));
#8158=DIRECTION('ref_axis',(1.,0.,0.));
#8159=DIRECTION('',(0.,0.,1.));
#8160=DIRECTION('center_axis',(0.,-1.,0.));
#8161=DIRECTION('ref_axis',(1.,0.,0.));
#8162=DIRECTION('',(0.,0.,1.));
#8163=DIRECTION('center_axis',(0.,0.,1.));
#8164=DIRECTION('ref_axis',(0.,1.,0.));
#8165=DIRECTION('',(0.,0.,1.));
#8166=DIRECTION('center_axis',(0.,-1.,0.));
#8167=DIRECTION('ref_axis',(1.,0.,0.));
#8168=DIRECTION('',(0.,0.,1.));
#8169=DIRECTION('',(0.,0.,-1.));
#8170=DIRECTION('center_axis',(0.,0.,1.));
#8171=DIRECTION('ref_axis',(-0.707106781186547,-0.707106781186547,0.));
#8172=DIRECTION('',(0.,0.,-1.));
#8173=DIRECTION('center_axis',(-1.,0.,0.));
#8174=DIRECTION('ref_axis',(0.,-1.,0.));
#8175=DIRECTION('',(0.,0.,1.));
#8176=DIRECTION('center_axis',(0.,0.,1.));
#8177=DIRECTION('ref_axis',(-0.707106781186548,0.707106781186547,0.));
#8178=DIRECTION('',(0.,0.,-1.));
#8179=DIRECTION('center_axis',(0.,0.,1.));
#8180=DIRECTION('ref_axis',(0.707106781186546,0.707106781186549,0.));
#8181=DIRECTION('',(0.,0.,-1.));
#8182=DIRECTION('',(0.,0.,1.));
#8183=DIRECTION('center_axis',(-1.,0.,0.));
#8184=DIRECTION('ref_axis',(0.,-1.,0.));
#8185=DIRECTION('',(0.,0.,-1.));
#8186=DIRECTION('center_axis',(0.,-1.,0.));
#8187=DIRECTION('ref_axis',(1.,0.,0.));
#8188=DIRECTION('center_axis',(0.,0.,1.));
#8189=DIRECTION('ref_axis',(0.707106781186546,-0.707106781186549,0.));
#8190=DIRECTION('center_axis',(0.,0.,1.));
#8191=DIRECTION('ref_axis',(1.,0.,0.));
#8192=DIRECTION('center_axis',(0.,0.,1.));
#8193=DIRECTION('ref_axis',(0.707106781186547,-0.707106781186547,0.));
#8194=DIRECTION('',(0.,0.,1.));
#8195=DIRECTION('center_axis',(1.,0.,0.));
#8196=DIRECTION('ref_axis',(0.,1.,0.));
#8197=DIRECTION('',(0.,0.,-1.));
#8198=DIRECTION('center_axis',(0.,0.,1.));
#8199=DIRECTION('ref_axis',(0.707106781186547,0.707106781186547,0.));
#8200=DIRECTION('',(0.,0.,1.));
#8201=DIRECTION('center_axis',(1.,0.,0.));
#8202=DIRECTION('ref_axis',(0.,1.,0.));
#8203=DIRECTION('',(0.,0.,1.));
#8204=DIRECTION('center_axis',(0.,0.,1.));
#8205=DIRECTION('ref_axis',(-1.,0.,0.));
#8206=DIRECTION('',(0.,0.,1.));
#8207=DIRECTION('center_axis',(0.,1.,0.));
#8208=DIRECTION('ref_axis',(-1.,0.,0.));
#8209=DIRECTION('',(0.,0.,1.));
#8210=DIRECTION('center_axis',(0.,0.,1.));
#8211=DIRECTION('ref_axis',(0.,-1.,0.));
#8212=DIRECTION('center_axis',(0.,0.,1.));
#8213=DIRECTION('ref_axis',(1.,0.,0.));
#8214=DIRECTION('',(0.,0.,-1.));
#8215=DIRECTION('center_axis',(1.,0.,0.));
#8216=DIRECTION('ref_axis',(0.,1.,0.));
#8217=DIRECTION('',(0.,0.,1.));
#8218=DIRECTION('center_axis',(0.,0.,1.));
#8219=DIRECTION('ref_axis',(-1.,0.,0.));
#8220=DIRECTION('',(0.,0.,1.));
#8221=DIRECTION('center_axis',(0.,1.,0.));
#8222=DIRECTION('ref_axis',(-1.,0.,0.));
#8223=DIRECTION('',(0.,0.,1.));
#8224=DIRECTION('center_axis',(0.,0.,1.));
#8225=DIRECTION('ref_axis',(0.,-1.,0.));
#8226=DIRECTION('center_axis',(0.,0.,1.));
#8227=DIRECTION('ref_axis',(1.,0.,0.));
#8228=DIRECTION('',(0.,0.,-1.));
#8229=DIRECTION('center_axis',(0.,0.,1.));
#8230=DIRECTION('ref_axis',(1.,0.,0.));
#8231=DIRECTION('',(0.,0.,-1.));
#8232=DIRECTION('center_axis',(1.,0.,0.));
#8233=DIRECTION('ref_axis',(0.,1.,0.));
#8234=DIRECTION('',(0.,0.,1.));
#8235=DIRECTION('center_axis',(0.,0.,1.));
#8236=DIRECTION('ref_axis',(-1.,0.,0.));
#8237=DIRECTION('',(0.,0.,1.));
#8238=DIRECTION('center_axis',(0.,1.,0.));
#8239=DIRECTION('ref_axis',(-1.,0.,0.));
#8240=DIRECTION('',(0.,0.,1.));
#8241=DIRECTION('center_axis',(0.,0.,1.));
#8242=DIRECTION('ref_axis',(0.,-1.,0.));
#8243=DIRECTION('center_axis',(1.,0.,0.));
#8244=DIRECTION('ref_axis',(0.,1.,0.));
#8245=DIRECTION('',(0.,0.,1.));
#8246=DIRECTION('center_axis',(0.,0.,1.));
#8247=DIRECTION('ref_axis',(-1.,0.,0.));
#8248=DIRECTION('',(0.,0.,1.));
#8249=DIRECTION('center_axis',(0.,1.,0.));
#8250=DIRECTION('ref_axis',(-1.,0.,0.));
#8251=DIRECTION('',(0.,0.,1.));
#8252=DIRECTION('center_axis',(0.,0.,1.));
#8253=DIRECTION('ref_axis',(0.,-1.,0.));
#8254=DIRECTION('center_axis',(1.,0.,0.));
#8255=DIRECTION('ref_axis',(0.,1.,0.));
#8256=DIRECTION('',(0.,0.,1.));
#8257=DIRECTION('center_axis',(0.,0.,1.));
#8258=DIRECTION('ref_axis',(-1.,0.,0.));
#8259=DIRECTION('',(0.,0.,1.));
#8260=DIRECTION('center_axis',(0.,1.,0.));
#8261=DIRECTION('ref_axis',(-1.,0.,0.));
#8262=DIRECTION('',(0.,0.,1.));
#8263=DIRECTION('center_axis',(0.,0.,1.));
#8264=DIRECTION('ref_axis',(0.,-1.,0.));
#8265=DIRECTION('center_axis',(0.,0.,1.));
#8266=DIRECTION('ref_axis',(1.,0.,0.));
#8267=DIRECTION('',(0.,0.,-1.));
#8268=DIRECTION('center_axis',(0.,0.,1.));
#8269=DIRECTION('ref_axis',(1.,0.,0.));
#8270=DIRECTION('',(0.,0.,-1.));
#8271=DIRECTION('center_axis',(1.,0.,0.));
#8272=DIRECTION('ref_axis',(0.,1.,0.));
#8273=DIRECTION('',(0.,0.,1.));
#8274=DIRECTION('center_axis',(0.,0.,1.));
#8275=DIRECTION('ref_axis',(-1.,0.,0.));
#8276=DIRECTION('',(0.,0.,1.));
#8277=DIRECTION('center_axis',(0.,1.,0.));
#8278=DIRECTION('ref_axis',(-1.,0.,0.));
#8279=DIRECTION('',(0.,0.,1.));
#8280=DIRECTION('center_axis',(0.,0.,1.));
#8281=DIRECTION('ref_axis',(0.,-1.,0.));
#8282=DIRECTION('center_axis',(1.,0.,0.));
#8283=DIRECTION('ref_axis',(0.,1.,0.));
#8284=DIRECTION('',(0.,0.,1.));
#8285=DIRECTION('center_axis',(0.,0.,1.));
#8286=DIRECTION('ref_axis',(-1.,0.,0.));
#8287=DIRECTION('',(0.,0.,1.));
#8288=DIRECTION('center_axis',(0.,1.,0.));
#8289=DIRECTION('ref_axis',(-1.,0.,0.));
#8290=DIRECTION('',(0.,0.,1.));
#8291=DIRECTION('center_axis',(0.,0.,1.));
#8292=DIRECTION('ref_axis',(0.,-1.,0.));
#8293=DIRECTION('center_axis',(1.,0.,0.));
#8294=DIRECTION('ref_axis',(0.,1.,0.));
#8295=DIRECTION('',(0.,0.,1.));
#8296=DIRECTION('center_axis',(0.,0.,1.));
#8297=DIRECTION('ref_axis',(-1.,0.,0.));
#8298=DIRECTION('',(0.,0.,1.));
#8299=DIRECTION('center_axis',(0.,1.,0.));
#8300=DIRECTION('ref_axis',(-1.,0.,0.));
#8301=DIRECTION('',(0.,0.,1.));
#8302=DIRECTION('center_axis',(0.,0.,1.));
#8303=DIRECTION('ref_axis',(0.,-1.,0.));
#8304=DIRECTION('center_axis',(1.,0.,0.));
#8305=DIRECTION('ref_axis',(0.,1.,0.));
#8306=DIRECTION('',(0.,0.,1.));
#8307=DIRECTION('center_axis',(0.,0.,1.));
#8308=DIRECTION('ref_axis',(-1.,0.,0.));
#8309=DIRECTION('',(0.,0.,1.));
#8310=DIRECTION('center_axis',(0.,1.,0.));
#8311=DIRECTION('ref_axis',(-1.,0.,0.));
#8312=DIRECTION('',(0.,0.,1.));
#8313=DIRECTION('center_axis',(0.,0.,1.));
#8314=DIRECTION('ref_axis',(0.,-1.,0.));
#8315=DIRECTION('center_axis',(0.,1.,0.));
#8316=DIRECTION('ref_axis',(-1.,0.,0.));
#8317=DIRECTION('',(0.,0.,1.));
#8318=DIRECTION('',(1.,0.,0.));
#8319=DIRECTION('',(0.,0.,1.));
#8320=DIRECTION('',(1.,0.,0.));
#8321=DIRECTION('',(-2.41223205700623E-16,-4.9204150280271E-17,1.));
#8322=DIRECTION('',(1.,-1.66533453693774E-16,3.4694469519536E-18));
#8323=DIRECTION('center_axis',(0.,0.,1.));
#8324=DIRECTION('ref_axis',(1.,0.,0.));
#8325=CARTESIAN_POINT('',(0.,0.,0.));
#8326=CARTESIAN_POINT('',(0.,0.,0.));
#8327=CARTESIAN_POINT('Origin',(-95.,35.,0.));
#8328=CARTESIAN_POINT('',(-100.,35.,13.));
#8329=CARTESIAN_POINT('',(-95.,40.,13.));
#8330=CARTESIAN_POINT('Origin',(-95.,35.,13.));
#8331=CARTESIAN_POINT('',(-95.,40.,0.));
#8332=CARTESIAN_POINT('',(-95.,40.,0.));
#8333=CARTESIAN_POINT('',(-100.,35.,0.));
#8334=CARTESIAN_POINT('Origin',(-95.,35.,0.));
#8335=CARTESIAN_POINT('',(-100.,35.,0.));
#8336=CARTESIAN_POINT('Origin',(-95.0000014156103,35.0000005215406,13.));
#8337=CARTESIAN_POINT('',(-100.,-53.,13.));
#8338=CARTESIAN_POINT('',(-100.,-58.,13.));
#8339=CARTESIAN_POINT('',(-95.,-58.,13.));
#8340=CARTESIAN_POINT('Origin',(-95.,-53.,13.));
#8341=CARTESIAN_POINT('',(0.,-58.,13.));
#8342=CARTESIAN_POINT('',(5.,-58.,13.));
#8343=CARTESIAN_POINT('',(5.,-53.,13.));
#8344=CARTESIAN_POINT('Origin',(0.,-53.,13.));
#8345=CARTESIAN_POINT('',(5.,35.,13.));
#8346=CARTESIAN_POINT('',(5.,40.,13.));
#8347=CARTESIAN_POINT('',(0.,40.,13.));
#8348=CARTESIAN_POINT('Origin',(0.,35.,13.));
#8349=CARTESIAN_POINT('',(-9.2,40.,13.));
#8350=CARTESIAN_POINT('',(-100.,40.,13.));
#8351=CARTESIAN_POINT('',(-9.2,30.,13.));
#8352=CARTESIAN_POINT('',(-9.2,37.5000002607703,13.));
#8353=CARTESIAN_POINT('',(-5.,30.,13.));
#8354=CARTESIAN_POINT('',(-90.,30.,13.));
#8355=CARTESIAN_POINT('',(-5.,-48.,13.));
#8356=CARTESIAN_POINT('',(-5.,30.,13.));
#8357=CARTESIAN_POINT('',(-90.,-48.,13.));
#8358=CARTESIAN_POINT('',(-5.,-48.,13.));
#8359=CARTESIAN_POINT('',(-90.,30.,13.));
#8360=CARTESIAN_POINT('',(-90.,-48.,13.));
#8361=CARTESIAN_POINT('',(-27.2,30.,13.));
#8362=CARTESIAN_POINT('',(-90.,30.,13.));
#8363=CARTESIAN_POINT('',(-27.2,40.,13.));
#8364=CARTESIAN_POINT('',(-27.2,32.5000002607703,13.));
#8365=CARTESIAN_POINT('',(-100.,40.,13.));
#8366=CARTESIAN_POINT('',(-96.7000014156103,35.0000005215406,13.));
#8367=CARTESIAN_POINT('Origin',(-95.0000014156103,35.0000005215406,13.));
#8368=CARTESIAN_POINT('',(-96.7,-53.,13.));
#8369=CARTESIAN_POINT('Origin',(-95.,-53.,13.));
#8370=CARTESIAN_POINT('',(-1.7,-53.0000007897615,13.));
#8371=CARTESIAN_POINT('Origin',(0.,-53.0000007897615,13.));
#8372=CARTESIAN_POINT('',(-1.7,35.0000005215406,13.));
#8373=CARTESIAN_POINT('Origin',(0.,35.0000005215406,13.));
#8374=CARTESIAN_POINT('Origin',(-100.,40.,0.));
#8375=CARTESIAN_POINT('',(-100.,-53.,0.));
#8376=CARTESIAN_POINT('',(-100.,-58.,0.));
#8377=CARTESIAN_POINT('',(-100.,-53.,0.));
#8378=CARTESIAN_POINT('Origin',(-95.,-53.,0.));
#8379=CARTESIAN_POINT('',(-95.,-58.,0.));
#8380=CARTESIAN_POINT('Origin',(-95.,-53.,0.));
#8381=CARTESIAN_POINT('',(-95.,-58.,0.));
#8382=CARTESIAN_POINT('Origin',(0.,35.,0.));
#8383=CARTESIAN_POINT('',(5.,35.,0.));
#8384=CARTESIAN_POINT('',(5.,35.,0.));
#8385=CARTESIAN_POINT('',(0.,40.,0.));
#8386=CARTESIAN_POINT('Origin',(0.,35.,0.));
#8387=CARTESIAN_POINT('',(0.,40.,0.));
#8388=CARTESIAN_POINT('Origin',(5.,-58.,0.));
#8389=CARTESIAN_POINT('',(5.,-53.,0.));
#8390=CARTESIAN_POINT('',(5.,-53.,0.));
#8391=CARTESIAN_POINT('',(5.,40.,0.));
#8392=CARTESIAN_POINT('Origin',(0.,-53.,0.));
#8393=CARTESIAN_POINT('',(0.,-58.,0.));
#8394=CARTESIAN_POINT('',(0.,-58.,0.));
#8395=CARTESIAN_POINT('Origin',(0.,-53.,0.));
#8396=CARTESIAN_POINT('Origin',(-100.,-58.,0.));
#8397=CARTESIAN_POINT('',(5.,-58.,0.));
#8398=CARTESIAN_POINT('Origin',(-9.2,40.,13.));
#8399=CARTESIAN_POINT('',(-9.2,40.,5.5));
#8400=CARTESIAN_POINT('',(-9.2,40.,6.5));
#8401=CARTESIAN_POINT('',(-9.2,30.,5.5));
#8402=CARTESIAN_POINT('',(-9.2,40.,5.5));
#8403=CARTESIAN_POINT('',(-9.2,30.,6.5));
#8404=CARTESIAN_POINT('Origin',(-27.2,30.,13.));
#8405=CARTESIAN_POINT('',(-27.2,30.,5.5));
#8406=CARTESIAN_POINT('',(-27.2,30.,6.5));
#8407=CARTESIAN_POINT('',(-27.2,40.,5.5));
#8408=CARTESIAN_POINT('',(-27.2,30.,5.5));
#8409=CARTESIAN_POINT('',(-27.2,40.,6.5));
#8410=CARTESIAN_POINT('Origin',(-18.2,35.,5.5));
#8411=CARTESIAN_POINT('',(-54.1,30.,5.5));
#8412=CARTESIAN_POINT('',(-6.6,40.,5.5));
#8413=CARTESIAN_POINT('Origin',(-90.,30.,0.));
#8414=CARTESIAN_POINT('',(-90.,30.,3.));
#8415=CARTESIAN_POINT('',(-90.,30.,0.));
#8416=CARTESIAN_POINT('',(-5.,30.,3.));
#8417=CARTESIAN_POINT('',(-68.75,30.,3.));
#8418=CARTESIAN_POINT('',(-5.,30.,0.));
#8419=CARTESIAN_POINT('Origin',(-47.5,-9.,3.));
#8420=CARTESIAN_POINT('',(-5.,-48.,3.));
#8421=CARTESIAN_POINT('',(-90.,-48.,3.));
#8422=CARTESIAN_POINT('',(-26.25,-48.,3.));
#8423=CARTESIAN_POINT('',(-5.,10.5,3.));
#8424=CARTESIAN_POINT('',(-90.,-28.5,3.));
#8425=CARTESIAN_POINT('Origin',(-5.,30.,0.));
#8426=CARTESIAN_POINT('',(-5.,-48.,0.));
#8427=CARTESIAN_POINT('Origin',(-95.0000014156103,35.0000005215406,0.));
#8428=CARTESIAN_POINT('',(-98.0000014156103,35.0000005215406,3.1));
#8429=CARTESIAN_POINT('Origin',(-95.0000014156103,35.0000005215406,3.1));
#8430=CARTESIAN_POINT('',(-98.0000014156103,35.0000005215406,0.));
#8431=CARTESIAN_POINT('',(-98.0000014156103,35.0000005215406,0.));
#8432=CARTESIAN_POINT('Origin',(-95.0000014156103,35.0000005215406,0.));
#8433=CARTESIAN_POINT('Origin',(0.,35.0000005215406,0.));
#8434=CARTESIAN_POINT('',(-3.00000000000001,35.0000005215406,3.1));
#8435=CARTESIAN_POINT('Origin',(0.,35.0000005215406,3.1));
#8436=CARTESIAN_POINT('',(-3.00000000000001,35.0000005215406,0.));
#8437=CARTESIAN_POINT('',(-3.,35.0000005215406,0.));
#8438=CARTESIAN_POINT('Origin',(0.,35.0000005215406,0.));
#8439=CARTESIAN_POINT('Origin',(-95.,-53.,0.));
#8440=CARTESIAN_POINT('',(-98.,-53.,3.1));
#8441=CARTESIAN_POINT('Origin',(-95.,-53.,3.1));
#8442=CARTESIAN_POINT('',(-98.,-53.,0.));
#8443=CARTESIAN_POINT('',(-98.,-53.,0.));
#8444=CARTESIAN_POINT('Origin',(-95.,-53.,0.));
#8445=CARTESIAN_POINT('Origin',(0.,-53.0000007897615,0.));
#8446=CARTESIAN_POINT('',(-3.00000000000001,-53.0000007897615,3.1));
#8447=CARTESIAN_POINT('Origin',(0.,-53.0000007897615,3.1));
#8448=CARTESIAN_POINT('',(-3.00000000000001,-53.0000007897615,0.));
#8449=CARTESIAN_POINT('',(-3.,-53.0000007897615,0.));
#8450=CARTESIAN_POINT('Origin',(0.,-53.0000007897615,0.));
#8451=CARTESIAN_POINT('Origin',(-90.,-48.,0.));
#8452=CARTESIAN_POINT('',(-90.,-48.,0.));
#8453=CARTESIAN_POINT('Origin',(-5.,-48.,0.));
#8454=CARTESIAN_POINT('Origin',(5.,40.,0.));
#8455=CARTESIAN_POINT('',(-100.,40.,0.));
#8456=CARTESIAN_POINT('Origin',(-47.5,-8.99999999999999,0.));
#8457=CARTESIAN_POINT('Origin',(0.,-53.0000007897615,3.1));
#8458=CARTESIAN_POINT('',(-1.7,-53.0000007897615,3.1));
#8459=CARTESIAN_POINT('',(-1.7,-53.0000007897615,3.1));
#8460=CARTESIAN_POINT('Origin',(0.,-53.0000007897615,3.1));
#8461=CARTESIAN_POINT('Origin',(0.,-53.0000007897615,3.1));
#8462=CARTESIAN_POINT('Origin',(-95.,-53.,3.1));
#8463=CARTESIAN_POINT('',(-96.7,-53.,3.1));
#8464=CARTESIAN_POINT('',(-96.7,-53.,3.1));
#8465=CARTESIAN_POINT('Origin',(-95.,-53.,3.1));
#8466=CARTESIAN_POINT('Origin',(-95.,-53.,3.1));
#8467=CARTESIAN_POINT('Origin',(0.,35.0000005215406,3.1));
#8468=CARTESIAN_POINT('',(-1.7,35.0000005215406,3.1));
#8469=CARTESIAN_POINT('',(-1.7,35.0000005215406,3.1));
#8470=CARTESIAN_POINT('Origin',(0.,35.0000005215406,3.1));
#8471=CARTESIAN_POINT('Origin',(0.,35.0000005215406,3.1));
#8472=CARTESIAN_POINT('Origin',(-95.0000014156103,35.0000005215406,3.1));
#8473=CARTESIAN_POINT('',(-96.7000014156103,35.0000005215406,3.1));
#8474=CARTESIAN_POINT('',(-96.7000014156103,35.0000005215406,3.1));
#8475=CARTESIAN_POINT('Origin',(-95.0000014156103,35.0000005215406,3.1));
#8476=CARTESIAN_POINT('Origin',(-95.0000014156103,35.0000005215406,3.1));
#8477=CARTESIAN_POINT('',(0.,0.,0.));
#8478=CARTESIAN_POINT('',(0.,0.,0.));
#8479=CARTESIAN_POINT('Ctrl Pts',(71.3612201270517,-5.28372299154394,0.));
#8480=CARTESIAN_POINT('Ctrl Pts',(71.3612201270517,-5.28372299154394,0.2));
#8481=CARTESIAN_POINT('Ctrl Pts',(71.4065935457747,-5.30848292223593,0.));
#8482=CARTESIAN_POINT('Ctrl Pts',(71.4065935457747,-5.30848292223593,0.2));
#8483=CARTESIAN_POINT('Ctrl Pts',(71.5009110176497,-5.35995125176445,0.));
#8484=CARTESIAN_POINT('Ctrl Pts',(71.5009110176497,-5.35995125176445,0.2));
#8485=CARTESIAN_POINT('Ctrl Pts',(71.6083380529593,-5.36567662718418,0.));
#8486=CARTESIAN_POINT('Ctrl Pts',(71.6083380529593,-5.36567662718418,0.2));
#8487=CARTESIAN_POINT('Ctrl Pts',(71.6640850362238,-5.36864768941992,0.));
#8488=CARTESIAN_POINT('Ctrl Pts',(71.6640850362238,-5.36864768941992,0.2));
#8489=CARTESIAN_POINT('',(71.3612201270517,-5.28372299154394,0.));
#8490=CARTESIAN_POINT('',(71.6640850362238,-5.36864768941992,0.));
#8491=CARTESIAN_POINT('Ctrl Pts',(71.3612201270517,-5.28372299154394,0.));
#8492=CARTESIAN_POINT('Ctrl Pts',(71.4065935457747,-5.30848292223593,0.));
#8493=CARTESIAN_POINT('Ctrl Pts',(71.5009110176497,-5.35995125176445,0.));
#8494=CARTESIAN_POINT('Ctrl Pts',(71.6083380529593,-5.36567662718418,0.));
#8495=CARTESIAN_POINT('Ctrl Pts',(71.6640850362238,-5.36864768941992,0.));
#8496=CARTESIAN_POINT('',(71.3612201270517,-5.28372299154394,0.2));
#8497=CARTESIAN_POINT('',(71.3612201270517,-5.28372299154394,0.));
#8498=CARTESIAN_POINT('',(71.6640850362238,-5.36864768941992,0.2));
#8499=CARTESIAN_POINT('Ctrl Pts',(71.3612201270517,-5.28372299154394,0.2));
#8500=CARTESIAN_POINT('Ctrl Pts',(71.4065935457747,-5.30848292223593,0.2));
#8501=CARTESIAN_POINT('Ctrl Pts',(71.5009110176497,-5.35995125176445,0.2));
#8502=CARTESIAN_POINT('Ctrl Pts',(71.6083380529593,-5.36567662718418,0.2));
#8503=CARTESIAN_POINT('Ctrl Pts',(71.6640850362238,-5.36864768941992,0.2));
#8504=CARTESIAN_POINT('',(71.6640850362238,-5.36864768941992,0.));
#8505=CARTESIAN_POINT('Ctrl Pts',(71.1361178216394,-5.01666974504583,0.));
#8506=CARTESIAN_POINT('Ctrl Pts',(71.1361178216394,-5.01666974504583,0.2));
#8507=CARTESIAN_POINT('Ctrl Pts',(71.1681183337265,-5.07196821953046,0.));
#8508=CARTESIAN_POINT('Ctrl Pts',(71.1681183337265,-5.07196821953046,0.2));
#8509=CARTESIAN_POINT('Ctrl Pts',(71.2274443455294,-5.17448651489493,0.));
#8510=CARTESIAN_POINT('Ctrl Pts',(71.2274443455294,-5.17448651489493,0.2));
#8511=CARTESIAN_POINT('Ctrl Pts',(71.3190340183976,-5.24927533726401,0.));
#8512=CARTESIAN_POINT('Ctrl Pts',(71.3190340183976,-5.24927533726401,0.2));
#8513=CARTESIAN_POINT('Ctrl Pts',(71.3612201270517,-5.28372299154394,0.));
#8514=CARTESIAN_POINT('Ctrl Pts',(71.3612201270517,-5.28372299154394,0.2));
#8515=CARTESIAN_POINT('',(71.1361178216394,-5.01666974504583,0.));
#8516=CARTESIAN_POINT('Ctrl Pts',(71.1361178216394,-5.01666974504583,0.));
#8517=CARTESIAN_POINT('Ctrl Pts',(71.1681183337265,-5.07196821953046,0.));
#8518=CARTESIAN_POINT('Ctrl Pts',(71.2274443455294,-5.17448651489493,0.));
#8519=CARTESIAN_POINT('Ctrl Pts',(71.3190340183976,-5.24927533726401,0.));
#8520=CARTESIAN_POINT('Ctrl Pts',(71.3612201270517,-5.28372299154394,0.));
#8521=CARTESIAN_POINT('',(71.1361178216394,-5.01666974504583,0.2));
#8522=CARTESIAN_POINT('',(71.1361178216394,-5.01666974504583,0.));
#8523=CARTESIAN_POINT('Ctrl Pts',(71.1361178216394,-5.01666974504583,0.2));
#8524=CARTESIAN_POINT('Ctrl Pts',(71.1681183337265,-5.07196821953046,0.2));
#8525=CARTESIAN_POINT('Ctrl Pts',(71.2274443455294,-5.17448651489493,0.2));
#8526=CARTESIAN_POINT('Ctrl Pts',(71.3190340183976,-5.24927533726401,0.2));
#8527=CARTESIAN_POINT('Ctrl Pts',(71.3612201270517,-5.28372299154394,0.2));
#8528=CARTESIAN_POINT('Ctrl Pts',(70.9294330534395,-4.52349078138464,0.));
#8529=CARTESIAN_POINT('Ctrl Pts',(70.9294330534395,-4.52349078138464,0.2));
#8530=CARTESIAN_POINT('Ctrl Pts',(70.9669639225086,-4.62507005940696,0.));
#8531=CARTESIAN_POINT('Ctrl Pts',(70.9669639225086,-4.62507005940696,0.2));
#8532=CARTESIAN_POINT('Ctrl Pts',(71.0288138764979,-4.792470224332,0.));
#8533=CARTESIAN_POINT('Ctrl Pts',(71.0288138764979,-4.792470224332,0.2));
#8534=CARTESIAN_POINT('Ctrl Pts',(71.1058339309614,-4.95339496268422,0.));
#8535=CARTESIAN_POINT('Ctrl Pts',(71.1058339309614,-4.95339496268422,0.2));
#8536=CARTESIAN_POINT('Ctrl Pts',(71.1361178216394,-5.01666974504583,0.));
#8537=CARTESIAN_POINT('Ctrl Pts',(71.1361178216394,-5.01666974504583,0.2));
#8538=CARTESIAN_POINT('',(70.9294330534395,-4.52349078138464,0.));
#8539=CARTESIAN_POINT('Ctrl Pts',(70.9294330534395,-4.52349078138464,0.));
#8540=CARTESIAN_POINT('Ctrl Pts',(70.9669639225086,-4.62507005940696,0.));
#8541=CARTESIAN_POINT('Ctrl Pts',(71.0288138764979,-4.792470224332,0.));
#8542=CARTESIAN_POINT('Ctrl Pts',(71.1058339309614,-4.95339496268422,0.));
#8543=CARTESIAN_POINT('Ctrl Pts',(71.1361178216394,-5.01666974504583,0.));
#8544=CARTESIAN_POINT('',(70.9294330534395,-4.52349078138464,0.2));
#8545=CARTESIAN_POINT('',(70.9294330534395,-4.52349078138464,0.));
#8546=CARTESIAN_POINT('Ctrl Pts',(70.9294330534395,-4.52349078138464,0.2));
#8547=CARTESIAN_POINT('Ctrl Pts',(70.9669639225086,-4.62507005940696,0.2));
#8548=CARTESIAN_POINT('Ctrl Pts',(71.0288138764979,-4.792470224332,0.2));
#8549=CARTESIAN_POINT('Ctrl Pts',(71.1058339309614,-4.95339496268422,0.2));
#8550=CARTESIAN_POINT('Ctrl Pts',(71.1361178216394,-5.01666974504583,0.2));
#8551=CARTESIAN_POINT('Origin',(70.1026936826166,-2.31339540560835,0.));
#8552=CARTESIAN_POINT('',(70.1026936826166,-2.31339540560835,0.));
#8553=CARTESIAN_POINT('',(74.2455496723503,-13.3883571027922,0.));
#8554=CARTESIAN_POINT('',(70.1026936826166,-2.31339540560835,0.2));
#8555=CARTESIAN_POINT('',(70.1026936826166,-2.31339540560835,0.));
#8556=CARTESIAN_POINT('',(70.1026936826166,-2.31339540560835,0.2));
#8557=CARTESIAN_POINT('Origin',(70.4710426387247,-2.31339540560835,0.));
#8558=CARTESIAN_POINT('',(70.4710426387247,-2.31339540560835,0.));
#8559=CARTESIAN_POINT('',(55.7480213193623,-2.31339540560835,0.));
#8560=CARTESIAN_POINT('',(70.4710426387247,-2.31339540560835,0.2));
#8561=CARTESIAN_POINT('',(70.4710426387247,-2.31339540560835,0.));
#8562=CARTESIAN_POINT('',(70.4710426387247,-2.31339540560835,0.2));
#8563=CARTESIAN_POINT('Origin',(70.9355720338281,-3.58010750492208,0.));
#8564=CARTESIAN_POINT('',(70.9355720338281,-3.58010750492208,0.));
#8565=CARTESIAN_POINT('',(74.7969518466944,-14.1095951553519,0.));
#8566=CARTESIAN_POINT('',(70.9355720338281,-3.58010750492208,0.2));
#8567=CARTESIAN_POINT('',(70.9355720338281,-3.58010750492208,0.));
#8568=CARTESIAN_POINT('',(70.9355720338281,-3.58010750492208,0.2));
#8569=CARTESIAN_POINT('Ctrl Pts',(71.0870044884142,-4.07533269603842,0.));
#8570=CARTESIAN_POINT('Ctrl Pts',(71.0870044884142,-4.07533269603842,0.2));
#8571=CARTESIAN_POINT('Ctrl Pts',(71.0649005097576,-3.99143913141531,0.));
#8572=CARTESIAN_POINT('Ctrl Pts',(71.0649005097576,-3.99143913141531,0.2));
#8573=CARTESIAN_POINT('Ctrl Pts',(71.0208861852373,-3.82438691715737,0.));
#8574=CARTESIAN_POINT('Ctrl Pts',(71.0208861852373,-3.82438691715737,0.2));
#8575=CARTESIAN_POINT('Ctrl Pts',(70.9639265565517,-3.66129481125657,0.));
#8576=CARTESIAN_POINT('Ctrl Pts',(70.9639265565517,-3.66129481125657,0.2));
#8577=CARTESIAN_POINT('Ctrl Pts',(70.9355720338281,-3.58010750492208,0.));
#8578=CARTESIAN_POINT('Ctrl Pts',(70.9355720338281,-3.58010750492208,0.2));
#8579=CARTESIAN_POINT('',(71.0870044884142,-4.07533269603842,0.));
#8580=CARTESIAN_POINT('Ctrl Pts',(71.0870044884142,-4.07533269603842,0.));
#8581=CARTESIAN_POINT('Ctrl Pts',(71.0649005097576,-3.99143913141531,0.));
#8582=CARTESIAN_POINT('Ctrl Pts',(71.0208861852373,-3.82438691715737,0.));
#8583=CARTESIAN_POINT('Ctrl Pts',(70.9639265565517,-3.66129481125657,0.));
#8584=CARTESIAN_POINT('Ctrl Pts',(70.9355720338281,-3.58010750492208,0.));
#8585=CARTESIAN_POINT('',(71.0870044884142,-4.07533269603842,0.2));
#8586=CARTESIAN_POINT('',(71.0870044884142,-4.07533269603842,0.));
#8587=CARTESIAN_POINT('Ctrl Pts',(71.0870044884142,-4.07533269603842,0.2));
#8588=CARTESIAN_POINT('Ctrl Pts',(71.0649005097576,-3.99143913141531,0.2));
#8589=CARTESIAN_POINT('Ctrl Pts',(71.0208861852373,-3.82438691715737,0.2));
#8590=CARTESIAN_POINT('Ctrl Pts',(70.9639265565517,-3.66129481125657,0.2));
#8591=CARTESIAN_POINT('Ctrl Pts',(70.9355720338281,-3.58010750492208,0.2));
#8592=CARTESIAN_POINT('Ctrl Pts',(71.2445762214121,-3.57192199905508,0.));
#8593=CARTESIAN_POINT('Ctrl Pts',(71.2445762214121,-3.57192199905508,0.2));
#8594=CARTESIAN_POINT('Ctrl Pts',(71.2158219772997,-3.65347735298072,0.));
#8595=CARTESIAN_POINT('Ctrl Pts',(71.2158219772997,-3.65347735298072,0.2));
#8596=CARTESIAN_POINT('Ctrl Pts',(71.1573196137241,-3.81940697882109,0.));
#8597=CARTESIAN_POINT('Ctrl Pts',(71.1573196137241,-3.81940697882109,0.2));
#8598=CARTESIAN_POINT('Ctrl Pts',(71.1107068260758,-3.98906338002642,0.));
#8599=CARTESIAN_POINT('Ctrl Pts',(71.1107068260758,-3.98906338002642,0.2));
#8600=CARTESIAN_POINT('Ctrl Pts',(71.0870044884142,-4.07533269603842,0.));
#8601=CARTESIAN_POINT('Ctrl Pts',(71.0870044884142,-4.07533269603842,0.2));
#8602=CARTESIAN_POINT('',(71.2445762214121,-3.57192199905508,0.));
#8603=CARTESIAN_POINT('Ctrl Pts',(71.2445762214121,-3.57192199905508,0.));
#8604=CARTESIAN_POINT('Ctrl Pts',(71.2158219772997,-3.65347735298072,0.));
#8605=CARTESIAN_POINT('Ctrl Pts',(71.1573196137241,-3.81940697882109,0.));
#8606=CARTESIAN_POINT('Ctrl Pts',(71.1107068260758,-3.98906338002642,0.));
#8607=CARTESIAN_POINT('Ctrl Pts',(71.0870044884142,-4.07533269603842,0.));
#8608=CARTESIAN_POINT('',(71.2445762214121,-3.57192199905508,0.2));
#8609=CARTESIAN_POINT('',(71.2445762214121,-3.57192199905508,0.));
#8610=CARTESIAN_POINT('Ctrl Pts',(71.2445762214121,-3.57192199905508,0.2));
#8611=CARTESIAN_POINT('Ctrl Pts',(71.2158219772997,-3.65347735298072,0.2));
#8612=CARTESIAN_POINT('Ctrl Pts',(71.1573196137241,-3.81940697882109,0.2));
#8613=CARTESIAN_POINT('Ctrl Pts',(71.1107068260758,-3.98906338002642,0.2));
#8614=CARTESIAN_POINT('Ctrl Pts',(71.0870044884142,-4.07533269603842,0.2));
#8615=CARTESIAN_POINT('Origin',(71.696827357715,-2.31339540560835,0.));
#8616=CARTESIAN_POINT('',(71.696827357715,-2.31339540560835,0.));
#8617=CARTESIAN_POINT('',(64.1942494855281,-23.1916044660432,0.));
#8618=CARTESIAN_POINT('',(71.696827357715,-2.31339540560835,0.2));
#8619=CARTESIAN_POINT('',(71.696827357715,-2.31339540560835,0.));
#8620=CARTESIAN_POINT('',(71.696827357715,-2.31339540560835,0.2));
#8621=CARTESIAN_POINT('Origin',(72.0938258823808,-2.31339540560835,0.));
#8622=CARTESIAN_POINT('',(72.0938258823808,-2.31339540560835,0.));
#8623=CARTESIAN_POINT('',(56.5594129411904,-2.31339540560835,0.));
#8624=CARTESIAN_POINT('',(72.0938258823808,-2.31339540560835,0.2));
#8625=CARTESIAN_POINT('',(72.0938258823808,-2.31339540560835,0.));
#8626=CARTESIAN_POINT('',(72.0938258823808,-2.31339540560835,0.2));
#8627=CARTESIAN_POINT('Origin',(71.2691327390131,-4.49074875791662,0.));
#8628=CARTESIAN_POINT('',(71.2691327390131,-4.49074875791662,0.));
#8629=CARTESIAN_POINT('',(63.7492355607161,-24.3447677489255,0.));
#8630=CARTESIAN_POINT('',(71.2691327390131,-4.49074875791662,0.2));
#8631=CARTESIAN_POINT('',(71.2691327390131,-4.49074875791662,0.));
#8632=CARTESIAN_POINT('',(71.2691327390131,-4.49074875791662,0.2));
#8633=CARTESIAN_POINT('Ctrl Pts',(71.3018750605043,-4.58078962047689,0.));
#8634=CARTESIAN_POINT('Ctrl Pts',(71.3018750605043,-4.58078962047689,0.2));
#8635=CARTESIAN_POINT('Ctrl Pts',(71.2974905235606,-4.56815236266874,0.));
#8636=CARTESIAN_POINT('Ctrl Pts',(71.2974905235606,-4.56815236266874,0.2));
#8637=CARTESIAN_POINT('Ctrl Pts',(71.2870213344547,-4.53797771857958,0.));
#8638=CARTESIAN_POINT('Ctrl Pts',(71.2870213344547,-4.53797771857958,0.2));
#8639=CARTESIAN_POINT('Ctrl Pts',(71.2757080032777,-4.50810858352813,0.));
#8640=CARTESIAN_POINT('Ctrl Pts',(71.2757080032777,-4.50810858352813,0.2));
#8641=CARTESIAN_POINT('Ctrl Pts',(71.2691327390131,-4.49074875791662,0.));
#8642=CARTESIAN_POINT('Ctrl Pts',(71.2691327390131,-4.49074875791662,0.2));
#8643=CARTESIAN_POINT('',(71.3018750605043,-4.58078962047689,0.));
#8644=CARTESIAN_POINT('Ctrl Pts',(71.3018750605043,-4.58078962047689,0.));
#8645=CARTESIAN_POINT('Ctrl Pts',(71.2974905235606,-4.56815236266874,0.));
#8646=CARTESIAN_POINT('Ctrl Pts',(71.2870213344547,-4.53797771857958,0.));
#8647=CARTESIAN_POINT('Ctrl Pts',(71.2757080032777,-4.50810858352813,0.));
#8648=CARTESIAN_POINT('Ctrl Pts',(71.2691327390131,-4.49074875791662,0.));
#8649=CARTESIAN_POINT('',(71.3018750605043,-4.58078962047689,0.2));
#8650=CARTESIAN_POINT('',(71.3018750605043,-4.58078962047689,0.));
#8651=CARTESIAN_POINT('Ctrl Pts',(71.3018750605043,-4.58078962047689,0.2));
#8652=CARTESIAN_POINT('Ctrl Pts',(71.2974905235606,-4.56815236266874,0.2));
#8653=CARTESIAN_POINT('Ctrl Pts',(71.2870213344547,-4.53797771857958,0.2));
#8654=CARTESIAN_POINT('Ctrl Pts',(71.2757080032777,-4.50810858352813,0.2));
#8655=CARTESIAN_POINT('Ctrl Pts',(71.2691327390131,-4.49074875791662,0.2));
#8656=CARTESIAN_POINT('Ctrl Pts',(71.4144262132105,-4.85500525911444,0.));
#8657=CARTESIAN_POINT('Ctrl Pts',(71.4144262132105,-4.85500525911444,0.2));
#8658=CARTESIAN_POINT('Ctrl Pts',(71.3987680553081,-4.82314911972865,0.));
#8659=CARTESIAN_POINT('Ctrl Pts',(71.3987680553081,-4.82314911972865,0.2));
#8660=CARTESIAN_POINT('Ctrl Pts',(71.3551182498881,-4.73434465790831,0.));
#8661=CARTESIAN_POINT('Ctrl Pts',(71.3551182498881,-4.73434465790831,0.2));
#8662=CARTESIAN_POINT('Ctrl Pts',(71.3226781644174,-4.64078642827579,0.));
#8663=CARTESIAN_POINT('Ctrl Pts',(71.3226781644174,-4.64078642827579,0.2));
#8664=CARTESIAN_POINT('Ctrl Pts',(71.3018750605043,-4.58078962047689,0.));
#8665=CARTESIAN_POINT('Ctrl Pts',(71.3018750605043,-4.58078962047689,0.2));
#8666=CARTESIAN_POINT('',(71.4144262132105,-4.85500525911444,0.));
#8667=CARTESIAN_POINT('Ctrl Pts',(71.4144262132105,-4.85500525911444,0.));
#8668=CARTESIAN_POINT('Ctrl Pts',(71.3987680553081,-4.82314911972865,0.));
#8669=CARTESIAN_POINT('Ctrl Pts',(71.3551182498881,-4.73434465790831,0.));
#8670=CARTESIAN_POINT('Ctrl Pts',(71.3226781644174,-4.64078642827579,0.));
#8671=CARTESIAN_POINT('Ctrl Pts',(71.3018750605043,-4.58078962047689,0.));
#8672=CARTESIAN_POINT('',(71.4144262132105,-4.85500525911444,0.2));
#8673=CARTESIAN_POINT('',(71.4144262132105,-4.85500525911444,0.));
#8674=CARTESIAN_POINT('Ctrl Pts',(71.4144262132105,-4.85500525911444,0.2));
#8675=CARTESIAN_POINT('Ctrl Pts',(71.3987680553081,-4.82314911972865,0.2));
#8676=CARTESIAN_POINT('Ctrl Pts',(71.3551182498881,-4.73434465790831,0.2));
#8677=CARTESIAN_POINT('Ctrl Pts',(71.3226781644174,-4.64078642827579,0.2));
#8678=CARTESIAN_POINT('Ctrl Pts',(71.3018750605043,-4.58078962047689,0.2));
#8679=CARTESIAN_POINT('Ctrl Pts',(71.5351628717836,-4.96960293729894,0.));
#8680=CARTESIAN_POINT('Ctrl Pts',(71.5351628717836,-4.96960293729894,0.2));
#8681=CARTESIAN_POINT('Ctrl Pts',(71.5116410358282,-4.95448039388717,0.));
#8682=CARTESIAN_POINT('Ctrl Pts',(71.5116410358282,-4.95448039388717,0.2));
#8683=CARTESIAN_POINT('Ctrl Pts',(71.4641415604237,-4.92394226411695,0.));
#8684=CARTESIAN_POINT('Ctrl Pts',(71.4641415604237,-4.92394226411695,0.2));
#8685=CARTESIAN_POINT('Ctrl Pts',(71.4311036724644,-4.87813079592485,0.));
#8686=CARTESIAN_POINT('Ctrl Pts',(71.4311036724644,-4.87813079592485,0.2));
#8687=CARTESIAN_POINT('Ctrl Pts',(71.4144262132105,-4.85500525911444,0.));
#8688=CARTESIAN_POINT('Ctrl Pts',(71.4144262132105,-4.85500525911444,0.2));
#8689=CARTESIAN_POINT('',(71.5351628717836,-4.96960293729894,0.));
#8690=CARTESIAN_POINT('Ctrl Pts',(71.5351628717836,-4.96960293729894,0.));
#8691=CARTESIAN_POINT('Ctrl Pts',(71.5116410358282,-4.95448039388717,0.));
#8692=CARTESIAN_POINT('Ctrl Pts',(71.4641415604237,-4.92394226411695,0.));
#8693=CARTESIAN_POINT('Ctrl Pts',(71.4311036724644,-4.87813079592485,0.));
#8694=CARTESIAN_POINT('Ctrl Pts',(71.4144262132105,-4.85500525911444,0.));
#8695=CARTESIAN_POINT('',(71.5351628717836,-4.96960293729894,0.2));
#8696=CARTESIAN_POINT('',(71.5351628717836,-4.96960293729894,0.));
#8697=CARTESIAN_POINT('Ctrl Pts',(71.5351628717836,-4.96960293729894,0.2));
#8698=CARTESIAN_POINT('Ctrl Pts',(71.5116410358282,-4.95448039388717,0.2));
#8699=CARTESIAN_POINT('Ctrl Pts',(71.4641415604237,-4.92394226411695,0.2));
#8700=CARTESIAN_POINT('Ctrl Pts',(71.4311036724644,-4.87813079592485,0.2));
#8701=CARTESIAN_POINT('Ctrl Pts',(71.4144262132105,-4.85500525911444,0.2));
#8702=CARTESIAN_POINT('Ctrl Pts',(71.7316159066614,-5.01053046663397,0.));
#8703=CARTESIAN_POINT('Ctrl Pts',(71.7316159066614,-5.01053046663397,0.2));
#8704=CARTESIAN_POINT('Ctrl Pts',(71.694232877945,-5.00959764980786,0.));
#8705=CARTESIAN_POINT('Ctrl Pts',(71.694232877945,-5.00959764980786,0.2));
#8706=CARTESIAN_POINT('Ctrl Pts',(71.6261070729703,-5.00789771003962,0.));
#8707=CARTESIAN_POINT('Ctrl Pts',(71.6261070729703,-5.00789771003962,0.2));
#8708=CARTESIAN_POINT('Ctrl Pts',(71.5634415948543,-4.98151053843521,0.));
#8709=CARTESIAN_POINT('Ctrl Pts',(71.5634415948543,-4.98151053843521,0.2));
#8710=CARTESIAN_POINT('Ctrl Pts',(71.5351628717836,-4.96960293729894,0.));
#8711=CARTESIAN_POINT('Ctrl Pts',(71.5351628717836,-4.96960293729894,0.2));
#8712=CARTESIAN_POINT('',(71.7316159066614,-5.01053046663397,0.));
#8713=CARTESIAN_POINT('Ctrl Pts',(71.7316159066614,-5.01053046663397,0.));
#8714=CARTESIAN_POINT('Ctrl Pts',(71.694232877945,-5.00959764980786,0.));
#8715=CARTESIAN_POINT('Ctrl Pts',(71.6261070729703,-5.00789771003962,0.));
#8716=CARTESIAN_POINT('Ctrl Pts',(71.5634415948543,-4.98151053843521,0.));
#8717=CARTESIAN_POINT('Ctrl Pts',(71.5351628717836,-4.96960293729894,0.));
#8718=CARTESIAN_POINT('',(71.7316159066614,-5.01053046663397,0.2));
#8719=CARTESIAN_POINT('',(71.7316159066614,-5.01053046663397,0.));
#8720=CARTESIAN_POINT('Ctrl Pts',(71.7316159066614,-5.01053046663397,0.2));
#8721=CARTESIAN_POINT('Ctrl Pts',(71.694232877945,-5.00959764980786,0.2));
#8722=CARTESIAN_POINT('Ctrl Pts',(71.6261070729703,-5.00789771003962,0.2));
#8723=CARTESIAN_POINT('Ctrl Pts',(71.5634415948543,-4.98151053843521,0.2));
#8724=CARTESIAN_POINT('Ctrl Pts',(71.5351628717836,-4.96960293729894,0.2));
#8725=CARTESIAN_POINT('Ctrl Pts',(71.9423934277948,-4.97778844316595,0.));
#8726=CARTESIAN_POINT('Ctrl Pts',(71.9423934277948,-4.97778844316595,0.2));
#8727=CARTESIAN_POINT('Ctrl Pts',(71.9049071779211,-4.98731794219403,0.));
#8728=CARTESIAN_POINT('Ctrl Pts',(71.9049071779211,-4.98731794219403,0.2));
#8729=CARTESIAN_POINT('Ctrl Pts',(71.8356506496302,-5.00492386493264,0.));
#8730=CARTESIAN_POINT('Ctrl Pts',(71.8356506496302,-5.00492386493264,0.2));
#8731=CARTESIAN_POINT('Ctrl Pts',(71.7643321020642,-5.00876733759099,0.));
#8732=CARTESIAN_POINT('Ctrl Pts',(71.7643321020642,-5.00876733759099,0.2));
#8733=CARTESIAN_POINT('Ctrl Pts',(71.7316159066614,-5.01053046663397,0.));
#8734=CARTESIAN_POINT('Ctrl Pts',(71.7316159066614,-5.01053046663397,0.2));
#8735=CARTESIAN_POINT('',(71.9423934277948,-4.97778844316595,0.));
#8736=CARTESIAN_POINT('Ctrl Pts',(71.9423934277948,-4.97778844316595,0.));
#8737=CARTESIAN_POINT('Ctrl Pts',(71.9049071779211,-4.98731794219403,0.));
#8738=CARTESIAN_POINT('Ctrl Pts',(71.8356506496302,-5.00492386493264,0.));
#8739=CARTESIAN_POINT('Ctrl Pts',(71.7643321020642,-5.00876733759099,0.));
#8740=CARTESIAN_POINT('Ctrl Pts',(71.7316159066614,-5.01053046663397,0.));
#8741=CARTESIAN_POINT('',(71.9423934277948,-4.97778844316595,0.2));
#8742=CARTESIAN_POINT('',(71.9423934277948,-4.97778844316595,0.));
#8743=CARTESIAN_POINT('Ctrl Pts',(71.9423934277948,-4.97778844316595,0.2));
#8744=CARTESIAN_POINT('Ctrl Pts',(71.9049071779211,-4.98731794219403,0.2));
#8745=CARTESIAN_POINT('Ctrl Pts',(71.8356506496302,-5.00492386493264,0.2));
#8746=CARTESIAN_POINT('Ctrl Pts',(71.7643321020642,-5.00876733759099,0.2));
#8747=CARTESIAN_POINT('Ctrl Pts',(71.7316159066614,-5.01053046663397,0.2));
#8748=CARTESIAN_POINT('Origin',(71.9014656004366,-5.32362740715139,0.));
#8749=CARTESIAN_POINT('',(71.9014656004366,-5.32362740715139,0.));
#8750=CARTESIAN_POINT('',(69.7557458565643,-23.4548975263408,0.));
#8751=CARTESIAN_POINT('',(71.9014656004366,-5.32362740715139,0.2));
#8752=CARTESIAN_POINT('',(71.9014656004366,-5.32362740715139,0.));
#8753=CARTESIAN_POINT('',(71.9014656004366,-5.32362740715139,0.2));
#8754=CARTESIAN_POINT('Ctrl Pts',(71.6640850362238,-5.36864768941992,0.));
#8755=CARTESIAN_POINT('Ctrl Pts',(71.6640850362238,-5.36864768941992,0.2));
#8756=CARTESIAN_POINT('Ctrl Pts',(71.7018636718842,-5.36631745584409,0.));
#8757=CARTESIAN_POINT('Ctrl Pts',(71.7018636718842,-5.36631745584409,0.2));
#8758=CARTESIAN_POINT('Ctrl Pts',(71.7828323555091,-5.36132320600221,0.));
#8759=CARTESIAN_POINT('Ctrl Pts',(71.7828323555091,-5.36132320600221,0.2));
#8760=CARTESIAN_POINT('Ctrl Pts',(71.8601976567889,-5.33674032590938,0.));
#8761=CARTESIAN_POINT('Ctrl Pts',(71.8601976567889,-5.33674032590938,0.2));
#8762=CARTESIAN_POINT('Ctrl Pts',(71.9014656004366,-5.32362740715139,0.));
#8763=CARTESIAN_POINT('Ctrl Pts',(71.9014656004366,-5.32362740715139,0.2));
#8764=CARTESIAN_POINT('Ctrl Pts',(71.6640850362238,-5.36864768941992,0.));
#8765=CARTESIAN_POINT('Ctrl Pts',(71.7018636718842,-5.36631745584409,0.));
#8766=CARTESIAN_POINT('Ctrl Pts',(71.7828323555091,-5.36132320600221,0.));
#8767=CARTESIAN_POINT('Ctrl Pts',(71.8601976567889,-5.33674032590938,0.));
#8768=CARTESIAN_POINT('Ctrl Pts',(71.9014656004366,-5.32362740715139,0.));
#8769=CARTESIAN_POINT('Ctrl Pts',(71.6640850362238,-5.36864768941992,0.2));
#8770=CARTESIAN_POINT('Ctrl Pts',(71.7018636718842,-5.36631745584409,0.2));
#8771=CARTESIAN_POINT('Ctrl Pts',(71.7828323555091,-5.36132320600221,0.2));
#8772=CARTESIAN_POINT('Ctrl Pts',(71.8601976567889,-5.33674032590938,0.2));
#8773=CARTESIAN_POINT('Ctrl Pts',(71.9014656004366,-5.32362740715139,0.2));
#8774=CARTESIAN_POINT('Origin',(66.0979183596429,-5.35227682669752,0.2));
#8775=CARTESIAN_POINT('Ctrl Pts',(70.5569907483515,-8.58147215326422,0.));
#8776=CARTESIAN_POINT('Ctrl Pts',(70.5569907483515,-8.58147215326422,0.2));
#8777=CARTESIAN_POINT('Ctrl Pts',(70.5397698765322,-8.53039284874442,0.));
#8778=CARTESIAN_POINT('Ctrl Pts',(70.5397698765322,-8.53039284874442,0.2));
#8779=CARTESIAN_POINT('Ctrl Pts',(70.499589881199,-8.4112138525374,0.));
#8780=CARTESIAN_POINT('Ctrl Pts',(70.499589881199,-8.4112138525374,0.2));
#8781=CARTESIAN_POINT('Ctrl Pts',(70.4983524566259,-8.28515441816299,0.));
#8782=CARTESIAN_POINT('Ctrl Pts',(70.4983524566259,-8.28515441816299,0.2));
#8783=CARTESIAN_POINT('Ctrl Pts',(70.4976453837808,-8.21312319715612,0.));
#8784=CARTESIAN_POINT('Ctrl Pts',(70.4976453837808,-8.21312319715612,0.2));
#8785=CARTESIAN_POINT('',(70.5569907483515,-8.58147215326422,0.));
#8786=CARTESIAN_POINT('',(70.4976453837808,-8.21312319715612,0.));
#8787=CARTESIAN_POINT('Ctrl Pts',(70.5569907483515,-8.58147215326422,0.));
#8788=CARTESIAN_POINT('Ctrl Pts',(70.5397698765322,-8.53039284874442,0.));
#8789=CARTESIAN_POINT('Ctrl Pts',(70.499589881199,-8.4112138525374,0.));
#8790=CARTESIAN_POINT('Ctrl Pts',(70.4983524566259,-8.28515441816299,0.));
#8791=CARTESIAN_POINT('Ctrl Pts',(70.4976453837808,-8.21312319715612,0.));
#8792=CARTESIAN_POINT('',(70.5569907483515,-8.58147215326422,0.2));
#8793=CARTESIAN_POINT('',(70.5569907483515,-8.58147215326422,0.));
#8794=CARTESIAN_POINT('',(70.4976453837808,-8.21312319715612,0.2));
#8795=CARTESIAN_POINT('Ctrl Pts',(70.5569907483515,-8.58147215326422,0.2));
#8796=CARTESIAN_POINT('Ctrl Pts',(70.5397698765322,-8.53039284874442,0.2));
#8797=CARTESIAN_POINT('Ctrl Pts',(70.499589881199,-8.4112138525374,0.2));
#8798=CARTESIAN_POINT('Ctrl Pts',(70.4983524566259,-8.28515441816299,0.2));
#8799=CARTESIAN_POINT('Ctrl Pts',(70.4976453837808,-8.21312319715612,0.2));
#8800=CARTESIAN_POINT('',(70.4976453837808,-8.21312319715612,0.));
#8801=CARTESIAN_POINT('Ctrl Pts',(70.8005105909761,-8.83624743898504,0.));
#8802=CARTESIAN_POINT('Ctrl Pts',(70.8005105909761,-8.83624743898504,0.2));
#8803=CARTESIAN_POINT('Ctrl Pts',(70.7491346545551,-8.80278520749563,0.));
#8804=CARTESIAN_POINT('Ctrl Pts',(70.7491346545551,-8.80278520749563,0.2));
#8805=CARTESIAN_POINT('Ctrl Pts',(70.6479576563336,-8.73688649358906,0.));
#8806=CARTESIAN_POINT('Ctrl Pts',(70.6479576563336,-8.73688649358906,0.2));
#8807=CARTESIAN_POINT('Ctrl Pts',(70.586996754559,-8.63273654999888,0.));
#8808=CARTESIAN_POINT('Ctrl Pts',(70.586996754559,-8.63273654999888,0.2));
#8809=CARTESIAN_POINT('Ctrl Pts',(70.5569907483515,-8.58147215326422,0.));
#8810=CARTESIAN_POINT('Ctrl Pts',(70.5569907483515,-8.58147215326422,0.2));
#8811=CARTESIAN_POINT('',(70.8005105909761,-8.83624743898504,0.));
#8812=CARTESIAN_POINT('Ctrl Pts',(70.8005105909761,-8.83624743898504,0.));
#8813=CARTESIAN_POINT('Ctrl Pts',(70.7491346545551,-8.80278520749563,0.));
#8814=CARTESIAN_POINT('Ctrl Pts',(70.6479576563336,-8.73688649358906,0.));
#8815=CARTESIAN_POINT('Ctrl Pts',(70.586996754559,-8.63273654999888,0.));
#8816=CARTESIAN_POINT('Ctrl Pts',(70.5569907483515,-8.58147215326422,0.));
#8817=CARTESIAN_POINT('',(70.8005105909761,-8.83624743898504,0.2));
#8818=CARTESIAN_POINT('',(70.8005105909761,-8.83624743898504,0.));
#8819=CARTESIAN_POINT('Ctrl Pts',(70.8005105909761,-8.83624743898504,0.2));
#8820=CARTESIAN_POINT('Ctrl Pts',(70.7491346545551,-8.80278520749563,0.2));
#8821=CARTESIAN_POINT('Ctrl Pts',(70.6479576563336,-8.73688649358906,0.2));
#8822=CARTESIAN_POINT('Ctrl Pts',(70.586996754559,-8.63273654999888,0.2));
#8823=CARTESIAN_POINT('Ctrl Pts',(70.5569907483515,-8.58147215326422,0.2));
#8824=CARTESIAN_POINT('Ctrl Pts',(71.1790918764528,-8.92935764272802,0.));
#8825=CARTESIAN_POINT('Ctrl Pts',(71.1790918764528,-8.92935764272802,0.2));
#8826=CARTESIAN_POINT('Ctrl Pts',(71.1109826550957,-8.92595836336624,0.));
#8827=CARTESIAN_POINT('Ctrl Pts',(71.1109826550957,-8.92595836336624,0.2));
#8828=CARTESIAN_POINT('Ctrl Pts',(70.9786794193408,-8.91935520963996,0.));
#8829=CARTESIAN_POINT('Ctrl Pts',(70.9786794193408,-8.91935520963996,0.2));
#8830=CARTESIAN_POINT('Ctrl Pts',(70.8587168626892,-8.86339805519896,0.));
#8831=CARTESIAN_POINT('Ctrl Pts',(70.8587168626892,-8.86339805519896,0.2));
#8832=CARTESIAN_POINT('Ctrl Pts',(70.8005105909761,-8.83624743898504,0.));
#8833=CARTESIAN_POINT('Ctrl Pts',(70.8005105909761,-8.83624743898504,0.2));
#8834=CARTESIAN_POINT('',(71.1790918764528,-8.92935764272802,0.));
#8835=CARTESIAN_POINT('Ctrl Pts',(71.1790918764528,-8.92935764272802,0.));
#8836=CARTESIAN_POINT('Ctrl Pts',(71.1109826550957,-8.92595836336624,0.));
#8837=CARTESIAN_POINT('Ctrl Pts',(70.9786794193408,-8.91935520963996,0.));
#8838=CARTESIAN_POINT('Ctrl Pts',(70.8587168626892,-8.86339805519896,0.));
#8839=CARTESIAN_POINT('Ctrl Pts',(70.8005105909761,-8.83624743898504,0.));
#8840=CARTESIAN_POINT('',(71.1790918764528,-8.92935764272802,0.2));
#8841=CARTESIAN_POINT('',(71.1790918764528,-8.92935764272802,0.));
#8842=CARTESIAN_POINT('Ctrl Pts',(71.1790918764528,-8.92935764272802,0.2));
#8843=CARTESIAN_POINT('Ctrl Pts',(71.1109826550957,-8.92595836336624,0.2));
#8844=CARTESIAN_POINT('Ctrl Pts',(70.9786794193408,-8.91935520963996,0.2));
#8845=CARTESIAN_POINT('Ctrl Pts',(70.8587168626892,-8.86339805519896,0.2));
#8846=CARTESIAN_POINT('Ctrl Pts',(70.8005105909761,-8.83624743898504,0.2));
#8847=CARTESIAN_POINT('Ctrl Pts',(71.5054901894983,-8.83113097627752,0.));
#8848=CARTESIAN_POINT('Ctrl Pts',(71.5054901894983,-8.83113097627752,0.2));
#8849=CARTESIAN_POINT('Ctrl Pts',(71.460992692465,-8.85970565747382,0.));
#8850=CARTESIAN_POINT('Ctrl Pts',(71.460992692465,-8.85970565747382,0.2));
#8851=CARTESIAN_POINT('Ctrl Pts',(71.3620769896485,-8.92322573976463,0.));
#8852=CARTESIAN_POINT('Ctrl Pts',(71.3620769896485,-8.92322573976463,0.2));
#8853=CARTESIAN_POINT('Ctrl Pts',(71.2440332950606,-8.92718143030148,0.));
#8854=CARTESIAN_POINT('Ctrl Pts',(71.2440332950606,-8.92718143030148,0.2));
#8855=CARTESIAN_POINT('Ctrl Pts',(71.1790918764528,-8.92935764272802,0.));
#8856=CARTESIAN_POINT('Ctrl Pts',(71.1790918764528,-8.92935764272802,0.2));
#8857=CARTESIAN_POINT('',(71.5054901894983,-8.83113097627752,0.));
#8858=CARTESIAN_POINT('Ctrl Pts',(71.5054901894983,-8.83113097627752,0.));
#8859=CARTESIAN_POINT('Ctrl Pts',(71.460992692465,-8.85970565747382,0.));
#8860=CARTESIAN_POINT('Ctrl Pts',(71.3620769896485,-8.92322573976463,0.));
#8861=CARTESIAN_POINT('Ctrl Pts',(71.2440332950606,-8.92718143030148,0.));
#8862=CARTESIAN_POINT('Ctrl Pts',(71.1790918764528,-8.92935764272802,0.));
#8863=CARTESIAN_POINT('',(71.5054901894983,-8.83113097627752,0.2));
#8864=CARTESIAN_POINT('',(71.5054901894983,-8.83113097627752,0.));
#8865=CARTESIAN_POINT('Ctrl Pts',(71.5054901894983,-8.83113097627752,0.2));
#8866=CARTESIAN_POINT('Ctrl Pts',(71.460992692465,-8.85970565747382,0.2));
#8867=CARTESIAN_POINT('Ctrl Pts',(71.3620769896485,-8.92322573976463,0.2));
#8868=CARTESIAN_POINT('Ctrl Pts',(71.2440332950606,-8.92718143030148,0.2));
#8869=CARTESIAN_POINT('Ctrl Pts',(71.1790918764528,-8.92935764272802,0.2));
#8870=CARTESIAN_POINT('Ctrl Pts',(71.6170182284769,-8.58556520422094,0.));
#8871=CARTESIAN_POINT('Ctrl Pts',(71.6170182284769,-8.58556520422094,0.2));
#8872=CARTESIAN_POINT('Ctrl Pts',(71.6123255090232,-8.63267221810103,0.));
#8873=CARTESIAN_POINT('Ctrl Pts',(71.6123255090232,-8.63267221810103,0.2));
#8874=CARTESIAN_POINT('Ctrl Pts',(71.6029168053642,-8.72711978485529,0.));
#8875=CARTESIAN_POINT('Ctrl Pts',(71.6029168053642,-8.72711978485529,0.2));
#8876=CARTESIAN_POINT('Ctrl Pts',(71.53801921853,-8.7964034735789,0.));
#8877=CARTESIAN_POINT('Ctrl Pts',(71.53801921853,-8.7964034735789,0.2));
#8878=CARTESIAN_POINT('Ctrl Pts',(71.5054901894983,-8.83113097627752,0.));
#8879=CARTESIAN_POINT('Ctrl Pts',(71.5054901894983,-8.83113097627752,0.2));
#8880=CARTESIAN_POINT('',(71.6170182284769,-8.58556520422094,0.));
#8881=CARTESIAN_POINT('Ctrl Pts',(71.6170182284769,-8.58556520422094,0.));
#8882=CARTESIAN_POINT('Ctrl Pts',(71.6123255090232,-8.63267221810103,0.));
#8883=CARTESIAN_POINT('Ctrl Pts',(71.6029168053642,-8.72711978485529,0.));
#8884=CARTESIAN_POINT('Ctrl Pts',(71.53801921853,-8.7964034735789,0.));
#8885=CARTESIAN_POINT('Ctrl Pts',(71.5054901894983,-8.83113097627752,0.));
#8886=CARTESIAN_POINT('',(71.6170182284769,-8.58556520422094,0.2));
#8887=CARTESIAN_POINT('',(71.6170182284769,-8.58556520422094,0.));
#8888=CARTESIAN_POINT('Ctrl Pts',(71.6170182284769,-8.58556520422094,0.2));
#8889=CARTESIAN_POINT('Ctrl Pts',(71.6123255090232,-8.63267221810103,0.2));
#8890=CARTESIAN_POINT('Ctrl Pts',(71.6029168053642,-8.72711978485529,0.2));
#8891=CARTESIAN_POINT('Ctrl Pts',(71.53801921853,-8.7964034735789,0.2));
#8892=CARTESIAN_POINT('Ctrl Pts',(71.5054901894983,-8.83113097627752,0.2));
#8893=CARTESIAN_POINT('Ctrl Pts',(71.5658583697733,-8.41059934576147,0.));
#8894=CARTESIAN_POINT('Ctrl Pts',(71.5658583697733,-8.41059934576147,0.2));
#8895=CARTESIAN_POINT('Ctrl Pts',(71.5807798283906,-8.43768533970506,0.));
#8896=CARTESIAN_POINT('Ctrl Pts',(71.5807798283906,-8.43768533970506,0.2));
#8897=CARTESIAN_POINT('Ctrl Pts',(71.6108112002746,-8.49219941757296,0.));
#8898=CARTESIAN_POINT('Ctrl Pts',(71.6108112002746,-8.49219941757296,0.2));
#8899=CARTESIAN_POINT('Ctrl Pts',(71.6149405814301,-8.55431334832857,0.));
#8900=CARTESIAN_POINT('Ctrl Pts',(71.6149405814301,-8.55431334832857,0.2));
#8901=CARTESIAN_POINT('Ctrl Pts',(71.6170182284769,-8.58556520422094,0.));
#8902=CARTESIAN_POINT('Ctrl Pts',(71.6170182284769,-8.58556520422094,0.2));
#8903=CARTESIAN_POINT('',(71.5658583697733,-8.41059934576147,0.));
#8904=CARTESIAN_POINT('Ctrl Pts',(71.5658583697733,-8.41059934576147,0.));
#8905=CARTESIAN_POINT('Ctrl Pts',(71.5807798283906,-8.43768533970506,0.));
#8906=CARTESIAN_POINT('Ctrl Pts',(71.6108112002746,-8.49219941757296,0.));
#8907=CARTESIAN_POINT('Ctrl Pts',(71.6149405814301,-8.55431334832857,0.));
#8908=CARTESIAN_POINT('Ctrl Pts',(71.6170182284769,-8.58556520422094,0.));
#8909=CARTESIAN_POINT('',(71.5658583697733,-8.41059934576147,0.2));
#8910=CARTESIAN_POINT('',(71.5658583697733,-8.41059934576147,0.));
#8911=CARTESIAN_POINT('Ctrl Pts',(71.5658583697733,-8.41059934576147,0.2));
#8912=CARTESIAN_POINT('Ctrl Pts',(71.5807798283906,-8.43768533970506,0.2));
#8913=CARTESIAN_POINT('Ctrl Pts',(71.6108112002746,-8.49219941757296,0.2));
#8914=CARTESIAN_POINT('Ctrl Pts',(71.6149405814301,-8.55431334832857,0.2));
#8915=CARTESIAN_POINT('Ctrl Pts',(71.6170182284769,-8.58556520422094,0.2));
#8916=CARTESIAN_POINT('Ctrl Pts',(71.4205651935991,-8.29088580091589,0.));
#8917=CARTESIAN_POINT('Ctrl Pts',(71.4205651935991,-8.29088580091589,0.2));
#8918=CARTESIAN_POINT('Ctrl Pts',(71.4499393724204,-8.30578245477843,0.));
#8919=CARTESIAN_POINT('Ctrl Pts',(71.4499393724204,-8.30578245477843,0.2));
#8920=CARTESIAN_POINT('Ctrl Pts',(71.5073323685626,-8.3348884121864,0.));
#8921=CARTESIAN_POINT('Ctrl Pts',(71.5073323685626,-8.3348884121864,0.2));
#8922=CARTESIAN_POINT('Ctrl Pts',(71.5466592769317,-8.38576284210901,0.));
#8923=CARTESIAN_POINT('Ctrl Pts',(71.5466592769317,-8.38576284210901,0.2));
#8924=CARTESIAN_POINT('Ctrl Pts',(71.5658583697733,-8.41059934576147,0.));
#8925=CARTESIAN_POINT('Ctrl Pts',(71.5658583697733,-8.41059934576147,0.2));
#8926=CARTESIAN_POINT('',(71.4205651935991,-8.29088580091589,0.));
#8927=CARTESIAN_POINT('Ctrl Pts',(71.4205651935991,-8.29088580091589,0.));
#8928=CARTESIAN_POINT('Ctrl Pts',(71.4499393724204,-8.30578245477843,0.));
#8929=CARTESIAN_POINT('Ctrl Pts',(71.5073323685626,-8.3348884121864,0.));
#8930=CARTESIAN_POINT('Ctrl Pts',(71.5466592769317,-8.38576284210901,0.));
#8931=CARTESIAN_POINT('Ctrl Pts',(71.5658583697733,-8.41059934576147,0.));
#8932=CARTESIAN_POINT('',(71.4205651935991,-8.29088580091589,0.2));
#8933=CARTESIAN_POINT('',(71.4205651935991,-8.29088580091589,0.));
#8934=CARTESIAN_POINT('Ctrl Pts',(71.4205651935991,-8.29088580091589,0.2));
#8935=CARTESIAN_POINT('Ctrl Pts',(71.4499393724204,-8.30578245477843,0.2));
#8936=CARTESIAN_POINT('Ctrl Pts',(71.5073323685626,-8.3348884121864,0.2));
#8937=CARTESIAN_POINT('Ctrl Pts',(71.5466592769317,-8.38576284210901,0.2));
#8938=CARTESIAN_POINT('Ctrl Pts',(71.5658583697733,-8.41059934576147,0.2));
#8939=CARTESIAN_POINT('Ctrl Pts',(71.0992827472147,-8.2172156520664,0.));
#8940=CARTESIAN_POINT('Ctrl Pts',(71.0992827472147,-8.2172156520664,0.2));
#8941=CARTESIAN_POINT('Ctrl Pts',(71.1644597056345,-8.22655296354338,0.));
#8942=CARTESIAN_POINT('Ctrl Pts',(71.1644597056345,-8.22655296354338,0.2));
#8943=CARTESIAN_POINT('Ctrl Pts',(71.2737039943323,-8.24220340160284,0.));
#8944=CARTESIAN_POINT('Ctrl Pts',(71.2737039943323,-8.24220340160284,0.2));
#8945=CARTESIAN_POINT('Ctrl Pts',(71.3783519483385,-8.27689271034919,0.));
#8946=CARTESIAN_POINT('Ctrl Pts',(71.3783519483385,-8.27689271034919,0.2));
#8947=CARTESIAN_POINT('Ctrl Pts',(71.4205651935991,-8.29088580091589,0.));
#8948=CARTESIAN_POINT('Ctrl Pts',(71.4205651935991,-8.29088580091589,0.2));
#8949=CARTESIAN_POINT('',(71.0992827472147,-8.2172156520664,0.));
#8950=CARTESIAN_POINT('Ctrl Pts',(71.0992827472147,-8.2172156520664,0.));
#8951=CARTESIAN_POINT('Ctrl Pts',(71.1644597056345,-8.22655296354338,0.));
#8952=CARTESIAN_POINT('Ctrl Pts',(71.2737039943323,-8.24220340160284,0.));
#8953=CARTESIAN_POINT('Ctrl Pts',(71.3783519483385,-8.27689271034919,0.));
#8954=CARTESIAN_POINT('Ctrl Pts',(71.4205651935991,-8.29088580091589,0.));
#8955=CARTESIAN_POINT('',(71.0992827472147,-8.2172156520664,0.2));
#8956=CARTESIAN_POINT('',(71.0992827472147,-8.2172156520664,0.));
#8957=CARTESIAN_POINT('Ctrl Pts',(71.0992827472147,-8.2172156520664,0.2));
#8958=CARTESIAN_POINT('Ctrl Pts',(71.1644597056345,-8.22655296354338,0.2));
#8959=CARTESIAN_POINT('Ctrl Pts',(71.2737039943323,-8.24220340160284,0.2));
#8960=CARTESIAN_POINT('Ctrl Pts',(71.3783519483385,-8.27689271034919,0.2));
#8961=CARTESIAN_POINT('Ctrl Pts',(71.4205651935991,-8.29088580091589,0.2));
#8962=CARTESIAN_POINT('Ctrl Pts',(70.4976453837808,-8.07806145628088,0.));
#8963=CARTESIAN_POINT('Ctrl Pts',(70.4976453837808,-8.07806145628088,0.2));
#8964=CARTESIAN_POINT('Ctrl Pts',(70.5807115298874,-8.10535625079167,0.));
#8965=CARTESIAN_POINT('Ctrl Pts',(70.5807115298874,-8.10535625079167,0.2));
#8966=CARTESIAN_POINT('Ctrl Pts',(70.7769071174753,-8.16982437045453,0.));
#8967=CARTESIAN_POINT('Ctrl Pts',(70.7769071174753,-8.16982437045453,0.2));
#8968=CARTESIAN_POINT('Ctrl Pts',(70.9813803096094,-8.19988323885701,0.));
#8969=CARTESIAN_POINT('Ctrl Pts',(70.9813803096094,-8.19988323885701,0.2));
#8970=CARTESIAN_POINT('Ctrl Pts',(71.0992827472147,-8.2172156520664,0.));
#8971=CARTESIAN_POINT('Ctrl Pts',(71.0992827472147,-8.2172156520664,0.2));
#8972=CARTESIAN_POINT('',(70.4976453837808,-8.07806145628088,0.));
#8973=CARTESIAN_POINT('Ctrl Pts',(70.4976453837808,-8.07806145628088,0.));
#8974=CARTESIAN_POINT('Ctrl Pts',(70.5807115298874,-8.10535625079167,0.));
#8975=CARTESIAN_POINT('Ctrl Pts',(70.7769071174753,-8.16982437045453,0.));
#8976=CARTESIAN_POINT('Ctrl Pts',(70.9813803096094,-8.19988323885701,0.));
#8977=CARTESIAN_POINT('Ctrl Pts',(71.0992827472147,-8.2172156520664,0.));
#8978=CARTESIAN_POINT('',(70.4976453837808,-8.07806145628088,0.2));
#8979=CARTESIAN_POINT('',(70.4976453837808,-8.07806145628088,0.));
#8980=CARTESIAN_POINT('Ctrl Pts',(70.4976453837808,-8.07806145628088,0.2));
#8981=CARTESIAN_POINT('Ctrl Pts',(70.5807115298874,-8.10535625079167,0.2));
#8982=CARTESIAN_POINT('Ctrl Pts',(70.7769071174753,-8.16982437045453,0.2));
#8983=CARTESIAN_POINT('Ctrl Pts',(70.9813803096094,-8.19988323885701,0.2));
#8984=CARTESIAN_POINT('Ctrl Pts',(71.0992827472147,-8.2172156520664,0.2));
#8985=CARTESIAN_POINT('Origin',(70.4976453837808,-8.21312319715612,0.));
#8986=CARTESIAN_POINT('',(70.4976453837808,-23.3265615985781,0.));
#8987=CARTESIAN_POINT('',(70.4976453837808,-8.21312319715612,0.2));
#8988=CARTESIAN_POINT('Origin',(70.0085594710764,-9.16878473241918,0.));
#8989=CARTESIAN_POINT('',(70.0085594710764,-9.16878473241918,0.));
#8990=CARTESIAN_POINT('',(70.3932800349649,-9.16878473241918,0.));
#8991=CARTESIAN_POINT('',(55.5167797355382,-9.16878473241918,0.));
#8992=CARTESIAN_POINT('',(70.0085594710764,-9.16878473241918,0.2));
#8993=CARTESIAN_POINT('',(70.0085594710764,-9.16878473241918,0.));
#8994=CARTESIAN_POINT('',(70.3932800349649,-9.16878473241918,0.2));
#8995=CARTESIAN_POINT('',(70.0085594710764,-9.16878473241918,0.2));
#8996=CARTESIAN_POINT('',(70.3932800349649,-9.16878473241918,0.));
#8997=CARTESIAN_POINT('Ctrl Pts',(70.1016702708658,-8.90787076433294,0.));
#8998=CARTESIAN_POINT('Ctrl Pts',(70.1016702708658,-8.90787076433294,0.2));
#8999=CARTESIAN_POINT('Ctrl Pts',(70.0918073847065,-8.95294178471815,0.));
#9000=CARTESIAN_POINT('Ctrl Pts',(70.0918073847065,-8.95294178471815,0.2));
#9001=CARTESIAN_POINT('Ctrl Pts',(70.0719077619674,-9.04387828014649,0.));
#9002=CARTESIAN_POINT('Ctrl Pts',(70.0719077619674,-9.04387828014649,0.2));
#9003=CARTESIAN_POINT('Ctrl Pts',(70.0297981962561,-9.12690745718919,0.));
#9004=CARTESIAN_POINT('Ctrl Pts',(70.0297981962561,-9.12690745718919,0.2));
#9005=CARTESIAN_POINT('Ctrl Pts',(70.0085594710764,-9.16878473241918,0.));
#9006=CARTESIAN_POINT('Ctrl Pts',(70.0085594710764,-9.16878473241918,0.2));
#9007=CARTESIAN_POINT('',(70.1016702708658,-8.90787076433294,0.));
#9008=CARTESIAN_POINT('Ctrl Pts',(70.1016702708658,-8.90787076433294,0.));
#9009=CARTESIAN_POINT('Ctrl Pts',(70.0918073847065,-8.95294178471815,0.));
#9010=CARTESIAN_POINT('Ctrl Pts',(70.0719077619674,-9.04387828014649,0.));
#9011=CARTESIAN_POINT('Ctrl Pts',(70.0297981962561,-9.12690745718919,0.));
#9012=CARTESIAN_POINT('Ctrl Pts',(70.0085594710764,-9.16878473241918,0.));
#9013=CARTESIAN_POINT('',(70.1016702708658,-8.90787076433294,0.2));
#9014=CARTESIAN_POINT('',(70.1016702708658,-8.90787076433294,0.));
#9015=CARTESIAN_POINT('Ctrl Pts',(70.1016702708658,-8.90787076433294,0.2));
#9016=CARTESIAN_POINT('Ctrl Pts',(70.0918073847065,-8.95294178471815,0.2));
#9017=CARTESIAN_POINT('Ctrl Pts',(70.0719077619674,-9.04387828014649,0.2));
#9018=CARTESIAN_POINT('Ctrl Pts',(70.0297981962561,-9.12690745718919,0.2));
#9019=CARTESIAN_POINT('Ctrl Pts',(70.0085594710764,-9.16878473241918,0.2));
#9020=CARTESIAN_POINT('Ctrl Pts',(70.125203376716,-8.25814377744787,0.));
#9021=CARTESIAN_POINT('Ctrl Pts',(70.125203376716,-8.25814377744787,0.2));
#9022=CARTESIAN_POINT('Ctrl Pts',(70.1260501329244,-8.39802190096606,0.));
#9023=CARTESIAN_POINT('Ctrl Pts',(70.1260501329244,-8.39802190096606,0.2));
#9024=CARTESIAN_POINT('Ctrl Pts',(70.1273636891379,-8.61501207649599,0.));
#9025=CARTESIAN_POINT('Ctrl Pts',(70.1273636891379,-8.61501207649599,0.2));
#9026=CARTESIAN_POINT('Ctrl Pts',(70.1084069495463,-8.83108476186931,0.));
#9027=CARTESIAN_POINT('Ctrl Pts',(70.1084069495463,-8.83108476186931,0.2));
#9028=CARTESIAN_POINT('Ctrl Pts',(70.1016702708658,-8.90787076433294,0.));
#9029=CARTESIAN_POINT('Ctrl Pts',(70.1016702708658,-8.90787076433294,0.2));
#9030=CARTESIAN_POINT('',(70.125203376716,-8.25814377744787,0.));
#9031=CARTESIAN_POINT('Ctrl Pts',(70.125203376716,-8.25814377744787,0.));
#9032=CARTESIAN_POINT('Ctrl Pts',(70.1260501329244,-8.39802190096606,0.));
#9033=CARTESIAN_POINT('Ctrl Pts',(70.1273636891379,-8.61501207649599,0.));
#9034=CARTESIAN_POINT('Ctrl Pts',(70.1084069495463,-8.83108476186931,0.));
#9035=CARTESIAN_POINT('Ctrl Pts',(70.1016702708658,-8.90787076433294,0.));
#9036=CARTESIAN_POINT('',(70.125203376716,-8.25814377744787,0.2));
#9037=CARTESIAN_POINT('',(70.125203376716,-8.25814377744787,0.));
#9038=CARTESIAN_POINT('Ctrl Pts',(70.125203376716,-8.25814377744787,0.2));
#9039=CARTESIAN_POINT('Ctrl Pts',(70.1260501329244,-8.39802190096606,0.2));
#9040=CARTESIAN_POINT('Ctrl Pts',(70.1273636891379,-8.61501207649599,0.2));
#9041=CARTESIAN_POINT('Ctrl Pts',(70.1084069495463,-8.83108476186931,0.2));
#9042=CARTESIAN_POINT('Ctrl Pts',(70.1016702708658,-8.90787076433294,0.2));
#9043=CARTESIAN_POINT('Origin',(70.125203376716,-7.76701104124181,0.));
#9044=CARTESIAN_POINT('',(70.125203376716,-7.76701104124181,0.));
#9045=CARTESIAN_POINT('',(70.125203376716,-23.1035055206209,0.));
#9046=CARTESIAN_POINT('',(70.125203376716,-7.76701104124181,0.2));
#9047=CARTESIAN_POINT('',(70.125203376716,-7.76701104124181,0.));
#9048=CARTESIAN_POINT('',(70.125203376716,-7.76701104124181,0.2));
#9049=CARTESIAN_POINT('Ctrl Pts',(70.1436212119516,-7.42731105764501,0.));
#9050=CARTESIAN_POINT('Ctrl Pts',(70.1436212119516,-7.42731105764501,0.2));
#9051=CARTESIAN_POINT('Ctrl Pts',(70.1383104433459,-7.4712637131564,0.));
#9052=CARTESIAN_POINT('Ctrl Pts',(70.1383104433459,-7.4712637131564,0.2));
#9053=CARTESIAN_POINT('Ctrl Pts',(70.1246857943494,-7.58402319267221,0.));
#9054=CARTESIAN_POINT('Ctrl Pts',(70.1246857943494,-7.58402319267221,0.2));
#9055=CARTESIAN_POINT('Ctrl Pts',(70.1250072323978,-7.6976655049426,0.));
#9056=CARTESIAN_POINT('Ctrl Pts',(70.1250072323978,-7.6976655049426,0.2));
#9057=CARTESIAN_POINT('Ctrl Pts',(70.125203376716,-7.76701104124181,0.));
#9058=CARTESIAN_POINT('Ctrl Pts',(70.125203376716,-7.76701104124181,0.2));
#9059=CARTESIAN_POINT('',(70.1436212119516,-7.42731105764501,0.));
#9060=CARTESIAN_POINT('Ctrl Pts',(70.1436212119516,-7.42731105764501,0.));
#9061=CARTESIAN_POINT('Ctrl Pts',(70.1383104433459,-7.4712637131564,0.));
#9062=CARTESIAN_POINT('Ctrl Pts',(70.1246857943494,-7.58402319267221,0.));
#9063=CARTESIAN_POINT('Ctrl Pts',(70.1250072323978,-7.6976655049426,0.));
#9064=CARTESIAN_POINT('Ctrl Pts',(70.125203376716,-7.76701104124181,0.));
#9065=CARTESIAN_POINT('',(70.1436212119516,-7.42731105764501,0.2));
#9066=CARTESIAN_POINT('',(70.1436212119516,-7.42731105764501,0.));
#9067=CARTESIAN_POINT('Ctrl Pts',(70.1436212119516,-7.42731105764501,0.2));
#9068=CARTESIAN_POINT('Ctrl Pts',(70.1383104433459,-7.4712637131564,0.2));
#9069=CARTESIAN_POINT('Ctrl Pts',(70.1246857943494,-7.58402319267221,0.2));
#9070=CARTESIAN_POINT('Ctrl Pts',(70.1250072323978,-7.6976655049426,0.2));
#9071=CARTESIAN_POINT('Ctrl Pts',(70.125203376716,-7.76701104124181,0.2));
#9072=CARTESIAN_POINT('Ctrl Pts',(70.2582182940897,-7.17662941892736,0.));
#9073=CARTESIAN_POINT('Ctrl Pts',(70.2582182940897,-7.17662941892736,0.2));
#9074=CARTESIAN_POINT('Ctrl Pts',(70.2327494187015,-7.21300425609769,0.));
#9075=CARTESIAN_POINT('Ctrl Pts',(70.2327494187015,-7.21300425609769,0.2));
#9076=CARTESIAN_POINT('Ctrl Pts',(70.17922377801,-7.28944997405414,0.));
#9077=CARTESIAN_POINT('Ctrl Pts',(70.17922377801,-7.28944997405414,0.2));
#9078=CARTESIAN_POINT('Ctrl Pts',(70.1558651857339,-7.37989965785106,0.));
#9079=CARTESIAN_POINT('Ctrl Pts',(70.1558651857339,-7.37989965785106,0.2));
#9080=CARTESIAN_POINT('Ctrl Pts',(70.1436212119516,-7.42731105764501,0.));
#9081=CARTESIAN_POINT('Ctrl Pts',(70.1436212119516,-7.42731105764501,0.2));
#9082=CARTESIAN_POINT('',(70.2582182940897,-7.17662941892736,0.));
#9083=CARTESIAN_POINT('Ctrl Pts',(70.2582182940897,-7.17662941892736,0.));
#9084=CARTESIAN_POINT('Ctrl Pts',(70.2327494187015,-7.21300425609769,0.));
#9085=CARTESIAN_POINT('Ctrl Pts',(70.17922377801,-7.28944997405414,0.));
#9086=CARTESIAN_POINT('Ctrl Pts',(70.1558651857339,-7.37989965785106,0.));
#9087=CARTESIAN_POINT('Ctrl Pts',(70.1436212119516,-7.42731105764501,0.));
#9088=CARTESIAN_POINT('',(70.2582182940897,-7.17662941892736,0.2));
#9089=CARTESIAN_POINT('',(70.2582182940897,-7.17662941892736,0.));
#9090=CARTESIAN_POINT('Ctrl Pts',(70.2582182940897,-7.17662941892736,0.2));
#9091=CARTESIAN_POINT('Ctrl Pts',(70.2327494187015,-7.21300425609769,0.2));
#9092=CARTESIAN_POINT('Ctrl Pts',(70.17922377801,-7.28944997405414,0.2));
#9093=CARTESIAN_POINT('Ctrl Pts',(70.1558651857339,-7.37989965785106,0.2));
#9094=CARTESIAN_POINT('Ctrl Pts',(70.1436212119516,-7.42731105764501,0.2));
#9095=CARTESIAN_POINT('Ctrl Pts',(70.5140163955148,-7.01189529379003,0.));
#9096=CARTESIAN_POINT('Ctrl Pts',(70.5140163955148,-7.01189529379003,0.2));
#9097=CARTESIAN_POINT('Ctrl Pts',(70.4615298366967,-7.0332430177063,0.));
#9098=CARTESIAN_POINT('Ctrl Pts',(70.4615298366967,-7.0332430177063,0.2));
#9099=CARTESIAN_POINT('Ctrl Pts',(70.3657156451325,-7.07221327894704,0.));
#9100=CARTESIAN_POINT('Ctrl Pts',(70.3657156451325,-7.07221327894704,0.2));
#9101=CARTESIAN_POINT('Ctrl Pts',(70.2916920951573,-7.14411508193163,0.));
#9102=CARTESIAN_POINT('Ctrl Pts',(70.2916920951573,-7.14411508193163,0.2));
#9103=CARTESIAN_POINT('Ctrl Pts',(70.2582182940897,-7.17662941892736,0.));
#9104=CARTESIAN_POINT('Ctrl Pts',(70.2582182940897,-7.17662941892736,0.2));
#9105=CARTESIAN_POINT('',(70.5140163955148,-7.01189529379003,0.));
#9106=CARTESIAN_POINT('Ctrl Pts',(70.5140163955148,-7.01189529379003,0.));
#9107=CARTESIAN_POINT('Ctrl Pts',(70.4615298366967,-7.0332430177063,0.));
#9108=CARTESIAN_POINT('Ctrl Pts',(70.3657156451325,-7.07221327894704,0.));
#9109=CARTESIAN_POINT('Ctrl Pts',(70.2916920951573,-7.14411508193163,0.));
#9110=CARTESIAN_POINT('Ctrl Pts',(70.2582182940897,-7.17662941892736,0.));
#9111=CARTESIAN_POINT('',(70.5140163955148,-7.01189529379003,0.2));
#9112=CARTESIAN_POINT('',(70.5140163955148,-7.01189529379003,0.));
#9113=CARTESIAN_POINT('Ctrl Pts',(70.5140163955148,-7.01189529379003,0.2));
#9114=CARTESIAN_POINT('Ctrl Pts',(70.4615298366967,-7.0332430177063,0.2));
#9115=CARTESIAN_POINT('Ctrl Pts',(70.3657156451325,-7.07221327894704,0.2));
#9116=CARTESIAN_POINT('Ctrl Pts',(70.2916920951573,-7.14411508193163,0.2));
#9117=CARTESIAN_POINT('Ctrl Pts',(70.2582182940897,-7.17662941892736,0.2));
#9118=CARTESIAN_POINT('Ctrl Pts',(70.966267829841,-6.94641065080755,0.));
#9119=CARTESIAN_POINT('Ctrl Pts',(70.966267829841,-6.94641065080755,0.2));
#9120=CARTESIAN_POINT('Ctrl Pts',(70.8815747571308,-6.94783675139835,0.));
#9121=CARTESIAN_POINT('Ctrl Pts',(70.8815747571308,-6.94783675139835,0.2));
#9122=CARTESIAN_POINT('Ctrl Pts',(70.7278615119461,-6.95042504513662,0.));
#9123=CARTESIAN_POINT('Ctrl Pts',(70.7278615119461,-6.95042504513662,0.2));
#9124=CARTESIAN_POINT('Ctrl Pts',(70.5802822795211,-6.99284701980987,0.));
#9125=CARTESIAN_POINT('Ctrl Pts',(70.5802822795211,-6.99284701980987,0.2));
#9126=CARTESIAN_POINT('Ctrl Pts',(70.5140163955148,-7.01189529379003,0.));
#9127=CARTESIAN_POINT('Ctrl Pts',(70.5140163955148,-7.01189529379003,0.2));
#9128=CARTESIAN_POINT('',(70.966267829841,-6.94641065080755,0.));
#9129=CARTESIAN_POINT('Ctrl Pts',(70.966267829841,-6.94641065080755,0.));
#9130=CARTESIAN_POINT('Ctrl Pts',(70.8815747571308,-6.94783675139835,0.));
#9131=CARTESIAN_POINT('Ctrl Pts',(70.7278615119461,-6.95042504513662,0.));
#9132=CARTESIAN_POINT('Ctrl Pts',(70.5802822795211,-6.99284701980987,0.));
#9133=CARTESIAN_POINT('Ctrl Pts',(70.5140163955148,-7.01189529379003,0.));
#9134=CARTESIAN_POINT('',(70.966267829841,-6.94641065080755,0.2));
#9135=CARTESIAN_POINT('',(70.966267829841,-6.94641065080755,0.));
#9136=CARTESIAN_POINT('Ctrl Pts',(70.966267829841,-6.94641065080755,0.2));
#9137=CARTESIAN_POINT('Ctrl Pts',(70.8815747571308,-6.94783675139835,0.2));
#9138=CARTESIAN_POINT('Ctrl Pts',(70.7278615119461,-6.95042504513662,0.2));
#9139=CARTESIAN_POINT('Ctrl Pts',(70.5802822795211,-6.99284701980987,0.2));
#9140=CARTESIAN_POINT('Ctrl Pts',(70.5140163955148,-7.01189529379003,0.2));
#9141=CARTESIAN_POINT('Ctrl Pts',(71.459446495479,-7.02315043886297,0.));
#9142=CARTESIAN_POINT('Ctrl Pts',(71.459446495479,-7.02315043886297,0.2));
#9143=CARTESIAN_POINT('Ctrl Pts',(71.3833877145754,-7.00078608931845,0.));
#9144=CARTESIAN_POINT('Ctrl Pts',(71.3833877145754,-7.00078608931845,0.2));
#9145=CARTESIAN_POINT('Ctrl Pts',(71.2224819017156,-6.95347328993106,0.));
#9146=CARTESIAN_POINT('Ctrl Pts',(71.2224819017156,-6.95347328993106,0.2));
#9147=CARTESIAN_POINT('Ctrl Pts',(71.0547266371449,-6.94884905174593,0.));
#9148=CARTESIAN_POINT('Ctrl Pts',(71.0547266371449,-6.94884905174593,0.2));
#9149=CARTESIAN_POINT('Ctrl Pts',(70.966267829841,-6.94641065080755,0.));
#9150=CARTESIAN_POINT('Ctrl Pts',(70.966267829841,-6.94641065080755,0.2));
#9151=CARTESIAN_POINT('',(71.459446495479,-7.02315043886297,0.));
#9152=CARTESIAN_POINT('Ctrl Pts',(71.459446495479,-7.02315043886297,0.));
#9153=CARTESIAN_POINT('Ctrl Pts',(71.3833877145754,-7.00078608931845,0.));
#9154=CARTESIAN_POINT('Ctrl Pts',(71.2224819017156,-6.95347328993106,0.));
#9155=CARTESIAN_POINT('Ctrl Pts',(71.0547266371449,-6.94884905174593,0.));
#9156=CARTESIAN_POINT('Ctrl Pts',(70.966267829841,-6.94641065080755,0.));
#9157=CARTESIAN_POINT('',(71.459446495479,-7.02315043886297,0.2));
#9158=CARTESIAN_POINT('',(71.459446495479,-7.02315043886297,0.));
#9159=CARTESIAN_POINT('Ctrl Pts',(71.459446495479,-7.02315043886297,0.2));
#9160=CARTESIAN_POINT('Ctrl Pts',(71.3833877145754,-7.00078608931845,0.2));
#9161=CARTESIAN_POINT('Ctrl Pts',(71.2224819017156,-6.95347328993106,0.2));
#9162=CARTESIAN_POINT('Ctrl Pts',(71.0547266371449,-6.94884905174593,0.2));
#9163=CARTESIAN_POINT('Ctrl Pts',(70.966267829841,-6.94641065080755,0.2));
#9164=CARTESIAN_POINT('Ctrl Pts',(71.7848216947969,-7.2421134658634,0.));
#9165=CARTESIAN_POINT('Ctrl Pts',(71.7848216947969,-7.2421134658634,0.2));
#9166=CARTESIAN_POINT('Ctrl Pts',(71.7412599596571,-7.19678810189115,0.));
#9167=CARTESIAN_POINT('Ctrl Pts',(71.7412599596571,-7.19678810189115,0.2));
#9168=CARTESIAN_POINT('Ctrl Pts',(71.6487437300164,-7.10052628476315,0.));
#9169=CARTESIAN_POINT('Ctrl Pts',(71.6487437300164,-7.10052628476315,0.2));
#9170=CARTESIAN_POINT('Ctrl Pts',(71.5249508638451,-7.04992555750046,0.));
#9171=CARTESIAN_POINT('Ctrl Pts',(71.5249508638451,-7.04992555750046,0.2));
#9172=CARTESIAN_POINT('Ctrl Pts',(71.459446495479,-7.02315043886297,0.));
#9173=CARTESIAN_POINT('Ctrl Pts',(71.459446495479,-7.02315043886297,0.2));
#9174=CARTESIAN_POINT('',(71.7848216947969,-7.2421134658634,0.));
#9175=CARTESIAN_POINT('Ctrl Pts',(71.7848216947969,-7.2421134658634,0.));
#9176=CARTESIAN_POINT('Ctrl Pts',(71.7412599596571,-7.19678810189115,0.));
#9177=CARTESIAN_POINT('Ctrl Pts',(71.6487437300164,-7.10052628476315,0.));
#9178=CARTESIAN_POINT('Ctrl Pts',(71.5249508638451,-7.04992555750046,0.));
#9179=CARTESIAN_POINT('Ctrl Pts',(71.459446495479,-7.02315043886297,0.));
#9180=CARTESIAN_POINT('',(71.7848216947969,-7.2421134658634,0.2));
#9181=CARTESIAN_POINT('',(71.7848216947969,-7.2421134658634,0.));
#9182=CARTESIAN_POINT('Ctrl Pts',(71.7848216947969,-7.2421134658634,0.2));
#9183=CARTESIAN_POINT('Ctrl Pts',(71.7412599596571,-7.19678810189115,0.2));
#9184=CARTESIAN_POINT('Ctrl Pts',(71.6487437300164,-7.10052628476315,0.2));
#9185=CARTESIAN_POINT('Ctrl Pts',(71.5249508638451,-7.04992555750046,0.2));
#9186=CARTESIAN_POINT('Ctrl Pts',(71.459446495479,-7.02315043886297,0.2));
#9187=CARTESIAN_POINT('Ctrl Pts',(71.9464861807283,-7.61557828863256,0.));
#9188=CARTESIAN_POINT('Ctrl Pts',(71.9464861807283,-7.61557828863256,0.2));
#9189=CARTESIAN_POINT('Ctrl Pts',(71.9289191736089,-7.54410668652032,0.));
#9190=CARTESIAN_POINT('Ctrl Pts',(71.9289191736089,-7.54410668652032,0.2));
#9191=CARTESIAN_POINT('Ctrl Pts',(71.8960374908534,-7.41032712289176,0.));
#9192=CARTESIAN_POINT('Ctrl Pts',(71.8960374908534,-7.41032712289176,0.2));
#9193=CARTESIAN_POINT('Ctrl Pts',(71.820161166472,-7.29556434225596,0.));
#9194=CARTESIAN_POINT('Ctrl Pts',(71.820161166472,-7.29556434225596,0.2));
#9195=CARTESIAN_POINT('Ctrl Pts',(71.7848216947969,-7.2421134658634,0.));
#9196=CARTESIAN_POINT('Ctrl Pts',(71.7848216947969,-7.2421134658634,0.2));
#9197=CARTESIAN_POINT('',(71.9464861807283,-7.61557828863256,0.));
#9198=CARTESIAN_POINT('Ctrl Pts',(71.9464861807283,-7.61557828863256,0.));
#9199=CARTESIAN_POINT('Ctrl Pts',(71.9289191736089,-7.54410668652032,0.));
#9200=CARTESIAN_POINT('Ctrl Pts',(71.8960374908534,-7.41032712289176,0.));
#9201=CARTESIAN_POINT('Ctrl Pts',(71.820161166472,-7.29556434225596,0.));
#9202=CARTESIAN_POINT('Ctrl Pts',(71.7848216947969,-7.2421134658634,0.));
#9203=CARTESIAN_POINT('',(71.9464861807283,-7.61557828863256,0.2));
#9204=CARTESIAN_POINT('',(71.9464861807283,-7.61557828863256,0.));
#9205=CARTESIAN_POINT('Ctrl Pts',(71.9464861807283,-7.61557828863256,0.2));
#9206=CARTESIAN_POINT('Ctrl Pts',(71.9289191736089,-7.54410668652032,0.2));
#9207=CARTESIAN_POINT('Ctrl Pts',(71.8960374908534,-7.41032712289176,0.2));
#9208=CARTESIAN_POINT('Ctrl Pts',(71.820161166472,-7.29556434225596,0.2));
#9209=CARTESIAN_POINT('Ctrl Pts',(71.7848216947969,-7.2421134658634,0.2));
#9210=CARTESIAN_POINT('Origin',(71.586322432464,-7.66469191988104,0.));
#9211=CARTESIAN_POINT('',(71.586322432464,-7.66469191988104,0.));
#9212=CARTESIAN_POINT('',(54.5245965455282,-9.99130951454954,0.));
#9213=CARTESIAN_POINT('',(71.586322432464,-7.66469191988104,0.2));
#9214=CARTESIAN_POINT('',(71.586322432464,-7.66469191988104,0.));
#9215=CARTESIAN_POINT('',(71.586322432464,-7.66469191988104,0.2));
#9216=CARTESIAN_POINT('Ctrl Pts',(71.4031710681375,-7.34238635976904,0.));
#9217=CARTESIAN_POINT('Ctrl Pts',(71.4031710681375,-7.34238635976904,0.2));
#9218=CARTESIAN_POINT('Ctrl Pts',(71.4426076900335,-7.38231522628616,0.));
#9219=CARTESIAN_POINT('Ctrl Pts',(71.4426076900335,-7.38231522628616,0.2));
#9220=CARTESIAN_POINT('Ctrl Pts',(71.5320337681569,-7.47285751324887,0.));
#9221=CARTESIAN_POINT('Ctrl Pts',(71.5320337681569,-7.47285751324887,0.2));
#9222=CARTESIAN_POINT('Ctrl Pts',(71.5668564466923,-7.59590691885576,0.));
#9223=CARTESIAN_POINT('Ctrl Pts',(71.5668564466923,-7.59590691885576,0.2));
#9224=CARTESIAN_POINT('Ctrl Pts',(71.586322432464,-7.66469191988104,0.));
#9225=CARTESIAN_POINT('Ctrl Pts',(71.586322432464,-7.66469191988104,0.2));
#9226=CARTESIAN_POINT('',(71.4031710681375,-7.34238635976904,0.));
#9227=CARTESIAN_POINT('Ctrl Pts',(71.4031710681375,-7.34238635976904,0.));
#9228=CARTESIAN_POINT('Ctrl Pts',(71.4426076900335,-7.38231522628616,0.));
#9229=CARTESIAN_POINT('Ctrl Pts',(71.5320337681569,-7.47285751324887,0.));
#9230=CARTESIAN_POINT('Ctrl Pts',(71.5668564466923,-7.59590691885576,0.));
#9231=CARTESIAN_POINT('Ctrl Pts',(71.586322432464,-7.66469191988104,0.));
#9232=CARTESIAN_POINT('',(71.4031710681375,-7.34238635976904,0.2));
#9233=CARTESIAN_POINT('',(71.4031710681375,-7.34238635976904,0.));
#9234=CARTESIAN_POINT('Ctrl Pts',(71.4031710681375,-7.34238635976904,0.2));
#9235=CARTESIAN_POINT('Ctrl Pts',(71.4426076900335,-7.38231522628616,0.2));
#9236=CARTESIAN_POINT('Ctrl Pts',(71.5320337681569,-7.47285751324887,0.2));
#9237=CARTESIAN_POINT('Ctrl Pts',(71.5668564466923,-7.59590691885576,0.2));
#9238=CARTESIAN_POINT('Ctrl Pts',(71.586322432464,-7.66469191988104,0.2));
#9239=CARTESIAN_POINT('Ctrl Pts',(71.0194739159998,-7.25132238348119,0.));
#9240=CARTESIAN_POINT('Ctrl Pts',(71.0194739159998,-7.25132238348119,0.2));
#9241=CARTESIAN_POINT('Ctrl Pts',(71.0964257372238,-7.25252030063193,0.));
#9242=CARTESIAN_POINT('Ctrl Pts',(71.0964257372238,-7.25252030063193,0.2));
#9243=CARTESIAN_POINT('Ctrl Pts',(71.2316714607971,-7.25462568513427,0.));
#9244=CARTESIAN_POINT('Ctrl Pts',(71.2316714607971,-7.25462568513427,0.2));
#9245=CARTESIAN_POINT('Ctrl Pts',(71.3515155928539,-7.31595295021336,0.));
#9246=CARTESIAN_POINT('Ctrl Pts',(71.3515155928539,-7.31595295021336,0.2));
#9247=CARTESIAN_POINT('Ctrl Pts',(71.4031710681375,-7.34238635976904,0.));
#9248=CARTESIAN_POINT('Ctrl Pts',(71.4031710681375,-7.34238635976904,0.2));
#9249=CARTESIAN_POINT('',(71.0194739159998,-7.25132238348119,0.));
#9250=CARTESIAN_POINT('Ctrl Pts',(71.0194739159998,-7.25132238348119,0.));
#9251=CARTESIAN_POINT('Ctrl Pts',(71.0964257372238,-7.25252030063193,0.));
#9252=CARTESIAN_POINT('Ctrl Pts',(71.2316714607971,-7.25462568513427,0.));
#9253=CARTESIAN_POINT('Ctrl Pts',(71.3515155928539,-7.31595295021336,0.));
#9254=CARTESIAN_POINT('Ctrl Pts',(71.4031710681375,-7.34238635976904,0.));
#9255=CARTESIAN_POINT('',(71.0194739159998,-7.25132238348119,0.2));
#9256=CARTESIAN_POINT('',(71.0194739159998,-7.25132238348119,0.));
#9257=CARTESIAN_POINT('Ctrl Pts',(71.0194739159998,-7.25132238348119,0.2));
#9258=CARTESIAN_POINT('Ctrl Pts',(71.0964257372238,-7.25252030063193,0.2));
#9259=CARTESIAN_POINT('Ctrl Pts',(71.2316714607971,-7.25462568513427,0.2));
#9260=CARTESIAN_POINT('Ctrl Pts',(71.3515155928539,-7.31595295021336,0.2));
#9261=CARTESIAN_POINT('Ctrl Pts',(71.4031710681375,-7.34238635976904,0.2));
#9262=CARTESIAN_POINT('Ctrl Pts',(70.5999651011881,-7.37615179498785,0.));
#9263=CARTESIAN_POINT('Ctrl Pts',(70.5999651011881,-7.37615179498785,0.2));
#9264=CARTESIAN_POINT('Ctrl Pts',(70.6568328084983,-7.33984869066917,0.));
#9265=CARTESIAN_POINT('Ctrl Pts',(70.6568328084983,-7.33984869066917,0.2));
#9266=CARTESIAN_POINT('Ctrl Pts',(70.7840434269748,-7.25864020572356,0.));
#9267=CARTESIAN_POINT('Ctrl Pts',(70.7840434269748,-7.25864020572356,0.2));
#9268=CARTESIAN_POINT('Ctrl Pts',(70.935644150947,-7.25392804140518,0.));
#9269=CARTESIAN_POINT('Ctrl Pts',(70.935644150947,-7.25392804140518,0.2));
#9270=CARTESIAN_POINT('Ctrl Pts',(71.0194739159998,-7.25132238348119,0.));
#9271=CARTESIAN_POINT('Ctrl Pts',(71.0194739159998,-7.25132238348119,0.2));
#9272=CARTESIAN_POINT('',(70.5999651011881,-7.37615179498785,0.));
#9273=CARTESIAN_POINT('Ctrl Pts',(70.5999651011881,-7.37615179498785,0.));
#9274=CARTESIAN_POINT('Ctrl Pts',(70.6568328084983,-7.33984869066917,0.));
#9275=CARTESIAN_POINT('Ctrl Pts',(70.7840434269748,-7.25864020572356,0.));
#9276=CARTESIAN_POINT('Ctrl Pts',(70.935644150947,-7.25392804140518,0.));
#9277=CARTESIAN_POINT('Ctrl Pts',(71.0194739159998,-7.25132238348119,0.));
#9278=CARTESIAN_POINT('',(70.5999651011881,-7.37615179498785,0.2));
#9279=CARTESIAN_POINT('',(70.5999651011881,-7.37615179498785,0.));
#9280=CARTESIAN_POINT('Ctrl Pts',(70.5999651011881,-7.37615179498785,0.2));
#9281=CARTESIAN_POINT('Ctrl Pts',(70.6568328084983,-7.33984869066917,0.2));
#9282=CARTESIAN_POINT('Ctrl Pts',(70.7840434269748,-7.25864020572356,0.2));
#9283=CARTESIAN_POINT('Ctrl Pts',(70.935644150947,-7.25392804140518,0.2));
#9284=CARTESIAN_POINT('Ctrl Pts',(71.0194739159998,-7.25132238348119,0.2));
#9285=CARTESIAN_POINT('Ctrl Pts',(70.4955991563257,-7.69334148843877,0.));
#9286=CARTESIAN_POINT('Ctrl Pts',(70.4955991563257,-7.69334148843877,0.2));
#9287=CARTESIAN_POINT('Ctrl Pts',(70.4970685963883,-7.62678053145828,0.));
#9288=CARTESIAN_POINT('Ctrl Pts',(70.4970685963883,-7.62678053145828,0.2));
#9289=CARTESIAN_POINT('Ctrl Pts',(70.4996595688307,-7.50941772799257,0.));
#9290=CARTESIAN_POINT('Ctrl Pts',(70.4996595688307,-7.50941772799257,0.2));
#9291=CARTESIAN_POINT('Ctrl Pts',(70.5696632139726,-7.41641088316239,0.));
#9292=CARTESIAN_POINT('Ctrl Pts',(70.5696632139726,-7.41641088316239,0.2));
#9293=CARTESIAN_POINT('Ctrl Pts',(70.5999651011881,-7.37615179498785,0.));
#9294=CARTESIAN_POINT('Ctrl Pts',(70.5999651011881,-7.37615179498785,0.2));
#9295=CARTESIAN_POINT('',(70.4955991563257,-7.69334148843877,0.));
#9296=CARTESIAN_POINT('Ctrl Pts',(70.4955991563257,-7.69334148843877,0.));
#9297=CARTESIAN_POINT('Ctrl Pts',(70.4970685963883,-7.62678053145828,0.));
#9298=CARTESIAN_POINT('Ctrl Pts',(70.4996595688307,-7.50941772799257,0.));
#9299=CARTESIAN_POINT('Ctrl Pts',(70.5696632139726,-7.41641088316239,0.));
#9300=CARTESIAN_POINT('Ctrl Pts',(70.5999651011881,-7.37615179498785,0.));
#9301=CARTESIAN_POINT('',(70.4955991563257,-7.69334148843877,0.2));
#9302=CARTESIAN_POINT('',(70.4955991563257,-7.69334148843877,0.));
#9303=CARTESIAN_POINT('Ctrl Pts',(70.4955991563257,-7.69334148843877,0.2));
#9304=CARTESIAN_POINT('Ctrl Pts',(70.4970685963883,-7.62678053145828,0.2));
#9305=CARTESIAN_POINT('Ctrl Pts',(70.4996595688307,-7.50941772799257,0.2));
#9306=CARTESIAN_POINT('Ctrl Pts',(70.5696632139726,-7.41641088316239,0.2));
#9307=CARTESIAN_POINT('Ctrl Pts',(70.5999651011881,-7.37615179498785,0.2));
#9308=CARTESIAN_POINT('Ctrl Pts',(70.4976453837808,-7.78952133138769,0.));
#9309=CARTESIAN_POINT('Ctrl Pts',(70.4976453837808,-7.78952133138769,0.2));
#9310=CARTESIAN_POINT('Ctrl Pts',(70.4970682276032,-7.76888810099681,0.));
#9311=CARTESIAN_POINT('Ctrl Pts',(70.4970682276032,-7.76888810099681,0.2));
#9312=CARTESIAN_POINT('Ctrl Pts',(70.4961715605659,-7.73683241436929,0.));
#9313=CARTESIAN_POINT('Ctrl Pts',(70.4961715605659,-7.73683241436929,0.2));
#9314=CARTESIAN_POINT('Ctrl Pts',(70.4957495367687,-7.70476730300691,0.));
#9315=CARTESIAN_POINT('Ctrl Pts',(70.4957495367687,-7.70476730300691,0.2));
#9316=CARTESIAN_POINT('Ctrl Pts',(70.4955991563257,-7.69334148843877,0.));
#9317=CARTESIAN_POINT('Ctrl Pts',(70.4955991563257,-7.69334148843877,0.2));
#9318=CARTESIAN_POINT('',(70.4976453837808,-7.78952133138769,0.));
#9319=CARTESIAN_POINT('Ctrl Pts',(70.4976453837808,-7.78952133138769,0.));
#9320=CARTESIAN_POINT('Ctrl Pts',(70.4970682276032,-7.76888810099681,0.));
#9321=CARTESIAN_POINT('Ctrl Pts',(70.4961715605659,-7.73683241436929,0.));
#9322=CARTESIAN_POINT('Ctrl Pts',(70.4957495367687,-7.70476730300691,0.));
#9323=CARTESIAN_POINT('Ctrl Pts',(70.4955991563257,-7.69334148843877,0.));
#9324=CARTESIAN_POINT('',(70.4976453837808,-7.78952133138769,0.2));
#9325=CARTESIAN_POINT('',(70.4976453837808,-7.78952133138769,0.));
#9326=CARTESIAN_POINT('Ctrl Pts',(70.4976453837808,-7.78952133138769,0.2));
#9327=CARTESIAN_POINT('Ctrl Pts',(70.4970682276032,-7.76888810099681,0.2));
#9328=CARTESIAN_POINT('Ctrl Pts',(70.4961715605659,-7.73683241436929,0.2));
#9329=CARTESIAN_POINT('Ctrl Pts',(70.4957495367687,-7.70476730300691,0.2));
#9330=CARTESIAN_POINT('Ctrl Pts',(70.4955991563257,-7.69334148843877,0.2));
#9331=CARTESIAN_POINT('Ctrl Pts',(71.1545350608286,-7.91639697034948,0.));
#9332=CARTESIAN_POINT('Ctrl Pts',(71.1545350608286,-7.91639697034948,0.2));
#9333=CARTESIAN_POINT('Ctrl Pts',(71.0246909103149,-7.90067786215154,0.));
#9334=CARTESIAN_POINT('Ctrl Pts',(71.0246909103149,-7.90067786215154,0.2));
#9335=CARTESIAN_POINT('Ctrl Pts',(70.8026167960933,-7.87379327000318,0.));
#9336=CARTESIAN_POINT('Ctrl Pts',(70.8026167960933,-7.87379327000318,0.2));
#9337=CARTESIAN_POINT('Ctrl Pts',(70.5871367530142,-7.81425024324688,0.));
#9338=CARTESIAN_POINT('Ctrl Pts',(70.5871367530142,-7.81425024324688,0.2));
#9339=CARTESIAN_POINT('Ctrl Pts',(70.4976453837808,-7.78952133138769,0.));
#9340=CARTESIAN_POINT('Ctrl Pts',(70.4976453837808,-7.78952133138769,0.2));
#9341=CARTESIAN_POINT('',(71.1545350608286,-7.91639697034948,0.));
#9342=CARTESIAN_POINT('Ctrl Pts',(71.1545350608286,-7.91639697034948,0.));
#9343=CARTESIAN_POINT('Ctrl Pts',(71.0246909103149,-7.90067786215154,0.));
#9344=CARTESIAN_POINT('Ctrl Pts',(70.8026167960933,-7.87379327000318,0.));
#9345=CARTESIAN_POINT('Ctrl Pts',(70.5871367530142,-7.81425024324688,0.));
#9346=CARTESIAN_POINT('Ctrl Pts',(70.4976453837808,-7.78952133138769,0.));
#9347=CARTESIAN_POINT('',(71.1545350608286,-7.91639697034948,0.2));
#9348=CARTESIAN_POINT('',(71.1545350608286,-7.91639697034948,0.));
#9349=CARTESIAN_POINT('Ctrl Pts',(71.1545350608286,-7.91639697034948,0.2));
#9350=CARTESIAN_POINT('Ctrl Pts',(71.0246909103149,-7.90067786215154,0.2));
#9351=CARTESIAN_POINT('Ctrl Pts',(70.8026167960933,-7.87379327000318,0.2));
#9352=CARTESIAN_POINT('Ctrl Pts',(70.5871367530142,-7.81425024324688,0.2));
#9353=CARTESIAN_POINT('Ctrl Pts',(70.4976453837808,-7.78952133138769,0.2));
#9354=CARTESIAN_POINT('Ctrl Pts',(71.4819567856249,-7.97164988000982,0.));
#9355=CARTESIAN_POINT('Ctrl Pts',(71.4819567856249,-7.97164988000982,0.2));
#9356=CARTESIAN_POINT('Ctrl Pts',(71.4367001028423,-7.9616683982368,0.));
#9357=CARTESIAN_POINT('Ctrl Pts',(71.4367001028423,-7.9616683982368,0.2));
#9358=CARTESIAN_POINT('Ctrl Pts',(71.3285072212553,-7.93780617040363,0.));
#9359=CARTESIAN_POINT('Ctrl Pts',(71.3285072212553,-7.93780617040363,0.2));
#9360=CARTESIAN_POINT('Ctrl Pts',(71.218516860123,-7.92427063897301,0.));
#9361=CARTESIAN_POINT('Ctrl Pts',(71.218516860123,-7.92427063897301,0.2));
#9362=CARTESIAN_POINT('Ctrl Pts',(71.1545350608286,-7.91639697034948,0.));
#9363=CARTESIAN_POINT('Ctrl Pts',(71.1545350608286,-7.91639697034948,0.2));
#9364=CARTESIAN_POINT('',(71.4819567856249,-7.97164988000982,0.));
#9365=CARTESIAN_POINT('Ctrl Pts',(71.4819567856249,-7.97164988000982,0.));
#9366=CARTESIAN_POINT('Ctrl Pts',(71.4367001028423,-7.9616683982368,0.));
#9367=CARTESIAN_POINT('Ctrl Pts',(71.3285072212553,-7.93780617040363,0.));
#9368=CARTESIAN_POINT('Ctrl Pts',(71.218516860123,-7.92427063897301,0.));
#9369=CARTESIAN_POINT('Ctrl Pts',(71.1545350608286,-7.91639697034948,0.));
#9370=CARTESIAN_POINT('',(71.4819567856249,-7.97164988000982,0.2));
#9371=CARTESIAN_POINT('',(71.4819567856249,-7.97164988000982,0.));
#9372=CARTESIAN_POINT('Ctrl Pts',(71.4819567856249,-7.97164988000982,0.2));
#9373=CARTESIAN_POINT('Ctrl Pts',(71.4367001028423,-7.9616683982368,0.2));
#9374=CARTESIAN_POINT('Ctrl Pts',(71.3285072212553,-7.93780617040363,0.2));
#9375=CARTESIAN_POINT('Ctrl Pts',(71.218516860123,-7.92427063897301,0.2));
#9376=CARTESIAN_POINT('Ctrl Pts',(71.1545350608286,-7.91639697034948,0.2));
#9377=CARTESIAN_POINT('Ctrl Pts',(71.7469635066446,-8.09238624055975,0.));
#9378=CARTESIAN_POINT('Ctrl Pts',(71.7469635066446,-8.09238624055975,0.2));
#9379=CARTESIAN_POINT('Ctrl Pts',(71.7060648378376,-8.06728245634405,0.));
#9380=CARTESIAN_POINT('Ctrl Pts',(71.7060648378376,-8.06728245634405,0.2));
#9381=CARTESIAN_POINT('Ctrl Pts',(71.6227206060989,-8.01612539744157,0.));
#9382=CARTESIAN_POINT('Ctrl Pts',(71.6227206060989,-8.01612539744157,0.2));
#9383=CARTESIAN_POINT('Ctrl Pts',(71.5294550712854,-7.98665736435318,0.));
#9384=CARTESIAN_POINT('Ctrl Pts',(71.5294550712854,-7.98665736435318,0.2));
#9385=CARTESIAN_POINT('Ctrl Pts',(71.4819567856249,-7.97164988000982,0.));
#9386=CARTESIAN_POINT('Ctrl Pts',(71.4819567856249,-7.97164988000982,0.2));
#9387=CARTESIAN_POINT('',(71.7469635066446,-8.09238624055975,0.));
#9388=CARTESIAN_POINT('Ctrl Pts',(71.7469635066446,-8.09238624055975,0.));
#9389=CARTESIAN_POINT('Ctrl Pts',(71.7060648378376,-8.06728245634405,0.));
#9390=CARTESIAN_POINT('Ctrl Pts',(71.6227206060989,-8.01612539744157,0.));
#9391=CARTESIAN_POINT('Ctrl Pts',(71.5294550712854,-7.98665736435318,0.));
#9392=CARTESIAN_POINT('Ctrl Pts',(71.4819567856249,-7.97164988000982,0.));
#9393=CARTESIAN_POINT('',(71.7469635066446,-8.09238624055975,0.2));
#9394=CARTESIAN_POINT('',(71.7469635066446,-8.09238624055975,0.));
#9395=CARTESIAN_POINT('Ctrl Pts',(71.7469635066446,-8.09238624055975,0.2));
#9396=CARTESIAN_POINT('Ctrl Pts',(71.7060648378376,-8.06728245634405,0.2));
#9397=CARTESIAN_POINT('Ctrl Pts',(71.6227206060989,-8.01612539744157,0.2));
#9398=CARTESIAN_POINT('Ctrl Pts',(71.5294550712854,-7.98665736435318,0.2));
#9399=CARTESIAN_POINT('Ctrl Pts',(71.4819567856249,-7.97164988000982,0.2));
#9400=CARTESIAN_POINT('Ctrl Pts',(71.9372772631105,-8.30418717344396,0.));
#9401=CARTESIAN_POINT('Ctrl Pts',(71.9372772631105,-8.30418717344396,0.2));
#9402=CARTESIAN_POINT('Ctrl Pts',(71.9114903628832,-8.26257210023825,0.));
#9403=CARTESIAN_POINT('Ctrl Pts',(71.9114903628832,-8.26257210023825,0.2));
#9404=CARTESIAN_POINT('Ctrl Pts',(71.8606839132227,-8.18058030970463,0.));
#9405=CARTESIAN_POINT('Ctrl Pts',(71.8606839132227,-8.18058030970463,0.2));
#9406=CARTESIAN_POINT('Ctrl Pts',(71.7844866961568,-8.12148675883926,0.));
#9407=CARTESIAN_POINT('Ctrl Pts',(71.7844866961568,-8.12148675883926,0.2));
#9408=CARTESIAN_POINT('Ctrl Pts',(71.7469635066446,-8.09238624055975,0.));
#9409=CARTESIAN_POINT('Ctrl Pts',(71.7469635066446,-8.09238624055975,0.2));
#9410=CARTESIAN_POINT('',(71.9372772631105,-8.30418717344396,0.));
#9411=CARTESIAN_POINT('Ctrl Pts',(71.9372772631105,-8.30418717344396,0.));
#9412=CARTESIAN_POINT('Ctrl Pts',(71.9114903628832,-8.26257210023825,0.));
#9413=CARTESIAN_POINT('Ctrl Pts',(71.8606839132227,-8.18058030970463,0.));
#9414=CARTESIAN_POINT('Ctrl Pts',(71.7844866961568,-8.12148675883926,0.));
#9415=CARTESIAN_POINT('Ctrl Pts',(71.7469635066446,-8.09238624055975,0.));
#9416=CARTESIAN_POINT('',(71.9372772631105,-8.30418717344396,0.2));
#9417=CARTESIAN_POINT('',(71.9372772631105,-8.30418717344396,0.));
#9418=CARTESIAN_POINT('Ctrl Pts',(71.9372772631105,-8.30418717344396,0.2));
#9419=CARTESIAN_POINT('Ctrl Pts',(71.9114903628832,-8.26257210023825,0.2));
#9420=CARTESIAN_POINT('Ctrl Pts',(71.8606839132227,-8.18058030970463,0.2));
#9421=CARTESIAN_POINT('Ctrl Pts',(71.7844866961568,-8.12148675883926,0.2));
#9422=CARTESIAN_POINT('Ctrl Pts',(71.7469635066446,-8.09238624055975,0.2));
#9423=CARTESIAN_POINT('Ctrl Pts',(72.0099240002092,-8.59579693754308,0.));
#9424=CARTESIAN_POINT('Ctrl Pts',(72.0099240002092,-8.59579693754308,0.2));
#9425=CARTESIAN_POINT('Ctrl Pts',(72.0070846112675,-8.54408554683747,0.));
#9426=CARTESIAN_POINT('Ctrl Pts',(72.0070846112675,-8.54408554683747,0.2));
#9427=CARTESIAN_POINT('Ctrl Pts',(72.0014905035494,-8.44220479157467,0.));
#9428=CARTESIAN_POINT('Ctrl Pts',(72.0014905035494,-8.44220479157467,0.2));
#9429=CARTESIAN_POINT('Ctrl Pts',(71.9584646023431,-8.34972647461329,0.));
#9430=CARTESIAN_POINT('Ctrl Pts',(71.9584646023431,-8.34972647461329,0.2));
#9431=CARTESIAN_POINT('Ctrl Pts',(71.9372772631105,-8.30418717344396,0.));
#9432=CARTESIAN_POINT('Ctrl Pts',(71.9372772631105,-8.30418717344396,0.2));
#9433=CARTESIAN_POINT('',(72.0099240002092,-8.59579693754308,0.));
#9434=CARTESIAN_POINT('Ctrl Pts',(72.0099240002092,-8.59579693754308,0.));
#9435=CARTESIAN_POINT('Ctrl Pts',(72.0070846112675,-8.54408554683747,0.));
#9436=CARTESIAN_POINT('Ctrl Pts',(72.0014905035494,-8.44220479157467,0.));
#9437=CARTESIAN_POINT('Ctrl Pts',(71.9584646023431,-8.34972647461329,0.));
#9438=CARTESIAN_POINT('Ctrl Pts',(71.9372772631105,-8.30418717344396,0.));
#9439=CARTESIAN_POINT('',(72.0099240002092,-8.59579693754308,0.2));
#9440=CARTESIAN_POINT('',(72.0099240002092,-8.59579693754308,0.));
#9441=CARTESIAN_POINT('Ctrl Pts',(72.0099240002092,-8.59579693754308,0.2));
#9442=CARTESIAN_POINT('Ctrl Pts',(72.0070846112675,-8.54408554683747,0.2));
#9443=CARTESIAN_POINT('Ctrl Pts',(72.0014905035494,-8.44220479157467,0.2));
#9444=CARTESIAN_POINT('Ctrl Pts',(71.9584646023431,-8.34972647461329,0.2));
#9445=CARTESIAN_POINT('Ctrl Pts',(71.9372772631105,-8.30418717344396,0.2));
#9446=CARTESIAN_POINT('Ctrl Pts',(71.8175637182649,-9.04293190916174,0.));
#9447=CARTESIAN_POINT('Ctrl Pts',(71.8175637182649,-9.04293190916174,0.2));
#9448=CARTESIAN_POINT('Ctrl Pts',(71.8736660527031,-8.97998394533334,0.));
#9449=CARTESIAN_POINT('Ctrl Pts',(71.8736660527031,-8.97998394533334,0.2));
#9450=CARTESIAN_POINT('Ctrl Pts',(71.9873484873274,-8.85242993435816,0.));
#9451=CARTESIAN_POINT('Ctrl Pts',(71.9873484873274,-8.85242993435816,0.2));
#9452=CARTESIAN_POINT('Ctrl Pts',(72.0023338971261,-8.6820794025553,0.));
#9453=CARTESIAN_POINT('Ctrl Pts',(72.0023338971261,-8.6820794025553,0.2));
#9454=CARTESIAN_POINT('Ctrl Pts',(72.0099240002092,-8.59579693754308,0.));
#9455=CARTESIAN_POINT('Ctrl Pts',(72.0099240002092,-8.59579693754308,0.2));
#9456=CARTESIAN_POINT('',(71.8175637182649,-9.04293190916174,0.));
#9457=CARTESIAN_POINT('Ctrl Pts',(71.8175637182649,-9.04293190916174,0.));
#9458=CARTESIAN_POINT('Ctrl Pts',(71.8736660527031,-8.97998394533334,0.));
#9459=CARTESIAN_POINT('Ctrl Pts',(71.9873484873274,-8.85242993435816,0.));
#9460=CARTESIAN_POINT('Ctrl Pts',(72.0023338971261,-8.6820794025553,0.));
#9461=CARTESIAN_POINT('Ctrl Pts',(72.0099240002092,-8.59579693754308,0.));
#9462=CARTESIAN_POINT('',(71.8175637182649,-9.04293190916174,0.2));
#9463=CARTESIAN_POINT('',(71.8175637182649,-9.04293190916174,0.));
#9464=CARTESIAN_POINT('Ctrl Pts',(71.8175637182649,-9.04293190916174,0.2));
#9465=CARTESIAN_POINT('Ctrl Pts',(71.8736660527031,-8.97998394533334,0.2));
#9466=CARTESIAN_POINT('Ctrl Pts',(71.9873484873274,-8.85242993435816,0.2));
#9467=CARTESIAN_POINT('Ctrl Pts',(72.0023338971261,-8.6820794025553,0.2));
#9468=CARTESIAN_POINT('Ctrl Pts',(72.0099240002092,-8.59579693754308,0.2));
#9469=CARTESIAN_POINT('Ctrl Pts',(71.2670865115579,-9.21789776762121,0.));
#9470=CARTESIAN_POINT('Ctrl Pts',(71.2670865115579,-9.21789776762121,0.2));
#9471=CARTESIAN_POINT('Ctrl Pts',(71.3760815089075,-9.21353546686485,0.));
#9472=CARTESIAN_POINT('Ctrl Pts',(71.3760815089075,-9.21353546686485,0.2));
#9473=CARTESIAN_POINT('Ctrl Pts',(71.5764867001919,-9.20551466096754,0.));
#9474=CARTESIAN_POINT('Ctrl Pts',(71.5764867001919,-9.20551466096754,0.2));
#9475=CARTESIAN_POINT('Ctrl Pts',(71.7420471482296,-9.0938604126807,0.));
#9476=CARTESIAN_POINT('Ctrl Pts',(71.7420471482296,-9.0938604126807,0.2));
#9477=CARTESIAN_POINT('Ctrl Pts',(71.8175637182649,-9.04293190916174,0.));
#9478=CARTESIAN_POINT('Ctrl Pts',(71.8175637182649,-9.04293190916174,0.2));
#9479=CARTESIAN_POINT('',(71.2670865115579,-9.21789776762121,0.));
#9480=CARTESIAN_POINT('Ctrl Pts',(71.2670865115579,-9.21789776762121,0.));
#9481=CARTESIAN_POINT('Ctrl Pts',(71.3760815089075,-9.21353546686485,0.));
#9482=CARTESIAN_POINT('Ctrl Pts',(71.5764867001919,-9.20551466096754,0.));
#9483=CARTESIAN_POINT('Ctrl Pts',(71.7420471482296,-9.0938604126807,0.));
#9484=CARTESIAN_POINT('Ctrl Pts',(71.8175637182649,-9.04293190916174,0.));
#9485=CARTESIAN_POINT('',(71.2670865115579,-9.21789776762121,0.2));
#9486=CARTESIAN_POINT('',(71.2670865115579,-9.21789776762121,0.));
#9487=CARTESIAN_POINT('Ctrl Pts',(71.2670865115579,-9.21789776762121,0.2));
#9488=CARTESIAN_POINT('Ctrl Pts',(71.3760815089075,-9.21353546686485,0.2));
#9489=CARTESIAN_POINT('Ctrl Pts',(71.5764867001919,-9.20551466096754,0.2));
#9490=CARTESIAN_POINT('Ctrl Pts',(71.7420471482296,-9.0938604126807,0.2));
#9491=CARTESIAN_POINT('Ctrl Pts',(71.8175637182649,-9.04293190916174,0.2));
#9492=CARTESIAN_POINT('Ctrl Pts',(70.8608790692743,-9.14627444227331,0.));
#9493=CARTESIAN_POINT('Ctrl Pts',(70.8608790692743,-9.14627444227331,0.2));
#9494=CARTESIAN_POINT('Ctrl Pts',(70.925747235272,-9.16716243519559,0.));
#9495=CARTESIAN_POINT('Ctrl Pts',(70.925747235272,-9.16716243519559,0.2));
#9496=CARTESIAN_POINT('Ctrl Pts',(71.0578289075791,-9.20969363665447,0.));
#9497=CARTESIAN_POINT('Ctrl Pts',(71.0578289075791,-9.20969363665447,0.2));
#9498=CARTESIAN_POINT('Ctrl Pts',(71.1965131169431,-9.21513087475243,0.));
#9499=CARTESIAN_POINT('Ctrl Pts',(71.1965131169431,-9.21513087475243,0.2));
#9500=CARTESIAN_POINT('Ctrl Pts',(71.2670865115579,-9.21789776762121,0.));
#9501=CARTESIAN_POINT('Ctrl Pts',(71.2670865115579,-9.21789776762121,0.2));
#9502=CARTESIAN_POINT('',(70.8608790692743,-9.14627444227331,0.));
#9503=CARTESIAN_POINT('Ctrl Pts',(70.8608790692743,-9.14627444227331,0.));
#9504=CARTESIAN_POINT('Ctrl Pts',(70.925747235272,-9.16716243519559,0.));
#9505=CARTESIAN_POINT('Ctrl Pts',(71.0578289075791,-9.20969363665447,0.));
#9506=CARTESIAN_POINT('Ctrl Pts',(71.1965131169431,-9.21513087475243,0.));
#9507=CARTESIAN_POINT('Ctrl Pts',(71.2670865115579,-9.21789776762121,0.));
#9508=CARTESIAN_POINT('',(70.8608790692743,-9.14627444227331,0.2));
#9509=CARTESIAN_POINT('',(70.8608790692743,-9.14627444227331,0.));
#9510=CARTESIAN_POINT('Ctrl Pts',(70.8608790692743,-9.14627444227331,0.2));
#9511=CARTESIAN_POINT('Ctrl Pts',(70.925747235272,-9.16716243519559,0.2));
#9512=CARTESIAN_POINT('Ctrl Pts',(71.0578289075791,-9.20969363665447,0.2));
#9513=CARTESIAN_POINT('Ctrl Pts',(71.1965131169431,-9.21513087475243,0.2));
#9514=CARTESIAN_POINT('Ctrl Pts',(71.2670865115579,-9.21789776762121,0.2));
#9515=CARTESIAN_POINT('Ctrl Pts',(70.4669501838144,-8.90070807417028,0.));
#9516=CARTESIAN_POINT('Ctrl Pts',(70.4669501838144,-8.90070807417028,0.2));
#9517=CARTESIAN_POINT('Ctrl Pts',(70.5319002756492,-8.95338850207138,0.));
#9518=CARTESIAN_POINT('Ctrl Pts',(70.5319002756492,-8.95338850207138,0.2));
#9519=CARTESIAN_POINT('Ctrl Pts',(70.6530970063556,-9.051690066449,0.));
#9520=CARTESIAN_POINT('Ctrl Pts',(70.6530970063556,-9.051690066449,0.2));
#9521=CARTESIAN_POINT('Ctrl Pts',(70.7950155620337,-9.11629274590145,0.));
#9522=CARTESIAN_POINT('Ctrl Pts',(70.7950155620337,-9.11629274590145,0.2));
#9523=CARTESIAN_POINT('Ctrl Pts',(70.8608790692743,-9.14627444227331,0.));
#9524=CARTESIAN_POINT('Ctrl Pts',(70.8608790692743,-9.14627444227331,0.2));
#9525=CARTESIAN_POINT('',(70.4669501838144,-8.90070807417028,0.));
#9526=CARTESIAN_POINT('Ctrl Pts',(70.4669501838144,-8.90070807417028,0.));
#9527=CARTESIAN_POINT('Ctrl Pts',(70.5319002756492,-8.95338850207138,0.));
#9528=CARTESIAN_POINT('Ctrl Pts',(70.6530970063556,-9.051690066449,0.));
#9529=CARTESIAN_POINT('Ctrl Pts',(70.7950155620337,-9.11629274590145,0.));
#9530=CARTESIAN_POINT('Ctrl Pts',(70.8608790692743,-9.14627444227331,0.));
#9531=CARTESIAN_POINT('',(70.4669501838144,-8.90070807417028,0.2));
#9532=CARTESIAN_POINT('',(70.4669501838144,-8.90070807417028,0.));
#9533=CARTESIAN_POINT('Ctrl Pts',(70.4669501838144,-8.90070807417028,0.2));
#9534=CARTESIAN_POINT('Ctrl Pts',(70.5319002756492,-8.95338850207138,0.2));
#9535=CARTESIAN_POINT('Ctrl Pts',(70.6530970063556,-9.051690066449,0.2));
#9536=CARTESIAN_POINT('Ctrl Pts',(70.7950155620337,-9.11629274590145,0.2));
#9537=CARTESIAN_POINT('Ctrl Pts',(70.8608790692743,-9.14627444227331,0.2));
#9538=CARTESIAN_POINT('Ctrl Pts',(70.3932800349649,-9.16878473241918,0.));
#9539=CARTESIAN_POINT('Ctrl Pts',(70.3932800349649,-9.16878473241918,0.2));
#9540=CARTESIAN_POINT('Ctrl Pts',(70.4107851414329,-9.127852984217,0.));
#9541=CARTESIAN_POINT('Ctrl Pts',(70.4107851414329,-9.127852984217,0.2));
#9542=CARTESIAN_POINT('Ctrl Pts',(70.4475429543308,-9.0419031189729,0.));
#9543=CARTESIAN_POINT('Ctrl Pts',(70.4475429543308,-9.0419031189729,0.2));
#9544=CARTESIAN_POINT('Ctrl Pts',(70.4602792638453,-8.94924157786878,0.));
#9545=CARTESIAN_POINT('Ctrl Pts',(70.4602792638453,-8.94924157786878,0.2));
#9546=CARTESIAN_POINT('Ctrl Pts',(70.4669501838144,-8.90070807417028,0.));
#9547=CARTESIAN_POINT('Ctrl Pts',(70.4669501838144,-8.90070807417028,0.2));
#9548=CARTESIAN_POINT('Ctrl Pts',(70.3932800349649,-9.16878473241918,0.));
#9549=CARTESIAN_POINT('Ctrl Pts',(70.4107851414329,-9.127852984217,0.));
#9550=CARTESIAN_POINT('Ctrl Pts',(70.4475429543308,-9.0419031189729,0.));
#9551=CARTESIAN_POINT('Ctrl Pts',(70.4602792638453,-8.94924157786878,0.));
#9552=CARTESIAN_POINT('Ctrl Pts',(70.4669501838144,-8.90070807417028,0.));
#9553=CARTESIAN_POINT('Ctrl Pts',(70.3932800349649,-9.16878473241918,0.2));
#9554=CARTESIAN_POINT('Ctrl Pts',(70.4107851414329,-9.127852984217,0.2));
#9555=CARTESIAN_POINT('Ctrl Pts',(70.4475429543308,-9.0419031189729,0.2));
#9556=CARTESIAN_POINT('Ctrl Pts',(70.4602792638453,-8.94924157786878,0.2));
#9557=CARTESIAN_POINT('Ctrl Pts',(70.4669501838144,-8.90070807417028,0.2));
#9558=CARTESIAN_POINT('Origin',(66.0979183596429,-5.35227682669752,0.2));
#9559=CARTESIAN_POINT('Ctrl Pts',(57.7855029162821,-7.25132238348119,0.));
#9560=CARTESIAN_POINT('Ctrl Pts',(57.7855029162821,-7.25132238348119,0.2));
#9561=CARTESIAN_POINT('Ctrl Pts',(57.8644143956441,-7.26020114192,0.));
#9562=CARTESIAN_POINT('Ctrl Pts',(57.8644143956441,-7.26020114192,0.2));
#9563=CARTESIAN_POINT('Ctrl Pts',(58.0248062828455,-7.27824770287056,0.));
#9564=CARTESIAN_POINT('Ctrl Pts',(58.0248062828455,-7.27824770287056,0.2));
#9565=CARTESIAN_POINT('Ctrl Pts',(58.138198979802,-7.39338000680926,0.));
#9566=CARTESIAN_POINT('Ctrl Pts',(58.138198979802,-7.39338000680926,0.2));
#9567=CARTESIAN_POINT('Ctrl Pts',(58.1958034095224,-7.45186817129247,0.));
#9568=CARTESIAN_POINT('Ctrl Pts',(58.1958034095224,-7.45186817129247,0.2));
#9569=CARTESIAN_POINT('',(57.7855029162821,-7.25132238348119,0.));
#9570=CARTESIAN_POINT('',(58.1958034095224,-7.45186817129247,0.));
#9571=CARTESIAN_POINT('Ctrl Pts',(57.7855029162821,-7.25132238348119,0.));
#9572=CARTESIAN_POINT('Ctrl Pts',(57.8644143956441,-7.26020114192,0.));
#9573=CARTESIAN_POINT('Ctrl Pts',(58.0248062828455,-7.27824770287056,0.));
#9574=CARTESIAN_POINT('Ctrl Pts',(58.138198979802,-7.39338000680926,0.));
#9575=CARTESIAN_POINT('Ctrl Pts',(58.1958034095224,-7.45186817129247,0.));
#9576=CARTESIAN_POINT('',(57.7855029162821,-7.25132238348119,0.2));
#9577=CARTESIAN_POINT('',(57.7855029162821,-7.25132238348119,0.));
#9578=CARTESIAN_POINT('',(58.1958034095224,-7.45186817129247,0.2));
#9579=CARTESIAN_POINT('Ctrl Pts',(57.7855029162821,-7.25132238348119,0.2));
#9580=CARTESIAN_POINT('Ctrl Pts',(57.8644143956441,-7.26020114192,0.2));
#9581=CARTESIAN_POINT('Ctrl Pts',(58.0248062828455,-7.27824770287056,0.2));
#9582=CARTESIAN_POINT('Ctrl Pts',(58.138198979802,-7.39338000680926,0.2));
#9583=CARTESIAN_POINT('Ctrl Pts',(58.1958034095224,-7.45186817129247,0.2));
#9584=CARTESIAN_POINT('',(58.1958034095224,-7.45186817129247,0.));
#9585=CARTESIAN_POINT('Ctrl Pts',(57.3619022426065,-7.46005367715948,0.));
#9586=CARTESIAN_POINT('Ctrl Pts',(57.3619022426065,-7.46005367715948,0.2));
#9587=CARTESIAN_POINT('Ctrl Pts',(57.421622517488,-7.3991812784993,0.));
#9588=CARTESIAN_POINT('Ctrl Pts',(57.421622517488,-7.3991812784993,0.2));
#9589=CARTESIAN_POINT('Ctrl Pts',(57.5386366679875,-7.27990969054664,0.));
#9590=CARTESIAN_POINT('Ctrl Pts',(57.5386366679875,-7.27990969054664,0.2));
#9591=CARTESIAN_POINT('Ctrl Pts',(57.7043596411323,-7.26071883900732,0.));
#9592=CARTESIAN_POINT('Ctrl Pts',(57.7043596411323,-7.26071883900732,0.2));
#9593=CARTESIAN_POINT('Ctrl Pts',(57.7855029162821,-7.25132238348119,0.));
#9594=CARTESIAN_POINT('Ctrl Pts',(57.7855029162821,-7.25132238348119,0.2));
#9595=CARTESIAN_POINT('',(57.3619022426065,-7.46005367715948,0.));
#9596=CARTESIAN_POINT('Ctrl Pts',(57.3619022426065,-7.46005367715948,0.));
#9597=CARTESIAN_POINT('Ctrl Pts',(57.421622517488,-7.3991812784993,0.));
#9598=CARTESIAN_POINT('Ctrl Pts',(57.5386366679875,-7.27990969054664,0.));
#9599=CARTESIAN_POINT('Ctrl Pts',(57.7043596411323,-7.26071883900732,0.));
#9600=CARTESIAN_POINT('Ctrl Pts',(57.7855029162821,-7.25132238348119,0.));
#9601=CARTESIAN_POINT('',(57.3619022426065,-7.46005367715948,0.2));
#9602=CARTESIAN_POINT('',(57.3619022426065,-7.46005367715948,0.));
#9603=CARTESIAN_POINT('Ctrl Pts',(57.3619022426065,-7.46005367715948,0.2));
#9604=CARTESIAN_POINT('Ctrl Pts',(57.421622517488,-7.3991812784993,0.2));
#9605=CARTESIAN_POINT('Ctrl Pts',(57.5386366679875,-7.27990969054664,0.2));
#9606=CARTESIAN_POINT('Ctrl Pts',(57.7043596411323,-7.26071883900732,0.2));
#9607=CARTESIAN_POINT('Ctrl Pts',(57.7855029162821,-7.25132238348119,0.2));
#9608=CARTESIAN_POINT('Ctrl Pts',(57.190006023353,-8.11489653070562,0.));
#9609=CARTESIAN_POINT('Ctrl Pts',(57.190006023353,-8.11489653070562,0.2));
#9610=CARTESIAN_POINT('Ctrl Pts',(57.192458458448,-7.98256730741077,0.));
#9611=CARTESIAN_POINT('Ctrl Pts',(57.192458458448,-7.98256730741077,0.2));
#9612=CARTESIAN_POINT('Ctrl Pts',(57.1967855457263,-7.74908504326361,0.));
#9613=CARTESIAN_POINT('Ctrl Pts',(57.1967855457263,-7.74908504326361,0.2));
#9614=CARTESIAN_POINT('Ctrl Pts',(57.3119910236305,-7.54742163011105,0.));
#9615=CARTESIAN_POINT('Ctrl Pts',(57.3119910236305,-7.54742163011105,0.2));
#9616=CARTESIAN_POINT('Ctrl Pts',(57.3619022426065,-7.46005367715948,0.));
#9617=CARTESIAN_POINT('Ctrl Pts',(57.3619022426065,-7.46005367715948,0.2));
#9618=CARTESIAN_POINT('',(57.190006023353,-8.11489653070562,0.));
#9619=CARTESIAN_POINT('Ctrl Pts',(57.190006023353,-8.11489653070562,0.));
#9620=CARTESIAN_POINT('Ctrl Pts',(57.192458458448,-7.98256730741077,0.));
#9621=CARTESIAN_POINT('Ctrl Pts',(57.1967855457263,-7.74908504326361,0.));
#9622=CARTESIAN_POINT('Ctrl Pts',(57.3119910236305,-7.54742163011105,0.));
#9623=CARTESIAN_POINT('Ctrl Pts',(57.3619022426065,-7.46005367715948,0.));
#9624=CARTESIAN_POINT('',(57.190006023353,-8.11489653070562,0.2));
#9625=CARTESIAN_POINT('',(57.190006023353,-8.11489653070562,0.));
#9626=CARTESIAN_POINT('Ctrl Pts',(57.190006023353,-8.11489653070562,0.2));
#9627=CARTESIAN_POINT('Ctrl Pts',(57.192458458448,-7.98256730741077,0.2));
#9628=CARTESIAN_POINT('Ctrl Pts',(57.1967855457263,-7.74908504326361,0.2));
#9629=CARTESIAN_POINT('Ctrl Pts',(57.3119910236305,-7.54742163011105,0.2));
#9630=CARTESIAN_POINT('Ctrl Pts',(57.3619022426065,-7.46005367715948,0.2));
#9631=CARTESIAN_POINT('Ctrl Pts',(57.3588326034006,-8.7175567098438,0.));
#9632=CARTESIAN_POINT('Ctrl Pts',(57.3588326034006,-8.7175567098438,0.2));
#9633=CARTESIAN_POINT('Ctrl Pts',(57.3097718217982,-8.63650025994206,0.));
#9634=CARTESIAN_POINT('Ctrl Pts',(57.3097718217982,-8.63650025994206,0.2));
#9635=CARTESIAN_POINT('Ctrl Pts',(57.1983081816439,-8.45234406289553,0.));
#9636=CARTESIAN_POINT('Ctrl Pts',(57.1983081816439,-8.45234406289553,0.2));
#9637=CARTESIAN_POINT('Ctrl Pts',(57.1929857716849,-8.23601066584164,0.));
#9638=CARTESIAN_POINT('Ctrl Pts',(57.1929857716849,-8.23601066584164,0.2));
#9639=CARTESIAN_POINT('Ctrl Pts',(57.190006023353,-8.11489653070562,0.));
#9640=CARTESIAN_POINT('Ctrl Pts',(57.190006023353,-8.11489653070562,0.2));
#9641=CARTESIAN_POINT('',(57.3588326034006,-8.7175567098438,0.));
#9642=CARTESIAN_POINT('Ctrl Pts',(57.3588326034006,-8.7175567098438,0.));
#9643=CARTESIAN_POINT('Ctrl Pts',(57.3097718217982,-8.63650025994206,0.));
#9644=CARTESIAN_POINT('Ctrl Pts',(57.1983081816439,-8.45234406289553,0.));
#9645=CARTESIAN_POINT('Ctrl Pts',(57.1929857716849,-8.23601066584164,0.));
#9646=CARTESIAN_POINT('Ctrl Pts',(57.190006023353,-8.11489653070562,0.));
#9647=CARTESIAN_POINT('',(57.3588326034006,-8.7175567098438,0.2));
#9648=CARTESIAN_POINT('',(57.3588326034006,-8.7175567098438,0.));
#9649=CARTESIAN_POINT('Ctrl Pts',(57.3588326034006,-8.7175567098438,0.2));
#9650=CARTESIAN_POINT('Ctrl Pts',(57.3097718217982,-8.63650025994206,0.2));
#9651=CARTESIAN_POINT('Ctrl Pts',(57.1983081816439,-8.45234406289553,0.2));
#9652=CARTESIAN_POINT('Ctrl Pts',(57.1929857716849,-8.23601066584164,0.2));
#9653=CARTESIAN_POINT('Ctrl Pts',(57.190006023353,-8.11489653070562,0.2));
#9654=CARTESIAN_POINT('Ctrl Pts',(57.769131904548,-8.91503285844915,0.));
#9655=CARTESIAN_POINT('Ctrl Pts',(57.769131904548,-8.91503285844915,0.2));
#9656=CARTESIAN_POINT('Ctrl Pts',(57.6911027329646,-8.90613322817488,0.));
#9657=CARTESIAN_POINT('Ctrl Pts',(57.6911027329646,-8.90613322817488,0.2));
#9658=CARTESIAN_POINT('Ctrl Pts',(57.5316891315072,-8.88795128307831,0.));
#9659=CARTESIAN_POINT('Ctrl Pts',(57.5316891315072,-8.88795128307831,0.2));
#9660=CARTESIAN_POINT('Ctrl Pts',(57.4172543019176,-8.77514632185029,0.));
#9661=CARTESIAN_POINT('Ctrl Pts',(57.4172543019176,-8.77514632185029,0.2));
#9662=CARTESIAN_POINT('Ctrl Pts',(57.3588326034006,-8.7175567098438,0.));
#9663=CARTESIAN_POINT('Ctrl Pts',(57.3588326034006,-8.7175567098438,0.2));
#9664=CARTESIAN_POINT('',(57.769131904548,-8.91503285844915,0.));
#9665=CARTESIAN_POINT('Ctrl Pts',(57.769131904548,-8.91503285844915,0.));
#9666=CARTESIAN_POINT('Ctrl Pts',(57.6911027329646,-8.90613322817488,0.));
#9667=CARTESIAN_POINT('Ctrl Pts',(57.5316891315072,-8.88795128307831,0.));
#9668=CARTESIAN_POINT('Ctrl Pts',(57.4172543019176,-8.77514632185029,0.));
#9669=CARTESIAN_POINT('Ctrl Pts',(57.3588326034006,-8.7175567098438,0.));
#9670=CARTESIAN_POINT('',(57.769131904548,-8.91503285844915,0.2));
#9671=CARTESIAN_POINT('',(57.769131904548,-8.91503285844915,0.));
#9672=CARTESIAN_POINT('Ctrl Pts',(57.769131904548,-8.91503285844915,0.2));
#9673=CARTESIAN_POINT('Ctrl Pts',(57.6911027329646,-8.90613322817488,0.2));
#9674=CARTESIAN_POINT('Ctrl Pts',(57.5316891315072,-8.88795128307831,0.2));
#9675=CARTESIAN_POINT('Ctrl Pts',(57.4172543019176,-8.77514632185029,0.2));
#9676=CARTESIAN_POINT('Ctrl Pts',(57.3588326034006,-8.7175567098438,0.2));
#9677=CARTESIAN_POINT('Ctrl Pts',(58.1845488604959,-8.70834838827245,0.));
#9678=CARTESIAN_POINT('Ctrl Pts',(58.1845488604959,-8.70834838827245,0.2));
#9679=CARTESIAN_POINT('Ctrl Pts',(58.1247835234044,-8.76860830070163,0.));
#9680=CARTESIAN_POINT('Ctrl Pts',(58.1247835234044,-8.76860830070163,0.2));
#9681=CARTESIAN_POINT('Ctrl Pts',(58.0094175926444,-8.88492891768847,0.));
#9682=CARTESIAN_POINT('Ctrl Pts',(58.0094175926444,-8.88492891768847,0.2));
#9683=CARTESIAN_POINT('Ctrl Pts',(57.8472760146471,-8.90524265546263,0.));
#9684=CARTESIAN_POINT('Ctrl Pts',(57.8472760146471,-8.90524265546263,0.2));
#9685=CARTESIAN_POINT('Ctrl Pts',(57.769131904548,-8.91503285844915,0.));
#9686=CARTESIAN_POINT('Ctrl Pts',(57.769131904548,-8.91503285844915,0.2));
#9687=CARTESIAN_POINT('',(58.1845488604959,-8.70834838827245,0.));
#9688=CARTESIAN_POINT('Ctrl Pts',(58.1845488604959,-8.70834838827245,0.));
#9689=CARTESIAN_POINT('Ctrl Pts',(58.1247835234044,-8.76860830070163,0.));
#9690=CARTESIAN_POINT('Ctrl Pts',(58.0094175926444,-8.88492891768847,0.));
#9691=CARTESIAN_POINT('Ctrl Pts',(57.8472760146471,-8.90524265546263,0.));
#9692=CARTESIAN_POINT('Ctrl Pts',(57.769131904548,-8.91503285844915,0.));
#9693=CARTESIAN_POINT('',(58.1845488604959,-8.70834838827245,0.2));
#9694=CARTESIAN_POINT('',(58.1845488604959,-8.70834838827245,0.));
#9695=CARTESIAN_POINT('Ctrl Pts',(58.1845488604959,-8.70834838827245,0.2));
#9696=CARTESIAN_POINT('Ctrl Pts',(58.1247835234044,-8.76860830070163,0.2));
#9697=CARTESIAN_POINT('Ctrl Pts',(58.0094175926444,-8.88492891768847,0.2));
#9698=CARTESIAN_POINT('Ctrl Pts',(57.8472760146471,-8.90524265546263,0.2));
#9699=CARTESIAN_POINT('Ctrl Pts',(57.769131904548,-8.91503285844915,0.2));
#9700=CARTESIAN_POINT('Ctrl Pts',(58.3605375346597,-8.08420073469274,0.));
#9701=CARTESIAN_POINT('Ctrl Pts',(58.3605375346597,-8.08420073469274,0.2));
#9702=CARTESIAN_POINT('Ctrl Pts',(58.3572766211144,-8.20926056016835,0.));
#9703=CARTESIAN_POINT('Ctrl Pts',(58.3572766211144,-8.20926056016835,0.2));
#9704=CARTESIAN_POINT('Ctrl Pts',(58.3514327040799,-8.43338157235105,0.));
#9705=CARTESIAN_POINT('Ctrl Pts',(58.3514327040799,-8.43338157235105,0.2));
#9706=CARTESIAN_POINT('Ctrl Pts',(58.2357017756146,-8.62406608812159,0.));
#9707=CARTESIAN_POINT('Ctrl Pts',(58.2357017756146,-8.62406608812159,0.2));
#9708=CARTESIAN_POINT('Ctrl Pts',(58.1845488604959,-8.70834838827245,0.));
#9709=CARTESIAN_POINT('Ctrl Pts',(58.1845488604959,-8.70834838827245,0.2));
#9710=CARTESIAN_POINT('',(58.3605375346597,-8.08420073469274,0.));
#9711=CARTESIAN_POINT('Ctrl Pts',(58.3605375346597,-8.08420073469274,0.));
#9712=CARTESIAN_POINT('Ctrl Pts',(58.3572766211144,-8.20926056016835,0.));
#9713=CARTESIAN_POINT('Ctrl Pts',(58.3514327040799,-8.43338157235105,0.));
#9714=CARTESIAN_POINT('Ctrl Pts',(58.2357017756146,-8.62406608812159,0.));
#9715=CARTESIAN_POINT('Ctrl Pts',(58.1845488604959,-8.70834838827245,0.));
#9716=CARTESIAN_POINT('',(58.3605375346597,-8.08420073469274,0.2));
#9717=CARTESIAN_POINT('',(58.3605375346597,-8.08420073469274,0.));
#9718=CARTESIAN_POINT('Ctrl Pts',(58.3605375346597,-8.08420073469274,0.2));
#9719=CARTESIAN_POINT('Ctrl Pts',(58.3572766211144,-8.20926056016835,0.2));
#9720=CARTESIAN_POINT('Ctrl Pts',(58.3514327040799,-8.43338157235105,0.2));
#9721=CARTESIAN_POINT('Ctrl Pts',(58.2357017756146,-8.62406608812159,0.2));
#9722=CARTESIAN_POINT('Ctrl Pts',(58.1845488604959,-8.70834838827245,0.2));
#9723=CARTESIAN_POINT('Ctrl Pts',(58.1958034095224,-7.45186817129247,0.));
#9724=CARTESIAN_POINT('Ctrl Pts',(58.1958034095224,-7.45186817129247,0.2));
#9725=CARTESIAN_POINT('Ctrl Pts',(58.2436286870412,-7.53609237832192,0.));
#9726=CARTESIAN_POINT('Ctrl Pts',(58.2436286870412,-7.53609237832192,0.2));
#9727=CARTESIAN_POINT('Ctrl Pts',(58.3542855668287,-7.7309681518875,0.));
#9728=CARTESIAN_POINT('Ctrl Pts',(58.3542855668287,-7.7309681518875,0.2));
#9729=CARTESIAN_POINT('Ctrl Pts',(58.3582732854629,-7.956271958741,0.));
#9730=CARTESIAN_POINT('Ctrl Pts',(58.3582732854629,-7.956271958741,0.2));
#9731=CARTESIAN_POINT('Ctrl Pts',(58.3605375346597,-8.08420073469274,0.));
#9732=CARTESIAN_POINT('Ctrl Pts',(58.3605375346597,-8.08420073469274,0.2));
#9733=CARTESIAN_POINT('Ctrl Pts',(58.1958034095224,-7.45186817129247,0.));
#9734=CARTESIAN_POINT('Ctrl Pts',(58.2436286870412,-7.53609237832192,0.));
#9735=CARTESIAN_POINT('Ctrl Pts',(58.3542855668287,-7.7309681518875,0.));
#9736=CARTESIAN_POINT('Ctrl Pts',(58.3582732854629,-7.956271958741,0.));
#9737=CARTESIAN_POINT('Ctrl Pts',(58.3605375346597,-8.08420073469274,0.));
#9738=CARTESIAN_POINT('Ctrl Pts',(58.1958034095224,-7.45186817129247,0.2));
#9739=CARTESIAN_POINT('Ctrl Pts',(58.2436286870412,-7.53609237832192,0.2));
#9740=CARTESIAN_POINT('Ctrl Pts',(58.3542855668287,-7.7309681518875,0.2));
#9741=CARTESIAN_POINT('Ctrl Pts',(58.3582732854629,-7.956271958741,0.2));
#9742=CARTESIAN_POINT('Ctrl Pts',(58.3605375346597,-8.08420073469274,0.2));
#9743=CARTESIAN_POINT('Origin',(56.8543984946665,-6.16878520925634,0.));
#9744=CARTESIAN_POINT('',(56.8543984946665,-6.16878520925634,0.));
#9745=CARTESIAN_POINT('',(56.8543984946665,-9.16878473241918,0.));
#9746=CARTESIAN_POINT('',(56.8543984946665,-22.3043926046282,0.));
#9747=CARTESIAN_POINT('',(56.8543984946665,-6.16878520925634,0.2));
#9748=CARTESIAN_POINT('',(56.8543984946665,-6.16878520925634,0.));
#9749=CARTESIAN_POINT('',(56.8543984946665,-9.16878473241918,0.2));
#9750=CARTESIAN_POINT('',(56.8543984946665,-6.16878520925634,0.2));
#9751=CARTESIAN_POINT('',(56.8543984946665,-9.16878473241918,0.));
#9752=CARTESIAN_POINT('Origin',(57.2207012233194,-6.16878520925634,0.));
#9753=CARTESIAN_POINT('',(57.2207012233194,-6.16878520925634,0.));
#9754=CARTESIAN_POINT('',(49.1228506116597,-6.16878520925634,0.));
#9755=CARTESIAN_POINT('',(57.2207012233194,-6.16878520925634,0.2));
#9756=CARTESIAN_POINT('',(57.2207012233194,-6.16878520925634,0.));
#9757=CARTESIAN_POINT('',(57.2207012233194,-6.16878520925634,0.2));
#9758=CARTESIAN_POINT('Origin',(57.2207012233194,-7.24518310506933,0.));
#9759=CARTESIAN_POINT('',(57.2207012233194,-7.24518310506933,0.));
#9760=CARTESIAN_POINT('',(57.2207012233194,-22.8425915525347,0.));
#9761=CARTESIAN_POINT('',(57.2207012233194,-7.24518310506933,0.2));
#9762=CARTESIAN_POINT('',(57.2207012233194,-7.24518310506933,0.));
#9763=CARTESIAN_POINT('',(57.2207012233194,-7.24518310506933,0.2));
#9764=CARTESIAN_POINT('Ctrl Pts',(57.4703600463327,-7.02928971727483,0.));
#9765=CARTESIAN_POINT('Ctrl Pts',(57.4703600463327,-7.02928971727483,0.2));
#9766=CARTESIAN_POINT('Ctrl Pts',(57.4218499849773,-7.05864516573542,0.));
#9767=CARTESIAN_POINT('Ctrl Pts',(57.4218499849773,-7.05864516573542,0.2));
#9768=CARTESIAN_POINT('Ctrl Pts',(57.3263363048262,-7.11644445183431,0.));
#9769=CARTESIAN_POINT('Ctrl Pts',(57.3263363048262,-7.11644445183431,0.2));
#9770=CARTESIAN_POINT('Ctrl Pts',(57.2555407209754,-7.20272382029726,0.));
#9771=CARTESIAN_POINT('Ctrl Pts',(57.2555407209754,-7.20272382029726,0.2));
#9772=CARTESIAN_POINT('Ctrl Pts',(57.2207012233194,-7.24518310506933,0.));
#9773=CARTESIAN_POINT('Ctrl Pts',(57.2207012233194,-7.24518310506933,0.2));
#9774=CARTESIAN_POINT('',(57.4703600463327,-7.02928971727483,0.));
#9775=CARTESIAN_POINT('Ctrl Pts',(57.4703600463327,-7.02928971727483,0.));
#9776=CARTESIAN_POINT('Ctrl Pts',(57.4218499849773,-7.05864516573542,0.));
#9777=CARTESIAN_POINT('Ctrl Pts',(57.3263363048262,-7.11644445183431,0.));
#9778=CARTESIAN_POINT('Ctrl Pts',(57.2555407209754,-7.20272382029726,0.));
#9779=CARTESIAN_POINT('Ctrl Pts',(57.2207012233194,-7.24518310506933,0.));
#9780=CARTESIAN_POINT('',(57.4703600463327,-7.02928971727483,0.2));
#9781=CARTESIAN_POINT('',(57.4703600463327,-7.02928971727483,0.));
#9782=CARTESIAN_POINT('Ctrl Pts',(57.4703600463327,-7.02928971727483,0.2));
#9783=CARTESIAN_POINT('Ctrl Pts',(57.4218499849773,-7.05864516573542,0.2));
#9784=CARTESIAN_POINT('Ctrl Pts',(57.3263363048262,-7.11644445183431,0.2));
#9785=CARTESIAN_POINT('Ctrl Pts',(57.2555407209754,-7.20272382029726,0.2));
#9786=CARTESIAN_POINT('Ctrl Pts',(57.2207012233194,-7.24518310506933,0.2));
#9787=CARTESIAN_POINT('Ctrl Pts',(57.8202917632517,-6.946411246854,0.));
#9788=CARTESIAN_POINT('Ctrl Pts',(57.8202917632517,-6.946411246854,0.2));
#9789=CARTESIAN_POINT('Ctrl Pts',(57.7574481189416,-6.94941447951238,0.));
#9790=CARTESIAN_POINT('Ctrl Pts',(57.7574481189416,-6.94941447951238,0.2));
#9791=CARTESIAN_POINT('Ctrl Pts',(57.6355505803392,-6.95523983660181,0.));
#9792=CARTESIAN_POINT('Ctrl Pts',(57.6355505803392,-6.95523983660181,0.2));
#9793=CARTESIAN_POINT('Ctrl Pts',(57.5242703369408,-7.00512337741408,0.));
#9794=CARTESIAN_POINT('Ctrl Pts',(57.5242703369408,-7.00512337741408,0.2));
#9795=CARTESIAN_POINT('Ctrl Pts',(57.4703600463327,-7.02928971727483,0.));
#9796=CARTESIAN_POINT('Ctrl Pts',(57.4703600463327,-7.02928971727483,0.2));
#9797=CARTESIAN_POINT('',(57.8202917632517,-6.946411246854,0.));
#9798=CARTESIAN_POINT('Ctrl Pts',(57.8202917632517,-6.946411246854,0.));
#9799=CARTESIAN_POINT('Ctrl Pts',(57.7574481189416,-6.94941447951238,0.));
#9800=CARTESIAN_POINT('Ctrl Pts',(57.6355505803392,-6.95523983660181,0.));
#9801=CARTESIAN_POINT('Ctrl Pts',(57.5242703369408,-7.00512337741408,0.));
#9802=CARTESIAN_POINT('Ctrl Pts',(57.4703600463327,-7.02928971727483,0.));
#9803=CARTESIAN_POINT('',(57.8202917632517,-6.946411246854,0.2));
#9804=CARTESIAN_POINT('',(57.8202917632517,-6.946411246854,0.));
#9805=CARTESIAN_POINT('Ctrl Pts',(57.8202917632517,-6.946411246854,0.2));
#9806=CARTESIAN_POINT('Ctrl Pts',(57.7574481189416,-6.94941447951238,0.2));
#9807=CARTESIAN_POINT('Ctrl Pts',(57.6355505803392,-6.95523983660181,0.2));
#9808=CARTESIAN_POINT('Ctrl Pts',(57.5242703369408,-7.00512337741408,0.2));
#9809=CARTESIAN_POINT('Ctrl Pts',(57.4703600463327,-7.02928971727483,0.2));
#9810=CARTESIAN_POINT('Ctrl Pts',(58.3052852210458,-7.08761167009466,0.));
#9811=CARTESIAN_POINT('Ctrl Pts',(58.3052852210458,-7.08761167009466,0.2));
#9812=CARTESIAN_POINT('Ctrl Pts',(58.2304377199141,-7.04642930579319,0.));
#9813=CARTESIAN_POINT('Ctrl Pts',(58.2304377199141,-7.04642930579319,0.2));
#9814=CARTESIAN_POINT('Ctrl Pts',(58.0793303613444,-6.9632874748015,0.));
#9815=CARTESIAN_POINT('Ctrl Pts',(58.0793303613444,-6.9632874748015,0.2));
#9816=CARTESIAN_POINT('Ctrl Pts',(57.9071743266587,-6.95207160000413,0.));
#9817=CARTESIAN_POINT('Ctrl Pts',(57.9071743266587,-6.95207160000413,0.2));
#9818=CARTESIAN_POINT('Ctrl Pts',(57.8202917632517,-6.946411246854,0.));
#9819=CARTESIAN_POINT('Ctrl Pts',(57.8202917632517,-6.946411246854,0.2));
#9820=CARTESIAN_POINT('',(58.3052852210458,-7.08761167009466,0.));
#9821=CARTESIAN_POINT('Ctrl Pts',(58.3052852210458,-7.08761167009466,0.));
#9822=CARTESIAN_POINT('Ctrl Pts',(58.2304377199141,-7.04642930579319,0.));
#9823=CARTESIAN_POINT('Ctrl Pts',(58.0793303613444,-6.9632874748015,0.));
#9824=CARTESIAN_POINT('Ctrl Pts',(57.9071743266587,-6.95207160000413,0.));
#9825=CARTESIAN_POINT('Ctrl Pts',(57.8202917632517,-6.946411246854,0.));
#9826=CARTESIAN_POINT('',(58.3052852210458,-7.08761167009466,0.2));
#9827=CARTESIAN_POINT('',(58.3052852210458,-7.08761167009466,0.));
#9828=CARTESIAN_POINT('Ctrl Pts',(58.3052852210458,-7.08761167009466,0.2));
#9829=CARTESIAN_POINT('Ctrl Pts',(58.2304377199141,-7.04642930579319,0.2));
#9830=CARTESIAN_POINT('Ctrl Pts',(58.0793303613444,-6.9632874748015,0.2));
#9831=CARTESIAN_POINT('Ctrl Pts',(57.9071743266587,-6.95207160000413,0.2));
#9832=CARTESIAN_POINT('Ctrl Pts',(57.8202917632517,-6.946411246854,0.2));
#9833=CARTESIAN_POINT('Ctrl Pts',(58.6306610164102,-7.49381911237829,0.));
#9834=CARTESIAN_POINT('Ctrl Pts',(58.6306610164102,-7.49381911237829,0.2));
#9835=CARTESIAN_POINT('Ctrl Pts',(58.5910140171214,-7.41132130762371,0.));
#9836=CARTESIAN_POINT('Ctrl Pts',(58.5910140171214,-7.41132130762371,0.2));
#9837=CARTESIAN_POINT('Ctrl Pts',(58.5138073120256,-7.2506689556934,0.));
#9838=CARTESIAN_POINT('Ctrl Pts',(58.5138073120256,-7.2506689556934,0.2));
#9839=CARTESIAN_POINT('Ctrl Pts',(58.3735284320153,-7.14097557359736,0.));
#9840=CARTESIAN_POINT('Ctrl Pts',(58.3735284320153,-7.14097557359736,0.2));
#9841=CARTESIAN_POINT('Ctrl Pts',(58.3052852210458,-7.08761167009466,0.));
#9842=CARTESIAN_POINT('Ctrl Pts',(58.3052852210458,-7.08761167009466,0.2));
#9843=CARTESIAN_POINT('',(58.6306610164102,-7.49381911237829,0.));
#9844=CARTESIAN_POINT('Ctrl Pts',(58.6306610164102,-7.49381911237829,0.));
#9845=CARTESIAN_POINT('Ctrl Pts',(58.5910140171214,-7.41132130762371,0.));
#9846=CARTESIAN_POINT('Ctrl Pts',(58.5138073120256,-7.2506689556934,0.));
#9847=CARTESIAN_POINT('Ctrl Pts',(58.3735284320153,-7.14097557359736,0.));
#9848=CARTESIAN_POINT('Ctrl Pts',(58.3052852210458,-7.08761167009466,0.));
#9849=CARTESIAN_POINT('',(58.6306610164102,-7.49381911237829,0.2));
#9850=CARTESIAN_POINT('',(58.6306610164102,-7.49381911237829,0.));
#9851=CARTESIAN_POINT('Ctrl Pts',(58.6306610164102,-7.49381911237829,0.2));
#9852=CARTESIAN_POINT('Ctrl Pts',(58.5910140171214,-7.41132130762371,0.2));
#9853=CARTESIAN_POINT('Ctrl Pts',(58.5138073120256,-7.2506689556934,0.2));
#9854=CARTESIAN_POINT('Ctrl Pts',(58.3735284320153,-7.14097557359736,0.2));
#9855=CARTESIAN_POINT('Ctrl Pts',(58.3052852210458,-7.08761167009466,0.2));
#9856=CARTESIAN_POINT('Ctrl Pts',(58.7391188201364,-8.08420073469274,0.));
#9857=CARTESIAN_POINT('Ctrl Pts',(58.7391188201364,-8.08420073469274,0.2));
#9858=CARTESIAN_POINT('Ctrl Pts',(58.7352233202222,-7.97981132199271,0.));
#9859=CARTESIAN_POINT('Ctrl Pts',(58.7352233202222,-7.97981132199271,0.2));
#9860=CARTESIAN_POINT('Ctrl Pts',(58.7276798813821,-7.77766649652553,0.));
#9861=CARTESIAN_POINT('Ctrl Pts',(58.7276798813821,-7.77766649652553,0.2));
#9862=CARTESIAN_POINT('Ctrl Pts',(58.662285263351,-7.58634194051459,0.));
#9863=CARTESIAN_POINT('Ctrl Pts',(58.662285263351,-7.58634194051459,0.2));
#9864=CARTESIAN_POINT('Ctrl Pts',(58.6306610164102,-7.49381911237829,0.));
#9865=CARTESIAN_POINT('Ctrl Pts',(58.6306610164102,-7.49381911237829,0.2));
#9866=CARTESIAN_POINT('',(58.7391188201364,-8.08420073469274,0.));
#9867=CARTESIAN_POINT('Ctrl Pts',(58.7391188201364,-8.08420073469274,0.));
#9868=CARTESIAN_POINT('Ctrl Pts',(58.7352233202222,-7.97981132199271,0.));
#9869=CARTESIAN_POINT('Ctrl Pts',(58.7276798813821,-7.77766649652553,0.));
#9870=CARTESIAN_POINT('Ctrl Pts',(58.662285263351,-7.58634194051459,0.));
#9871=CARTESIAN_POINT('Ctrl Pts',(58.6306610164102,-7.49381911237829,0.));
#9872=CARTESIAN_POINT('',(58.7391188201364,-8.08420073469274,0.2));
#9873=CARTESIAN_POINT('',(58.7391188201364,-8.08420073469274,0.));
#9874=CARTESIAN_POINT('Ctrl Pts',(58.7391188201364,-8.08420073469274,0.2));
#9875=CARTESIAN_POINT('Ctrl Pts',(58.7352233202222,-7.97981132199271,0.2));
#9876=CARTESIAN_POINT('Ctrl Pts',(58.7276798813821,-7.77766649652553,0.2));
#9877=CARTESIAN_POINT('Ctrl Pts',(58.662285263351,-7.58634194051459,0.2));
#9878=CARTESIAN_POINT('Ctrl Pts',(58.6306610164102,-7.49381911237829,0.2));
#9879=CARTESIAN_POINT('Ctrl Pts',(58.6194052752908,-8.67458295305364,0.));
#9880=CARTESIAN_POINT('Ctrl Pts',(58.6194052752908,-8.67458295305364,0.2));
#9881=CARTESIAN_POINT('Ctrl Pts',(58.6543045596548,-8.58361306279002,0.));
#9882=CARTESIAN_POINT('Ctrl Pts',(58.6543045596548,-8.58361306279002,0.2));
#9883=CARTESIAN_POINT('Ctrl Pts',(58.7271759717773,-8.39366348402488,0.));
#9884=CARTESIAN_POINT('Ctrl Pts',(58.7271759717773,-8.39366348402488,0.2));
#9885=CARTESIAN_POINT('Ctrl Pts',(58.7350275094098,-8.19021466267412,0.));
#9886=CARTESIAN_POINT('Ctrl Pts',(58.7350275094098,-8.19021466267412,0.2));
#9887=CARTESIAN_POINT('Ctrl Pts',(58.7391188201364,-8.08420073469274,0.));
#9888=CARTESIAN_POINT('Ctrl Pts',(58.7391188201364,-8.08420073469274,0.2));
#9889=CARTESIAN_POINT('',(58.6194052752908,-8.67458295305364,0.));
#9890=CARTESIAN_POINT('Ctrl Pts',(58.6194052752908,-8.67458295305364,0.));
#9891=CARTESIAN_POINT('Ctrl Pts',(58.6543045596548,-8.58361306279002,0.));
#9892=CARTESIAN_POINT('Ctrl Pts',(58.7271759717773,-8.39366348402488,0.));
#9893=CARTESIAN_POINT('Ctrl Pts',(58.7350275094098,-8.19021466267412,0.));
#9894=CARTESIAN_POINT('Ctrl Pts',(58.7391188201364,-8.08420073469274,0.));
#9895=CARTESIAN_POINT('',(58.6194052752908,-8.67458295305364,0.2));
#9896=CARTESIAN_POINT('',(58.6194052752908,-8.67458295305364,0.));
#9897=CARTESIAN_POINT('Ctrl Pts',(58.6194052752908,-8.67458295305364,0.2));
#9898=CARTESIAN_POINT('Ctrl Pts',(58.6543045596548,-8.58361306279002,0.2));
#9899=CARTESIAN_POINT('Ctrl Pts',(58.7271759717773,-8.39366348402488,0.2));
#9900=CARTESIAN_POINT('Ctrl Pts',(58.7350275094098,-8.19021466267412,0.2));
#9901=CARTESIAN_POINT('Ctrl Pts',(58.7391188201364,-8.08420073469274,0.2));
#9902=CARTESIAN_POINT('Ctrl Pts',(58.2817521151956,-9.07465111692541,0.));
#9903=CARTESIAN_POINT('Ctrl Pts',(58.2817521151956,-9.07465111692541,0.2));
#9904=CARTESIAN_POINT('Ctrl Pts',(58.3507213886987,-9.02126642204075,0.));
#9905=CARTESIAN_POINT('Ctrl Pts',(58.3507213886987,-9.02126642204075,0.2));
#9906=CARTESIAN_POINT('Ctrl Pts',(58.4917549486194,-8.91210138111087,0.));
#9907=CARTESIAN_POINT('Ctrl Pts',(58.4917549486194,-8.91210138111087,0.2));
#9908=CARTESIAN_POINT('Ctrl Pts',(58.5762371726534,-8.75490566078205,0.));
#9909=CARTESIAN_POINT('Ctrl Pts',(58.5762371726534,-8.75490566078205,0.2));
#9910=CARTESIAN_POINT('Ctrl Pts',(58.6194052752908,-8.67458295305364,0.));
#9911=CARTESIAN_POINT('Ctrl Pts',(58.6194052752908,-8.67458295305364,0.2));
#9912=CARTESIAN_POINT('',(58.2817521151956,-9.07465111692541,0.));
#9913=CARTESIAN_POINT('Ctrl Pts',(58.2817521151956,-9.07465111692541,0.));
#9914=CARTESIAN_POINT('Ctrl Pts',(58.3507213886987,-9.02126642204075,0.));
#9915=CARTESIAN_POINT('Ctrl Pts',(58.4917549486194,-8.91210138111087,0.));
#9916=CARTESIAN_POINT('Ctrl Pts',(58.5762371726534,-8.75490566078205,0.));
#9917=CARTESIAN_POINT('Ctrl Pts',(58.6194052752908,-8.67458295305364,0.));
#9918=CARTESIAN_POINT('',(58.2817521151956,-9.07465111692541,0.2));
#9919=CARTESIAN_POINT('',(58.2817521151956,-9.07465111692541,0.));
#9920=CARTESIAN_POINT('Ctrl Pts',(58.2817521151956,-9.07465111692541,0.2));
#9921=CARTESIAN_POINT('Ctrl Pts',(58.3507213886987,-9.02126642204075,0.2));
#9922=CARTESIAN_POINT('Ctrl Pts',(58.4917549486194,-8.91210138111087,0.2));
#9923=CARTESIAN_POINT('Ctrl Pts',(58.5762371726534,-8.75490566078205,0.2));
#9924=CARTESIAN_POINT('Ctrl Pts',(58.6194052752908,-8.67458295305364,0.2));
#9925=CARTESIAN_POINT('Ctrl Pts',(57.8039207515177,-9.21789776762121,0.));
#9926=CARTESIAN_POINT('Ctrl Pts',(57.8039207515177,-9.21789776762121,0.2));
#9927=CARTESIAN_POINT('Ctrl Pts',(57.8888366349704,-9.21190686182735,0.));
#9928=CARTESIAN_POINT('Ctrl Pts',(57.8888366349704,-9.21190686182735,0.2));
#9929=CARTESIAN_POINT('Ctrl Pts',(58.0588273719423,-9.19991383473254,0.));
#9930=CARTESIAN_POINT('Ctrl Pts',(58.0588273719423,-9.19991383473254,0.2));
#9931=CARTESIAN_POINT('Ctrl Pts',(58.2073975547017,-9.11643137959565,0.));
#9932=CARTESIAN_POINT('Ctrl Pts',(58.2073975547017,-9.11643137959565,0.2));
#9933=CARTESIAN_POINT('Ctrl Pts',(58.2817521151956,-9.07465111692541,0.));
#9934=CARTESIAN_POINT('Ctrl Pts',(58.2817521151956,-9.07465111692541,0.2));
#9935=CARTESIAN_POINT('',(57.8039207515177,-9.21789776762121,0.));
#9936=CARTESIAN_POINT('Ctrl Pts',(57.8039207515177,-9.21789776762121,0.));
#9937=CARTESIAN_POINT('Ctrl Pts',(57.8888366349704,-9.21190686182735,0.));
#9938=CARTESIAN_POINT('Ctrl Pts',(58.0588273719423,-9.19991383473254,0.));
#9939=CARTESIAN_POINT('Ctrl Pts',(58.2073975547017,-9.11643137959565,0.));
#9940=CARTESIAN_POINT('Ctrl Pts',(58.2817521151956,-9.07465111692541,0.));
#9941=CARTESIAN_POINT('',(57.8039207515177,-9.21789776762121,0.2));
#9942=CARTESIAN_POINT('',(57.8039207515177,-9.21789776762121,0.));
#9943=CARTESIAN_POINT('Ctrl Pts',(57.8039207515177,-9.21789776762121,0.2));
#9944=CARTESIAN_POINT('Ctrl Pts',(57.8888366349704,-9.21190686182735,0.2));
#9945=CARTESIAN_POINT('Ctrl Pts',(58.0588273719423,-9.19991383473254,0.2));
#9946=CARTESIAN_POINT('Ctrl Pts',(58.2073975547017,-9.11643137959565,0.2));
#9947=CARTESIAN_POINT('Ctrl Pts',(58.2817521151956,-9.07465111692541,0.2));
#9948=CARTESIAN_POINT('Ctrl Pts',(57.1961441096719,-8.89456939180486,0.));
#9949=CARTESIAN_POINT('Ctrl Pts',(57.1961441096719,-8.89456939180486,0.2));
#9950=CARTESIAN_POINT('Ctrl Pts',(57.2740119810277,-8.98886867979114,0.));
#9951=CARTESIAN_POINT('Ctrl Pts',(57.2740119810277,-8.98886867979114,0.2));
#9952=CARTESIAN_POINT('Ctrl Pts',(57.4318569690422,-9.18002158692475,0.));
#9953=CARTESIAN_POINT('Ctrl Pts',(57.4318569690422,-9.18002158692475,0.2));
#9954=CARTESIAN_POINT('Ctrl Pts',(57.6787995455793,-9.2051603993841,0.));
#9955=CARTESIAN_POINT('Ctrl Pts',(57.6787995455793,-9.2051603993841,0.2));
#9956=CARTESIAN_POINT('Ctrl Pts',(57.8039207515177,-9.21789776762121,0.));
#9957=CARTESIAN_POINT('Ctrl Pts',(57.8039207515177,-9.21789776762121,0.2));
#9958=CARTESIAN_POINT('',(57.1961441096719,-8.89456939180486,0.));
#9959=CARTESIAN_POINT('Ctrl Pts',(57.1961441096719,-8.89456939180486,0.));
#9960=CARTESIAN_POINT('Ctrl Pts',(57.2740119810277,-8.98886867979114,0.));
#9961=CARTESIAN_POINT('Ctrl Pts',(57.4318569690422,-9.18002158692475,0.));
#9962=CARTESIAN_POINT('Ctrl Pts',(57.6787995455793,-9.2051603993841,0.));
#9963=CARTESIAN_POINT('Ctrl Pts',(57.8039207515177,-9.21789776762121,0.));
#9964=CARTESIAN_POINT('',(57.1961441096719,-8.89456939180486,0.2));
#9965=CARTESIAN_POINT('',(57.1961441096719,-8.89456939180486,0.));
#9966=CARTESIAN_POINT('Ctrl Pts',(57.1961441096719,-8.89456939180486,0.2));
#9967=CARTESIAN_POINT('Ctrl Pts',(57.2740119810277,-8.98886867979114,0.2));
#9968=CARTESIAN_POINT('Ctrl Pts',(57.4318569690422,-9.18002158692475,0.2));
#9969=CARTESIAN_POINT('Ctrl Pts',(57.6787995455793,-9.2051603993841,0.2));
#9970=CARTESIAN_POINT('Ctrl Pts',(57.8039207515177,-9.21789776762121,0.2));
#9971=CARTESIAN_POINT('Origin',(57.1961441096719,-9.16878473241918,0.));
#9972=CARTESIAN_POINT('',(57.1961441096719,-9.16878473241918,0.));
#9973=CARTESIAN_POINT('',(57.1961441096719,-23.8043923662096,0.));
#9974=CARTESIAN_POINT('',(57.1961441096719,-9.16878473241918,0.2));
#9975=CARTESIAN_POINT('',(57.1961441096719,-9.16878473241918,0.));
#9976=CARTESIAN_POINT('',(57.1961441096719,-9.16878473241918,0.2));
#9977=CARTESIAN_POINT('Origin',(56.8543984946665,-9.16878473241918,0.));
#9978=CARTESIAN_POINT('',(48.9396992473332,-9.16878473241918,0.));
#9979=CARTESIAN_POINT('',(56.8543984946665,-9.16878473241918,0.2));
#9980=CARTESIAN_POINT('Origin',(66.0979183596429,-5.35227682669752,0.2));
#9981=CARTESIAN_POINT('Ctrl Pts',(65.1811375674661,-7.25132238348119,0.));
#9982=CARTESIAN_POINT('Ctrl Pts',(65.1811375674661,-7.25132238348119,0.2));
#9983=CARTESIAN_POINT('Ctrl Pts',(65.2692779062016,-7.25990633623721,0.));
#9984=CARTESIAN_POINT('Ctrl Pts',(65.2692779062016,-7.25990633623721,0.2));
#9985=CARTESIAN_POINT('Ctrl Pts',(65.4454157162679,-7.27706032794916,0.));
#9986=CARTESIAN_POINT('Ctrl Pts',(65.4454157162679,-7.27706032794916,0.2));
#9987=CARTESIAN_POINT('Ctrl Pts',(65.5748590898954,-7.39772396897756,0.));
#9988=CARTESIAN_POINT('Ctrl Pts',(65.5748590898954,-7.39772396897756,0.2));
#9989=CARTESIAN_POINT('Ctrl Pts',(65.6395282802042,-7.45800685365789,0.));
#9990=CARTESIAN_POINT('Ctrl Pts',(65.6395282802042,-7.45800685365789,0.2));
#9991=CARTESIAN_POINT('',(65.1811375674661,-7.25132238348119,0.));
#9992=CARTESIAN_POINT('',(65.6395282802042,-7.45800685365789,0.));
#9993=CARTESIAN_POINT('Ctrl Pts',(65.1811375674661,-7.25132238348119,0.));
#9994=CARTESIAN_POINT('Ctrl Pts',(65.2692779062016,-7.25990633623721,0.));
#9995=CARTESIAN_POINT('Ctrl Pts',(65.4454157162679,-7.27706032794916,0.));
#9996=CARTESIAN_POINT('Ctrl Pts',(65.5748590898954,-7.39772396897756,0.));
#9997=CARTESIAN_POINT('Ctrl Pts',(65.6395282802042,-7.45800685365789,0.));
#9998=CARTESIAN_POINT('',(65.1811375674661,-7.25132238348119,0.2));
#9999=CARTESIAN_POINT('',(65.1811375674661,-7.25132238348119,0.));
#10000=CARTESIAN_POINT('',(65.6395282802042,-7.45800685365789,0.2));
#10001=CARTESIAN_POINT('Ctrl Pts',(65.1811375674661,-7.25132238348119,0.2));
#10002=CARTESIAN_POINT('Ctrl Pts',(65.2692779062016,-7.25990633623721,0.2));
#10003=CARTESIAN_POINT('Ctrl Pts',(65.4454157162679,-7.27706032794916,0.2));
#10004=CARTESIAN_POINT('Ctrl Pts',(65.5748590898954,-7.39772396897756,0.2));
#10005=CARTESIAN_POINT('Ctrl Pts',(65.6395282802042,-7.45800685365789,0.2));
#10006=CARTESIAN_POINT('',(65.6395282802042,-7.45800685365789,0.));
#10007=CARTESIAN_POINT('Ctrl Pts',(64.7258176860269,-7.45903026540868,0.));
#10008=CARTESIAN_POINT('Ctrl Pts',(64.7258176860269,-7.45903026540868,0.2));
#10009=CARTESIAN_POINT('Ctrl Pts',(64.7903498176412,-7.39844922731275,0.));
#10010=CARTESIAN_POINT('Ctrl Pts',(64.7903498176412,-7.39844922731275,0.2));
#10011=CARTESIAN_POINT('Ctrl Pts',(64.9187774402087,-7.27788481233501,0.));
#10012=CARTESIAN_POINT('Ctrl Pts',(64.9187774402087,-7.27788481233501,0.2));
#10013=CARTESIAN_POINT('Ctrl Pts',(65.0939736856487,-7.26014721686422,0.));
#10014=CARTESIAN_POINT('Ctrl Pts',(65.0939736856487,-7.26014721686422,0.2));
#10015=CARTESIAN_POINT('Ctrl Pts',(65.1811375674661,-7.25132238348119,0.));
#10016=CARTESIAN_POINT('Ctrl Pts',(65.1811375674661,-7.25132238348119,0.2));
#10017=CARTESIAN_POINT('',(64.7258176860269,-7.45903026540868,0.));
#10018=CARTESIAN_POINT('Ctrl Pts',(64.7258176860269,-7.45903026540868,0.));
#10019=CARTESIAN_POINT('Ctrl Pts',(64.7903498176412,-7.39844922731275,0.));
#10020=CARTESIAN_POINT('Ctrl Pts',(64.9187774402087,-7.27788481233501,0.));
#10021=CARTESIAN_POINT('Ctrl Pts',(65.0939736856487,-7.26014721686422,0.));
#10022=CARTESIAN_POINT('Ctrl Pts',(65.1811375674661,-7.25132238348119,0.));
#10023=CARTESIAN_POINT('',(64.7258176860269,-7.45903026540868,0.2));
#10024=CARTESIAN_POINT('',(64.7258176860269,-7.45903026540868,0.));
#10025=CARTESIAN_POINT('Ctrl Pts',(64.7258176860269,-7.45903026540868,0.2));
#10026=CARTESIAN_POINT('Ctrl Pts',(64.7903498176412,-7.39844922731275,0.2));
#10027=CARTESIAN_POINT('Ctrl Pts',(64.9187774402087,-7.27788481233501,0.2));
#10028=CARTESIAN_POINT('Ctrl Pts',(65.0939736856487,-7.26014721686422,0.2));
#10029=CARTESIAN_POINT('Ctrl Pts',(65.1811375674661,-7.25132238348119,0.2));
#10030=CARTESIAN_POINT('Ctrl Pts',(64.542665725654,-8.06987595041387,0.));
#10031=CARTESIAN_POINT('Ctrl Pts',(64.542665725654,-8.06987595041387,0.2));
#10032=CARTESIAN_POINT('Ctrl Pts',(64.5466478663889,-7.94816839767885,0.));
#10033=CARTESIAN_POINT('Ctrl Pts',(64.5466478663889,-7.94816839767885,0.2));
#10034=CARTESIAN_POINT('Ctrl Pts',(64.5538741483005,-7.72730902947082,0.));
#10035=CARTESIAN_POINT('Ctrl Pts',(64.5538741483005,-7.72730902947082,0.2));
#10036=CARTESIAN_POINT('Ctrl Pts',(64.6725429419123,-7.54215338068121,0.));
#10037=CARTESIAN_POINT('Ctrl Pts',(64.6725429419123,-7.54215338068121,0.2));
#10038=CARTESIAN_POINT('Ctrl Pts',(64.7258176860269,-7.45903026540868,0.));
#10039=CARTESIAN_POINT('Ctrl Pts',(64.7258176860269,-7.45903026540868,0.2));
#10040=CARTESIAN_POINT('',(64.542665725654,-8.06987595041387,0.));
#10041=CARTESIAN_POINT('Ctrl Pts',(64.542665725654,-8.06987595041387,0.));
#10042=CARTESIAN_POINT('Ctrl Pts',(64.5466478663889,-7.94816839767885,0.));
#10043=CARTESIAN_POINT('Ctrl Pts',(64.5538741483005,-7.72730902947082,0.));
#10044=CARTESIAN_POINT('Ctrl Pts',(64.6725429419123,-7.54215338068121,0.));
#10045=CARTESIAN_POINT('Ctrl Pts',(64.7258176860269,-7.45903026540868,0.));
#10046=CARTESIAN_POINT('',(64.542665725654,-8.06987595041387,0.2));
#10047=CARTESIAN_POINT('',(64.542665725654,-8.06987595041387,0.));
#10048=CARTESIAN_POINT('Ctrl Pts',(64.542665725654,-8.06987595041387,0.2));
#10049=CARTESIAN_POINT('Ctrl Pts',(64.5466478663889,-7.94816839767885,0.2));
#10050=CARTESIAN_POINT('Ctrl Pts',(64.5538741483005,-7.72730902947082,0.2));
#10051=CARTESIAN_POINT('Ctrl Pts',(64.6725429419123,-7.54215338068121,0.2));
#10052=CARTESIAN_POINT('Ctrl Pts',(64.7258176860269,-7.45903026540868,0.2));
#10053=CARTESIAN_POINT('Ctrl Pts',(64.7247936782297,-8.70630156477087,0.));
#10054=CARTESIAN_POINT('Ctrl Pts',(64.7247936782297,-8.70630156477087,0.2));
#10055=CARTESIAN_POINT('Ctrl Pts',(64.6718602106094,-8.62076614643213,0.));
#10056=CARTESIAN_POINT('Ctrl Pts',(64.6718602106094,-8.62076614643213,0.2));
#10057=CARTESIAN_POINT('Ctrl Pts',(64.5519122651224,-8.42694174464357,0.));
#10058=CARTESIAN_POINT('Ctrl Pts',(64.5519122651224,-8.42694174464357,0.2));
#10059=CARTESIAN_POINT('Ctrl Pts',(64.5459800387841,-8.19786197741936,0.));
#10060=CARTESIAN_POINT('Ctrl Pts',(64.5459800387841,-8.19786197741936,0.2));
#10061=CARTESIAN_POINT('Ctrl Pts',(64.542665725654,-8.06987595041387,0.));
#10062=CARTESIAN_POINT('Ctrl Pts',(64.542665725654,-8.06987595041387,0.2));
#10063=CARTESIAN_POINT('',(64.7247936782297,-8.70630156477087,0.));
#10064=CARTESIAN_POINT('Ctrl Pts',(64.7247936782297,-8.70630156477087,0.));
#10065=CARTESIAN_POINT('Ctrl Pts',(64.6718602106094,-8.62076614643213,0.));
#10066=CARTESIAN_POINT('Ctrl Pts',(64.5519122651224,-8.42694174464357,0.));
#10067=CARTESIAN_POINT('Ctrl Pts',(64.5459800387841,-8.19786197741936,0.));
#10068=CARTESIAN_POINT('Ctrl Pts',(64.542665725654,-8.06987595041387,0.));
#10069=CARTESIAN_POINT('',(64.7247936782297,-8.70630156477087,0.2));
#10070=CARTESIAN_POINT('',(64.7247936782297,-8.70630156477087,0.));
#10071=CARTESIAN_POINT('Ctrl Pts',(64.7247936782297,-8.70630156477087,0.2));
#10072=CARTESIAN_POINT('Ctrl Pts',(64.6718602106094,-8.62076614643213,0.2));
#10073=CARTESIAN_POINT('Ctrl Pts',(64.5519122651224,-8.42694174464357,0.2));
#10074=CARTESIAN_POINT('Ctrl Pts',(64.5459800387841,-8.19786197741936,0.2));
#10075=CARTESIAN_POINT('Ctrl Pts',(64.542665725654,-8.06987595041387,0.2));
#10076=CARTESIAN_POINT('Ctrl Pts',(65.1811375674661,-8.91503285844915,0.));
#10077=CARTESIAN_POINT('Ctrl Pts',(65.1811375674661,-8.91503285844915,0.2));
#10078=CARTESIAN_POINT('Ctrl Pts',(65.0934816676284,-8.90623438350984,0.));
#10079=CARTESIAN_POINT('Ctrl Pts',(65.0934816676284,-8.90623438350984,0.2));
#10080=CARTESIAN_POINT('Ctrl Pts',(64.9176565826392,-8.88858591253592,0.));
#10081=CARTESIAN_POINT('Ctrl Pts',(64.9176565826392,-8.88858591253592,0.2));
#10082=CARTESIAN_POINT('Ctrl Pts',(64.7892063077866,-8.76718115280037,0.));
#10083=CARTESIAN_POINT('Ctrl Pts',(64.7892063077866,-8.76718115280037,0.2));
#10084=CARTESIAN_POINT('Ctrl Pts',(64.7247936782297,-8.70630156477087,0.));
#10085=CARTESIAN_POINT('Ctrl Pts',(64.7247936782297,-8.70630156477087,0.2));
#10086=CARTESIAN_POINT('',(65.1811375674661,-8.91503285844915,0.));
#10087=CARTESIAN_POINT('Ctrl Pts',(65.1811375674661,-8.91503285844915,0.));
#10088=CARTESIAN_POINT('Ctrl Pts',(65.0934816676284,-8.90623438350984,0.));
#10089=CARTESIAN_POINT('Ctrl Pts',(64.9176565826392,-8.88858591253592,0.));
#10090=CARTESIAN_POINT('Ctrl Pts',(64.7892063077866,-8.76718115280037,0.));
#10091=CARTESIAN_POINT('Ctrl Pts',(64.7247936782297,-8.70630156477087,0.));
#10092=CARTESIAN_POINT('',(65.1811375674661,-8.91503285844915,0.2));
#10093=CARTESIAN_POINT('',(65.1811375674661,-8.91503285844915,0.));
#10094=CARTESIAN_POINT('Ctrl Pts',(65.1811375674661,-8.91503285844915,0.2));
#10095=CARTESIAN_POINT('Ctrl Pts',(65.0934816676284,-8.90623438350984,0.2));
#10096=CARTESIAN_POINT('Ctrl Pts',(64.9176565826392,-8.88858591253592,0.2));
#10097=CARTESIAN_POINT('Ctrl Pts',(64.7892063077866,-8.76718115280037,0.2));
#10098=CARTESIAN_POINT('Ctrl Pts',(64.7247936782297,-8.70630156477087,0.2));
#10099=CARTESIAN_POINT('Ctrl Pts',(65.6395282802042,-8.70732497652166,0.));
#10100=CARTESIAN_POINT('Ctrl Pts',(65.6395282802042,-8.70732497652166,0.2));
#10101=CARTESIAN_POINT('Ctrl Pts',(65.5748957875083,-8.76790644208097,0.));
#10102=CARTESIAN_POINT('Ctrl Pts',(65.5748957875083,-8.76790644208097,0.2));
#10103=CARTESIAN_POINT('Ctrl Pts',(65.4456291358415,-8.88907093503621,0.));
#10104=CARTESIAN_POINT('Ctrl Pts',(65.4456291358415,-8.88907093503621,0.2));
#10105=CARTESIAN_POINT('Ctrl Pts',(65.2693021812222,-8.90637880961075,0.));
#10106=CARTESIAN_POINT('Ctrl Pts',(65.2693021812222,-8.90637880961075,0.2));
#10107=CARTESIAN_POINT('Ctrl Pts',(65.1811375674661,-8.91503285844915,0.));
#10108=CARTESIAN_POINT('Ctrl Pts',(65.1811375674661,-8.91503285844915,0.2));
#10109=CARTESIAN_POINT('',(65.6395282802042,-8.70732497652166,0.));
#10110=CARTESIAN_POINT('Ctrl Pts',(65.6395282802042,-8.70732497652166,0.));
#10111=CARTESIAN_POINT('Ctrl Pts',(65.5748957875083,-8.76790644208097,0.));
#10112=CARTESIAN_POINT('Ctrl Pts',(65.4456291358415,-8.88907093503621,0.));
#10113=CARTESIAN_POINT('Ctrl Pts',(65.2693021812222,-8.90637880961075,0.));
#10114=CARTESIAN_POINT('Ctrl Pts',(65.1811375674661,-8.91503285844915,0.));
#10115=CARTESIAN_POINT('',(65.6395282802042,-8.70732497652166,0.2));
#10116=CARTESIAN_POINT('',(65.6395282802042,-8.70732497652166,0.));
#10117=CARTESIAN_POINT('Ctrl Pts',(65.6395282802042,-8.70732497652166,0.2));
#10118=CARTESIAN_POINT('Ctrl Pts',(65.5748957875083,-8.76790644208097,0.2));
#10119=CARTESIAN_POINT('Ctrl Pts',(65.4456291358415,-8.88907093503621,0.2));
#10120=CARTESIAN_POINT('Ctrl Pts',(65.2693021812222,-8.90637880961075,0.2));
#10121=CARTESIAN_POINT('Ctrl Pts',(65.1811375674661,-8.91503285844915,0.2));
#10122=CARTESIAN_POINT('Ctrl Pts',(65.8216562327799,-8.0821545072376,0.));
#10123=CARTESIAN_POINT('Ctrl Pts',(65.8216562327799,-8.0821545072376,0.2));
#10124=CARTESIAN_POINT('Ctrl Pts',(65.8181051689473,-8.20747413811243,0.));
#10125=CARTESIAN_POINT('Ctrl Pts',(65.8181051689473,-8.20747413811243,0.2));
#10126=CARTESIAN_POINT('Ctrl Pts',(65.8117176465536,-8.43289445898336,0.));
#10127=CARTESIAN_POINT('Ctrl Pts',(65.8117176465536,-8.43289445898336,0.2));
#10128=CARTESIAN_POINT('Ctrl Pts',(65.6924780862264,-8.62293508080217,0.));
#10129=CARTESIAN_POINT('Ctrl Pts',(65.6924780862264,-8.62293508080217,0.2));
#10130=CARTESIAN_POINT('Ctrl Pts',(65.6395282802042,-8.70732497652166,0.));
#10131=CARTESIAN_POINT('Ctrl Pts',(65.6395282802042,-8.70732497652166,0.2));
#10132=CARTESIAN_POINT('',(65.8216562327799,-8.0821545072376,0.));
#10133=CARTESIAN_POINT('Ctrl Pts',(65.8216562327799,-8.0821545072376,0.));
#10134=CARTESIAN_POINT('Ctrl Pts',(65.8181051689473,-8.20747413811243,0.));
#10135=CARTESIAN_POINT('Ctrl Pts',(65.8117176465536,-8.43289445898336,0.));
#10136=CARTESIAN_POINT('Ctrl Pts',(65.6924780862264,-8.62293508080217,0.));
#10137=CARTESIAN_POINT('Ctrl Pts',(65.6395282802042,-8.70732497652166,0.));
#10138=CARTESIAN_POINT('',(65.8216562327799,-8.0821545072376,0.2));
#10139=CARTESIAN_POINT('',(65.8216562327799,-8.0821545072376,0.));
#10140=CARTESIAN_POINT('Ctrl Pts',(65.8216562327799,-8.0821545072376,0.2));
#10141=CARTESIAN_POINT('Ctrl Pts',(65.8181051689473,-8.20747413811243,0.2));
#10142=CARTESIAN_POINT('Ctrl Pts',(65.8117176465536,-8.43289445898336,0.2));
#10143=CARTESIAN_POINT('Ctrl Pts',(65.6924780862264,-8.62293508080217,0.2));
#10144=CARTESIAN_POINT('Ctrl Pts',(65.6395282802042,-8.70732497652166,0.2));
#10145=CARTESIAN_POINT('Ctrl Pts',(65.6395282802042,-7.45800685365789,0.));
#10146=CARTESIAN_POINT('Ctrl Pts',(65.6395282802042,-7.45800685365789,0.2));
#10147=CARTESIAN_POINT('Ctrl Pts',(65.692475754401,-7.5421364709556,0.));
#10148=CARTESIAN_POINT('Ctrl Pts',(65.692475754401,-7.5421364709556,0.2));
#10149=CARTESIAN_POINT('Ctrl Pts',(65.8118177617032,-7.73176208679792,0.));
#10150=CARTESIAN_POINT('Ctrl Pts',(65.8118177617032,-7.73176208679792,0.2));
#10151=CARTESIAN_POINT('Ctrl Pts',(65.8181393120266,-7.95690106433565,0.));
#10152=CARTESIAN_POINT('Ctrl Pts',(65.8181393120266,-7.95690106433565,0.2));
#10153=CARTESIAN_POINT('Ctrl Pts',(65.8216562327799,-8.0821545072376,0.));
#10154=CARTESIAN_POINT('Ctrl Pts',(65.8216562327799,-8.0821545072376,0.2));
#10155=CARTESIAN_POINT('Ctrl Pts',(65.6395282802042,-7.45800685365789,0.));
#10156=CARTESIAN_POINT('Ctrl Pts',(65.692475754401,-7.5421364709556,0.));
#10157=CARTESIAN_POINT('Ctrl Pts',(65.8118177617032,-7.73176208679792,0.));
#10158=CARTESIAN_POINT('Ctrl Pts',(65.8181393120266,-7.95690106433565,0.));
#10159=CARTESIAN_POINT('Ctrl Pts',(65.8216562327799,-8.0821545072376,0.));
#10160=CARTESIAN_POINT('Ctrl Pts',(65.6395282802042,-7.45800685365789,0.2));
#10161=CARTESIAN_POINT('Ctrl Pts',(65.692475754401,-7.5421364709556,0.2));
#10162=CARTESIAN_POINT('Ctrl Pts',(65.8118177617032,-7.73176208679792,0.2));
#10163=CARTESIAN_POINT('Ctrl Pts',(65.8181393120266,-7.95690106433565,0.2));
#10164=CARTESIAN_POINT('Ctrl Pts',(65.8216562327799,-8.0821545072376,0.2));
#10165=CARTESIAN_POINT('Ctrl Pts',(65.1811375674661,-9.21789776762121,0.));
#10166=CARTESIAN_POINT('Ctrl Pts',(65.1811375674661,-9.21789776762121,0.2));
#10167=CARTESIAN_POINT('Ctrl Pts',(65.3242923452738,-9.20739689843456,0.));
#10168=CARTESIAN_POINT('Ctrl Pts',(65.3242923452738,-9.20739689843456,0.2));
#10169=CARTESIAN_POINT('Ctrl Pts',(65.6014556011744,-9.18706607093352,0.));
#10170=CARTESIAN_POINT('Ctrl Pts',(65.6014556011744,-9.18706607093352,0.2));
#10171=CARTESIAN_POINT('Ctrl Pts',(65.8154116864077,-9.01059094104735,0.));
#10172=CARTESIAN_POINT('Ctrl Pts',(65.8154116864077,-9.01059094104735,0.2));
#10173=CARTESIAN_POINT('Ctrl Pts',(65.9188594874796,-8.92526518781774,0.));
#10174=CARTESIAN_POINT('Ctrl Pts',(65.9188594874796,-8.92526518781774,0.2));
#10175=CARTESIAN_POINT('',(65.1811375674661,-9.21789776762121,0.));
#10176=CARTESIAN_POINT('',(65.9188594874796,-8.92526518781774,0.));
#10177=CARTESIAN_POINT('Ctrl Pts',(65.1811375674661,-9.21789776762121,0.));
#10178=CARTESIAN_POINT('Ctrl Pts',(65.3242923452738,-9.20739689843456,0.));
#10179=CARTESIAN_POINT('Ctrl Pts',(65.6014556011744,-9.18706607093352,0.));
#10180=CARTESIAN_POINT('Ctrl Pts',(65.8154116864077,-9.01059094104735,0.));
#10181=CARTESIAN_POINT('Ctrl Pts',(65.9188594874796,-8.92526518781774,0.));
#10182=CARTESIAN_POINT('',(65.1811375674661,-9.21789776762121,0.2));
#10183=CARTESIAN_POINT('',(65.1811375674661,-9.21789776762121,0.));
#10184=CARTESIAN_POINT('',(65.9188594874796,-8.92526518781774,0.2));
#10185=CARTESIAN_POINT('Ctrl Pts',(65.1811375674661,-9.21789776762121,0.2));
#10186=CARTESIAN_POINT('Ctrl Pts',(65.3242923452738,-9.20739689843456,0.2));
#10187=CARTESIAN_POINT('Ctrl Pts',(65.6014556011744,-9.18706607093352,0.2));
#10188=CARTESIAN_POINT('Ctrl Pts',(65.8154116864077,-9.01059094104735,0.2));
#10189=CARTESIAN_POINT('Ctrl Pts',(65.9188594874796,-8.92526518781774,0.2));
#10190=CARTESIAN_POINT('',(65.9188594874796,-8.92526518781774,0.));
#10191=CARTESIAN_POINT('Ctrl Pts',(64.6562399920877,-9.08488285024755,0.));
#10192=CARTESIAN_POINT('Ctrl Pts',(64.6562399920877,-9.08488285024755,0.2));
#10193=CARTESIAN_POINT('Ctrl Pts',(64.7386452823477,-9.12367811432717,0.));
#10194=CARTESIAN_POINT('Ctrl Pts',(64.7386452823477,-9.12367811432717,0.2));
#10195=CARTESIAN_POINT('Ctrl Pts',(64.9049626264939,-9.20197800583676,0.));
#10196=CARTESIAN_POINT('Ctrl Pts',(64.9049626264939,-9.20197800583676,0.2));
#10197=CARTESIAN_POINT('Ctrl Pts',(65.0885249219852,-9.21255922658959,0.));
#10198=CARTESIAN_POINT('Ctrl Pts',(65.0885249219852,-9.21255922658959,0.2));
#10199=CARTESIAN_POINT('Ctrl Pts',(65.1811375674661,-9.21789776762121,0.));
#10200=CARTESIAN_POINT('Ctrl Pts',(65.1811375674661,-9.21789776762121,0.2));
#10201=CARTESIAN_POINT('',(64.6562399920877,-9.08488285024755,0.));
#10202=CARTESIAN_POINT('Ctrl Pts',(64.6562399920877,-9.08488285024755,0.));
#10203=CARTESIAN_POINT('Ctrl Pts',(64.7386452823477,-9.12367811432717,0.));
#10204=CARTESIAN_POINT('Ctrl Pts',(64.9049626264939,-9.20197800583676,0.));
#10205=CARTESIAN_POINT('Ctrl Pts',(65.0885249219852,-9.21255922658959,0.));
#10206=CARTESIAN_POINT('Ctrl Pts',(65.1811375674661,-9.21789776762121,0.));
#10207=CARTESIAN_POINT('',(64.6562399920877,-9.08488285024755,0.2));
#10208=CARTESIAN_POINT('',(64.6562399920877,-9.08488285024755,0.));
#10209=CARTESIAN_POINT('Ctrl Pts',(64.6562399920877,-9.08488285024755,0.2));
#10210=CARTESIAN_POINT('Ctrl Pts',(64.7386452823477,-9.12367811432717,0.2));
#10211=CARTESIAN_POINT('Ctrl Pts',(64.9049626264939,-9.20197800583676,0.2));
#10212=CARTESIAN_POINT('Ctrl Pts',(65.0885249219852,-9.21255922658959,0.2));
#10213=CARTESIAN_POINT('Ctrl Pts',(65.1811375674661,-9.21789776762121,0.2));
#10214=CARTESIAN_POINT('Ctrl Pts',(64.2899372634348,-8.71141802747839,0.));
#10215=CARTESIAN_POINT('Ctrl Pts',(64.2899372634348,-8.71141802747839,0.2));
#10216=CARTESIAN_POINT('Ctrl Pts',(64.3367947537745,-8.78716431938045,0.));
#10217=CARTESIAN_POINT('Ctrl Pts',(64.3367947537745,-8.78716431938045,0.2));
#10218=CARTESIAN_POINT('Ctrl Pts',(64.430821531945,-8.93916093153953,0.));
#10219=CARTESIAN_POINT('Ctrl Pts',(64.430821531945,-8.93916093153953,0.2));
#10220=CARTESIAN_POINT('Ctrl Pts',(64.5809345779217,-9.03620161342945,0.));
#10221=CARTESIAN_POINT('Ctrl Pts',(64.5809345779217,-9.03620161342945,0.2));
#10222=CARTESIAN_POINT('Ctrl Pts',(64.6562399920877,-9.08488285024755,0.));
#10223=CARTESIAN_POINT('Ctrl Pts',(64.6562399920877,-9.08488285024755,0.2));
#10224=CARTESIAN_POINT('',(64.2899372634348,-8.71141802747839,0.));
#10225=CARTESIAN_POINT('Ctrl Pts',(64.2899372634348,-8.71141802747839,0.));
#10226=CARTESIAN_POINT('Ctrl Pts',(64.3367947537745,-8.78716431938045,0.));
#10227=CARTESIAN_POINT('Ctrl Pts',(64.430821531945,-8.93916093153953,0.));
#10228=CARTESIAN_POINT('Ctrl Pts',(64.5809345779217,-9.03620161342945,0.));
#10229=CARTESIAN_POINT('Ctrl Pts',(64.6562399920877,-9.08488285024755,0.));
#10230=CARTESIAN_POINT('',(64.2899372634348,-8.71141802747839,0.2));
#10231=CARTESIAN_POINT('',(64.2899372634348,-8.71141802747839,0.));
#10232=CARTESIAN_POINT('Ctrl Pts',(64.2899372634348,-8.71141802747839,0.2));
#10233=CARTESIAN_POINT('Ctrl Pts',(64.3367947537745,-8.78716431938045,0.2));
#10234=CARTESIAN_POINT('Ctrl Pts',(64.430821531945,-8.93916093153953,0.2));
#10235=CARTESIAN_POINT('Ctrl Pts',(64.5809345779217,-9.03620161342945,0.2));
#10236=CARTESIAN_POINT('Ctrl Pts',(64.6562399920877,-9.08488285024755,0.2));
#10237=CARTESIAN_POINT('Ctrl Pts',(64.1640844401773,-8.05145871122472,0.));
#10238=CARTESIAN_POINT('Ctrl Pts',(64.1640844401773,-8.05145871122472,0.2));
#10239=CARTESIAN_POINT('Ctrl Pts',(64.1665402232294,-8.17801554447026,0.));
#10240=CARTESIAN_POINT('Ctrl Pts',(64.1665402232294,-8.17801554447026,0.2));
#10241=CARTESIAN_POINT('Ctrl Pts',(64.1709578805358,-8.40567601252192,0.));
#10242=CARTESIAN_POINT('Ctrl Pts',(64.1709578805358,-8.40567601252192,0.2));
#10243=CARTESIAN_POINT('Ctrl Pts',(64.2533479643796,-8.61739429205123,0.));
#10244=CARTESIAN_POINT('Ctrl Pts',(64.2533479643796,-8.61739429205123,0.2));
#10245=CARTESIAN_POINT('Ctrl Pts',(64.2899372634348,-8.71141802747839,0.));
#10246=CARTESIAN_POINT('Ctrl Pts',(64.2899372634348,-8.71141802747839,0.2));
#10247=CARTESIAN_POINT('',(64.1640844401773,-8.05145871122472,0.));
#10248=CARTESIAN_POINT('Ctrl Pts',(64.1640844401773,-8.05145871122472,0.));
#10249=CARTESIAN_POINT('Ctrl Pts',(64.1665402232294,-8.17801554447026,0.));
#10250=CARTESIAN_POINT('Ctrl Pts',(64.1709578805358,-8.40567601252192,0.));
#10251=CARTESIAN_POINT('Ctrl Pts',(64.2533479643796,-8.61739429205123,0.));
#10252=CARTESIAN_POINT('Ctrl Pts',(64.2899372634348,-8.71141802747839,0.));
#10253=CARTESIAN_POINT('',(64.1640844401773,-8.05145871122472,0.2));
#10254=CARTESIAN_POINT('',(64.1640844401773,-8.05145871122472,0.));
#10255=CARTESIAN_POINT('Ctrl Pts',(64.1640844401773,-8.05145871122472,0.2));
#10256=CARTESIAN_POINT('Ctrl Pts',(64.1665402232294,-8.17801554447026,0.2));
#10257=CARTESIAN_POINT('Ctrl Pts',(64.1709578805358,-8.40567601252192,0.2));
#10258=CARTESIAN_POINT('Ctrl Pts',(64.2533479643796,-8.61739429205123,0.2));
#10259=CARTESIAN_POINT('Ctrl Pts',(64.2899372634348,-8.71141802747839,0.2));
#10260=CARTESIAN_POINT('Ctrl Pts',(64.4485321101602,-7.24006723840826,0.));
#10261=CARTESIAN_POINT('Ctrl Pts',(64.4485321101602,-7.24006723840826,0.2));
#10262=CARTESIAN_POINT('Ctrl Pts',(64.3656640200991,-7.35233040380423,0.));
#10263=CARTESIAN_POINT('Ctrl Pts',(64.3656640200991,-7.35233040380423,0.2));
#10264=CARTESIAN_POINT('Ctrl Pts',(64.1882864381812,-7.59262758938797,0.));
#10265=CARTESIAN_POINT('Ctrl Pts',(64.1882864381812,-7.59262758938797,0.2));
#10266=CARTESIAN_POINT('Ctrl Pts',(64.1724971922126,-7.89196640594211,0.));
#10267=CARTESIAN_POINT('Ctrl Pts',(64.1724971922126,-7.89196640594211,0.2));
#10268=CARTESIAN_POINT('Ctrl Pts',(64.1640844401773,-8.05145871122472,0.));
#10269=CARTESIAN_POINT('Ctrl Pts',(64.1640844401773,-8.05145871122472,0.2));
#10270=CARTESIAN_POINT('',(64.4485321101602,-7.24006723840826,0.));
#10271=CARTESIAN_POINT('Ctrl Pts',(64.4485321101602,-7.24006723840826,0.));
#10272=CARTESIAN_POINT('Ctrl Pts',(64.3656640200991,-7.35233040380423,0.));
#10273=CARTESIAN_POINT('Ctrl Pts',(64.1882864381812,-7.59262758938797,0.));
#10274=CARTESIAN_POINT('Ctrl Pts',(64.1724971922126,-7.89196640594211,0.));
#10275=CARTESIAN_POINT('Ctrl Pts',(64.1640844401773,-8.05145871122472,0.));
#10276=CARTESIAN_POINT('',(64.4485321101602,-7.24006723840826,0.2));
#10277=CARTESIAN_POINT('',(64.4485321101602,-7.24006723840826,0.));
#10278=CARTESIAN_POINT('Ctrl Pts',(64.4485321101602,-7.24006723840826,0.2));
#10279=CARTESIAN_POINT('Ctrl Pts',(64.3656640200991,-7.35233040380423,0.2));
#10280=CARTESIAN_POINT('Ctrl Pts',(64.1882864381812,-7.59262758938797,0.2));
#10281=CARTESIAN_POINT('Ctrl Pts',(64.1724971922126,-7.89196640594211,0.2));
#10282=CARTESIAN_POINT('Ctrl Pts',(64.1640844401773,-8.05145871122472,0.2));
#10283=CARTESIAN_POINT('Ctrl Pts',(65.1811375674661,-6.94641065080755,0.));
#10284=CARTESIAN_POINT('Ctrl Pts',(65.1811375674661,-6.94641065080755,0.2));
#10285=CARTESIAN_POINT('Ctrl Pts',(65.0398748325653,-6.95732832686345,0.));
#10286=CARTESIAN_POINT('Ctrl Pts',(65.0398748325653,-6.95732832686345,0.2));
#10287=CARTESIAN_POINT('Ctrl Pts',(64.7644804604237,-6.97861254272386,0.));
#10288=CARTESIAN_POINT('Ctrl Pts',(64.7644804604237,-6.97861254272386,0.2));
#10289=CARTESIAN_POINT('Ctrl Pts',(64.5520143519066,-7.15443324790953,0.));
#10290=CARTESIAN_POINT('Ctrl Pts',(64.5520143519066,-7.15443324790953,0.2));
#10291=CARTESIAN_POINT('Ctrl Pts',(64.4485321101602,-7.24006723840826,0.));
#10292=CARTESIAN_POINT('Ctrl Pts',(64.4485321101602,-7.24006723840826,0.2));
#10293=CARTESIAN_POINT('',(65.1811375674661,-6.94641065080755,0.));
#10294=CARTESIAN_POINT('Ctrl Pts',(65.1811375674661,-6.94641065080755,0.));
#10295=CARTESIAN_POINT('Ctrl Pts',(65.0398748325653,-6.95732832686345,0.));
#10296=CARTESIAN_POINT('Ctrl Pts',(64.7644804604237,-6.97861254272386,0.));
#10297=CARTESIAN_POINT('Ctrl Pts',(64.5520143519066,-7.15443324790953,0.));
#10298=CARTESIAN_POINT('Ctrl Pts',(64.4485321101602,-7.24006723840826,0.));
#10299=CARTESIAN_POINT('',(65.1811375674661,-6.94641065080755,0.2));
#10300=CARTESIAN_POINT('',(65.1811375674661,-6.94641065080755,0.));
#10301=CARTESIAN_POINT('Ctrl Pts',(65.1811375674661,-6.94641065080755,0.2));
#10302=CARTESIAN_POINT('Ctrl Pts',(65.0398748325653,-6.95732832686345,0.2));
#10303=CARTESIAN_POINT('Ctrl Pts',(64.7644804604237,-6.97861254272386,0.2));
#10304=CARTESIAN_POINT('Ctrl Pts',(64.5520143519066,-7.15443324790953,0.2));
#10305=CARTESIAN_POINT('Ctrl Pts',(64.4485321101602,-7.24006723840826,0.2));
#10306=CARTESIAN_POINT('Ctrl Pts',(65.8646305856165,-7.18788396795385,0.));
#10307=CARTESIAN_POINT('Ctrl Pts',(65.8646305856165,-7.18788396795385,0.2));
#10308=CARTESIAN_POINT('Ctrl Pts',(65.7645475373688,-7.11746509287607,0.));
#10309=CARTESIAN_POINT('Ctrl Pts',(65.7645475373688,-7.11746509287607,0.2));
#10310=CARTESIAN_POINT('Ctrl Pts',(65.5595509919119,-6.9732286174822,0.));
#10311=CARTESIAN_POINT('Ctrl Pts',(65.5595509919119,-6.9732286174822,0.2));
#10312=CARTESIAN_POINT('Ctrl Pts',(65.3092414372472,-6.95548930681906,0.));
#10313=CARTESIAN_POINT('Ctrl Pts',(65.3092414372472,-6.95548930681906,0.2));
#10314=CARTESIAN_POINT('Ctrl Pts',(65.1811375674661,-6.94641065080755,0.));
#10315=CARTESIAN_POINT('Ctrl Pts',(65.1811375674661,-6.94641065080755,0.2));
#10316=CARTESIAN_POINT('',(65.8646305856165,-7.18788396795385,0.));
#10317=CARTESIAN_POINT('Ctrl Pts',(65.8646305856165,-7.18788396795385,0.));
#10318=CARTESIAN_POINT('Ctrl Pts',(65.7645475373688,-7.11746509287607,0.));
#10319=CARTESIAN_POINT('Ctrl Pts',(65.5595509919119,-6.9732286174822,0.));
#10320=CARTESIAN_POINT('Ctrl Pts',(65.3092414372472,-6.95548930681906,0.));
#10321=CARTESIAN_POINT('Ctrl Pts',(65.1811375674661,-6.94641065080755,0.));
#10322=CARTESIAN_POINT('',(65.8646305856165,-7.18788396795385,0.2));
#10323=CARTESIAN_POINT('',(65.8646305856165,-7.18788396795385,0.));
#10324=CARTESIAN_POINT('Ctrl Pts',(65.8646305856165,-7.18788396795385,0.2));
#10325=CARTESIAN_POINT('Ctrl Pts',(65.7645475373688,-7.11746509287607,0.2));
#10326=CARTESIAN_POINT('Ctrl Pts',(65.5595509919119,-6.9732286174822,0.2));
#10327=CARTESIAN_POINT('Ctrl Pts',(65.3092414372472,-6.95548930681906,0.2));
#10328=CARTESIAN_POINT('Ctrl Pts',(65.1811375674661,-6.94641065080755,0.2));
#10329=CARTESIAN_POINT('Ctrl Pts',(66.2002375182565,-8.0821545072376,0.));
#10330=CARTESIAN_POINT('Ctrl Pts',(66.2002375182565,-8.0821545072376,0.2));
#10331=CARTESIAN_POINT('Ctrl Pts',(66.1918433464965,-7.89923254906095,0.));
#10332=CARTESIAN_POINT('Ctrl Pts',(66.1918433464965,-7.89923254906095,0.2));
#10333=CARTESIAN_POINT('Ctrl Pts',(66.1764040287907,-7.56278598727802,0.));
#10334=CARTESIAN_POINT('Ctrl Pts',(66.1764040287907,-7.56278598727802,0.2));
#10335=CARTESIAN_POINT('Ctrl Pts',(65.9623197919604,-7.30535350080323,0.));
#10336=CARTESIAN_POINT('Ctrl Pts',(65.9623197919604,-7.30535350080323,0.2));
#10337=CARTESIAN_POINT('Ctrl Pts',(65.8646305856165,-7.18788396795385,0.));
#10338=CARTESIAN_POINT('Ctrl Pts',(65.8646305856165,-7.18788396795385,0.2));
#10339=CARTESIAN_POINT('',(66.2002375182565,-8.0821545072376,0.));
#10340=CARTESIAN_POINT('Ctrl Pts',(66.2002375182565,-8.0821545072376,0.));
#10341=CARTESIAN_POINT('Ctrl Pts',(66.1918433464965,-7.89923254906095,0.));
#10342=CARTESIAN_POINT('Ctrl Pts',(66.1764040287907,-7.56278598727802,0.));
#10343=CARTESIAN_POINT('Ctrl Pts',(65.9623197919604,-7.30535350080323,0.));
#10344=CARTESIAN_POINT('Ctrl Pts',(65.8646305856165,-7.18788396795385,0.));
#10345=CARTESIAN_POINT('',(66.2002375182565,-8.0821545072376,0.2));
#10346=CARTESIAN_POINT('',(66.2002375182565,-8.0821545072376,0.));
#10347=CARTESIAN_POINT('Ctrl Pts',(66.2002375182565,-8.0821545072376,0.2));
#10348=CARTESIAN_POINT('Ctrl Pts',(66.1918433464965,-7.89923254906095,0.2));
#10349=CARTESIAN_POINT('Ctrl Pts',(66.1764040287907,-7.56278598727802,0.2));
#10350=CARTESIAN_POINT('Ctrl Pts',(65.9623197919604,-7.30535350080323,0.2));
#10351=CARTESIAN_POINT('Ctrl Pts',(65.8646305856165,-7.18788396795385,0.2));
#10352=CARTESIAN_POINT('Ctrl Pts',(65.9188594874796,-8.92526518781774,0.));
#10353=CARTESIAN_POINT('Ctrl Pts',(65.9188594874796,-8.92526518781774,0.2));
#10354=CARTESIAN_POINT('Ctrl Pts',(66.0007748341949,-8.81031041829508,0.));
#10355=CARTESIAN_POINT('Ctrl Pts',(66.0007748341949,-8.81031041829508,0.2));
#10356=CARTESIAN_POINT('Ctrl Pts',(66.1796716043873,-8.55925810867992,0.));
#10357=CARTESIAN_POINT('Ctrl Pts',(66.1796716043873,-8.55925810867992,0.2));
#10358=CARTESIAN_POINT('Ctrl Pts',(66.1930078362885,-8.24987412943196,0.));
#10359=CARTESIAN_POINT('Ctrl Pts',(66.1930078362885,-8.24987412943196,0.2));
#10360=CARTESIAN_POINT('Ctrl Pts',(66.2002375182565,-8.0821545072376,0.));
#10361=CARTESIAN_POINT('Ctrl Pts',(66.2002375182565,-8.0821545072376,0.2));
#10362=CARTESIAN_POINT('Ctrl Pts',(65.9188594874796,-8.92526518781774,0.));
#10363=CARTESIAN_POINT('Ctrl Pts',(66.0007748341949,-8.81031041829508,0.));
#10364=CARTESIAN_POINT('Ctrl Pts',(66.1796716043873,-8.55925810867992,0.));
#10365=CARTESIAN_POINT('Ctrl Pts',(66.1930078362885,-8.24987412943196,0.));
#10366=CARTESIAN_POINT('Ctrl Pts',(66.2002375182565,-8.0821545072376,0.));
#10367=CARTESIAN_POINT('Ctrl Pts',(65.9188594874796,-8.92526518781774,0.2));
#10368=CARTESIAN_POINT('Ctrl Pts',(66.0007748341949,-8.81031041829508,0.2));
#10369=CARTESIAN_POINT('Ctrl Pts',(66.1796716043873,-8.55925810867992,0.2));
#10370=CARTESIAN_POINT('Ctrl Pts',(66.1930078362885,-8.24987412943196,0.2));
#10371=CARTESIAN_POINT('Ctrl Pts',(66.2002375182565,-8.0821545072376,0.2));
#10372=CARTESIAN_POINT('Origin',(66.0979183596429,-5.35227682669752,0.2));
#10373=CARTESIAN_POINT('Ctrl Pts',(59.6088316497263,-8.58147215326421,0.));
#10374=CARTESIAN_POINT('Ctrl Pts',(59.6088316497263,-8.58147215326421,0.2));
#10375=CARTESIAN_POINT('Ctrl Pts',(59.5916112936346,-8.53039282248323,0.));
#10376=CARTESIAN_POINT('Ctrl Pts',(59.5916112936346,-8.53039282248323,0.2));
#10377=CARTESIAN_POINT('Ctrl Pts',(59.5514324500664,-8.4112136121291,0.));
#10378=CARTESIAN_POINT('Ctrl Pts',(59.5514324500664,-8.4112136121291,0.2));
#10379=CARTESIAN_POINT('Ctrl Pts',(59.5501943440876,-8.28515437484655,0.));
#10380=CARTESIAN_POINT('Ctrl Pts',(59.5501943440876,-8.28515437484655,0.2));
#10381=CARTESIAN_POINT('Ctrl Pts',(59.5494868812021,-8.21312319715612,0.));
#10382=CARTESIAN_POINT('Ctrl Pts',(59.5494868812021,-8.21312319715612,0.2));
#10383=CARTESIAN_POINT('',(59.6088316497263,-8.58147215326421,0.));
#10384=CARTESIAN_POINT('',(59.5494868812021,-8.21312319715612,0.));
#10385=CARTESIAN_POINT('Ctrl Pts',(59.6088316497263,-8.58147215326421,0.));
#10386=CARTESIAN_POINT('Ctrl Pts',(59.5916112936346,-8.53039282248323,0.));
#10387=CARTESIAN_POINT('Ctrl Pts',(59.5514324500664,-8.4112136121291,0.));
#10388=CARTESIAN_POINT('Ctrl Pts',(59.5501943440876,-8.28515437484655,0.));
#10389=CARTESIAN_POINT('Ctrl Pts',(59.5494868812021,-8.21312319715612,0.));
#10390=CARTESIAN_POINT('',(59.6088316497263,-8.58147215326421,0.2));
#10391=CARTESIAN_POINT('',(59.6088316497263,-8.58147215326421,0.));
#10392=CARTESIAN_POINT('',(59.5494868812021,-8.21312319715612,0.2));
#10393=CARTESIAN_POINT('Ctrl Pts',(59.6088316497263,-8.58147215326421,0.2));
#10394=CARTESIAN_POINT('Ctrl Pts',(59.5916112936346,-8.53039282248323,0.2));
#10395=CARTESIAN_POINT('Ctrl Pts',(59.5514324500664,-8.4112136121291,0.2));
#10396=CARTESIAN_POINT('Ctrl Pts',(59.5501943440876,-8.28515437484655,0.2));
#10397=CARTESIAN_POINT('Ctrl Pts',(59.5494868812021,-8.21312319715612,0.2));
#10398=CARTESIAN_POINT('',(59.5494868812021,-8.21312319715612,0.));
#10399=CARTESIAN_POINT('Ctrl Pts',(59.8523511943277,-8.83624743898504,0.));
#10400=CARTESIAN_POINT('Ctrl Pts',(59.8523511943277,-8.83624743898504,0.2));
#10401=CARTESIAN_POINT('Ctrl Pts',(59.8009753733211,-8.80278518891235,0.));
#10402=CARTESIAN_POINT('Ctrl Pts',(59.8009753733211,-8.80278518891235,0.2));
#10403=CARTESIAN_POINT('Ctrl Pts',(59.6997985373829,-8.73688639606795,0.));
#10404=CARTESIAN_POINT('Ctrl Pts',(59.6997985373829,-8.73688639606795,0.2));
#10405=CARTESIAN_POINT('Ctrl Pts',(59.6388376625577,-8.63273654060221,0.));
#10406=CARTESIAN_POINT('Ctrl Pts',(59.6388376625577,-8.63273654060221,0.2));
#10407=CARTESIAN_POINT('Ctrl Pts',(59.6088316497263,-8.58147215326421,0.));
#10408=CARTESIAN_POINT('Ctrl Pts',(59.6088316497263,-8.58147215326421,0.2));
#10409=CARTESIAN_POINT('',(59.8523511943277,-8.83624743898504,0.));
#10410=CARTESIAN_POINT('Ctrl Pts',(59.8523511943277,-8.83624743898504,0.));
#10411=CARTESIAN_POINT('Ctrl Pts',(59.8009753733211,-8.80278518891235,0.));
#10412=CARTESIAN_POINT('Ctrl Pts',(59.6997985373829,-8.73688639606795,0.));
#10413=CARTESIAN_POINT('Ctrl Pts',(59.6388376625577,-8.63273654060221,0.));
#10414=CARTESIAN_POINT('Ctrl Pts',(59.6088316497263,-8.58147215326421,0.));
#10415=CARTESIAN_POINT('',(59.8523511943277,-8.83624743898504,0.2));
#10416=CARTESIAN_POINT('',(59.8523511943277,-8.83624743898504,0.));
#10417=CARTESIAN_POINT('Ctrl Pts',(59.8523511943277,-8.83624743898504,0.2));
#10418=CARTESIAN_POINT('Ctrl Pts',(59.8009753733211,-8.80278518891235,0.2));
#10419=CARTESIAN_POINT('Ctrl Pts',(59.6997985373829,-8.73688639606795,0.2));
#10420=CARTESIAN_POINT('Ctrl Pts',(59.6388376625577,-8.63273654060221,0.2));
#10421=CARTESIAN_POINT('Ctrl Pts',(59.6088316497263,-8.58147215326421,0.2));
#10422=CARTESIAN_POINT('Ctrl Pts',(60.2309324798044,-8.92935764272802,0.));
#10423=CARTESIAN_POINT('Ctrl Pts',(60.2309324798044,-8.92935764272802,0.2));
#10424=CARTESIAN_POINT('Ctrl Pts',(60.1628232584472,-8.92595836336624,0.));
#10425=CARTESIAN_POINT('Ctrl Pts',(60.1628232584472,-8.92595836336624,0.2));
#10426=CARTESIAN_POINT('Ctrl Pts',(60.0305200226924,-8.91935520963996,0.));
#10427=CARTESIAN_POINT('Ctrl Pts',(60.0305200226924,-8.91935520963996,0.2));
#10428=CARTESIAN_POINT('Ctrl Pts',(59.9105574660408,-8.86339805519896,0.));
#10429=CARTESIAN_POINT('Ctrl Pts',(59.9105574660408,-8.86339805519896,0.2));
#10430=CARTESIAN_POINT('Ctrl Pts',(59.8523511943277,-8.83624743898504,0.));
#10431=CARTESIAN_POINT('Ctrl Pts',(59.8523511943277,-8.83624743898504,0.2));
#10432=CARTESIAN_POINT('',(60.2309324798044,-8.92935764272802,0.));
#10433=CARTESIAN_POINT('Ctrl Pts',(60.2309324798044,-8.92935764272802,0.));
#10434=CARTESIAN_POINT('Ctrl Pts',(60.1628232584472,-8.92595836336624,0.));
#10435=CARTESIAN_POINT('Ctrl Pts',(60.0305200226924,-8.91935520963996,0.));
#10436=CARTESIAN_POINT('Ctrl Pts',(59.9105574660408,-8.86339805519896,0.));
#10437=CARTESIAN_POINT('Ctrl Pts',(59.8523511943277,-8.83624743898504,0.));
#10438=CARTESIAN_POINT('',(60.2309324798044,-8.92935764272802,0.2));
#10439=CARTESIAN_POINT('',(60.2309324798044,-8.92935764272802,0.));
#10440=CARTESIAN_POINT('Ctrl Pts',(60.2309324798044,-8.92935764272802,0.2));
#10441=CARTESIAN_POINT('Ctrl Pts',(60.1628232584472,-8.92595836336624,0.2));
#10442=CARTESIAN_POINT('Ctrl Pts',(60.0305200226924,-8.91935520963996,0.2));
#10443=CARTESIAN_POINT('Ctrl Pts',(59.9105574660408,-8.86339805519896,0.2));
#10444=CARTESIAN_POINT('Ctrl Pts',(59.8523511943277,-8.83624743898504,0.2));
#10445=CARTESIAN_POINT('Ctrl Pts',(60.5573310908731,-8.83113097627752,0.));
#10446=CARTESIAN_POINT('Ctrl Pts',(60.5573310908731,-8.83113097627752,0.2));
#10447=CARTESIAN_POINT('Ctrl Pts',(60.5128334928775,-8.85970565866168,0.));
#10448=CARTESIAN_POINT('Ctrl Pts',(60.5128334928775,-8.85970565866168,0.2));
#10449=CARTESIAN_POINT('Ctrl Pts',(60.4139176573189,-8.92322568471193,0.));
#10450=CARTESIAN_POINT('Ctrl Pts',(60.4139176573189,-8.92322568471193,0.2));
#10451=CARTESIAN_POINT('Ctrl Pts',(60.2958738894844,-8.92718141182739,0.));
#10452=CARTESIAN_POINT('Ctrl Pts',(60.2958738894844,-8.92718141182739,0.2));
#10453=CARTESIAN_POINT('Ctrl Pts',(60.2309324798044,-8.92935764272802,0.));
#10454=CARTESIAN_POINT('Ctrl Pts',(60.2309324798044,-8.92935764272802,0.2));
#10455=CARTESIAN_POINT('',(60.5573310908731,-8.83113097627752,0.));
#10456=CARTESIAN_POINT('Ctrl Pts',(60.5573310908731,-8.83113097627752,0.));
#10457=CARTESIAN_POINT('Ctrl Pts',(60.5128334928775,-8.85970565866168,0.));
#10458=CARTESIAN_POINT('Ctrl Pts',(60.4139176573189,-8.92322568471193,0.));
#10459=CARTESIAN_POINT('Ctrl Pts',(60.2958738894844,-8.92718141182739,0.));
#10460=CARTESIAN_POINT('Ctrl Pts',(60.2309324798044,-8.92935764272802,0.));
#10461=CARTESIAN_POINT('',(60.5573310908731,-8.83113097627752,0.2));
#10462=CARTESIAN_POINT('',(60.5573310908731,-8.83113097627752,0.));
#10463=CARTESIAN_POINT('Ctrl Pts',(60.5573310908731,-8.83113097627752,0.2));
#10464=CARTESIAN_POINT('Ctrl Pts',(60.5128334928775,-8.85970565866168,0.2));
#10465=CARTESIAN_POINT('Ctrl Pts',(60.4139176573189,-8.92322568471193,0.2));
#10466=CARTESIAN_POINT('Ctrl Pts',(60.2958738894844,-8.92718141182739,0.2));
#10467=CARTESIAN_POINT('Ctrl Pts',(60.2309324798044,-8.92935764272802,0.2));
#10468=CARTESIAN_POINT('Ctrl Pts',(60.6688597258981,-8.58556520422094,0.));
#10469=CARTESIAN_POINT('Ctrl Pts',(60.6688597258981,-8.58556520422094,0.2));
#10470=CARTESIAN_POINT('Ctrl Pts',(60.664167031802,-8.63267223911204,0.));
#10471=CARTESIAN_POINT('Ctrl Pts',(60.664167031802,-8.63267223911204,0.2));
#10472=CARTESIAN_POINT('Ctrl Pts',(60.6547583667429,-8.72711997087203,0.));
#10473=CARTESIAN_POINT('Ctrl Pts',(60.6547583667429,-8.72711997087203,0.2));
#10474=CARTESIAN_POINT('Ctrl Pts',(60.5898603683206,-8.79640350573888,0.));
#10475=CARTESIAN_POINT('Ctrl Pts',(60.5898603683206,-8.79640350573888,0.2));
#10476=CARTESIAN_POINT('Ctrl Pts',(60.5573310908731,-8.83113097627752,0.));
#10477=CARTESIAN_POINT('Ctrl Pts',(60.5573310908731,-8.83113097627752,0.2));
#10478=CARTESIAN_POINT('',(60.6688597258981,-8.58556520422094,0.));
#10479=CARTESIAN_POINT('Ctrl Pts',(60.6688597258981,-8.58556520422094,0.));
#10480=CARTESIAN_POINT('Ctrl Pts',(60.664167031802,-8.63267223911204,0.));
#10481=CARTESIAN_POINT('Ctrl Pts',(60.6547583667429,-8.72711997087203,0.));
#10482=CARTESIAN_POINT('Ctrl Pts',(60.5898603683206,-8.79640350573888,0.));
#10483=CARTESIAN_POINT('Ctrl Pts',(60.5573310908731,-8.83113097627752,0.));
#10484=CARTESIAN_POINT('',(60.6688597258981,-8.58556520422094,0.2));
#10485=CARTESIAN_POINT('',(60.6688597258981,-8.58556520422094,0.));
#10486=CARTESIAN_POINT('Ctrl Pts',(60.6688597258981,-8.58556520422094,0.2));
#10487=CARTESIAN_POINT('Ctrl Pts',(60.664167031802,-8.63267223911204,0.2));
#10488=CARTESIAN_POINT('Ctrl Pts',(60.6547583667429,-8.72711997087203,0.2));
#10489=CARTESIAN_POINT('Ctrl Pts',(60.5898603683206,-8.79640350573888,0.2));
#10490=CARTESIAN_POINT('Ctrl Pts',(60.5573310908731,-8.83113097627752,0.2));
#10491=CARTESIAN_POINT('Ctrl Pts',(60.6176998671945,-8.41059934576147,0.));
#10492=CARTESIAN_POINT('Ctrl Pts',(60.6176998671945,-8.41059934576147,0.2));
#10493=CARTESIAN_POINT('Ctrl Pts',(60.6326213258119,-8.43768533970506,0.));
#10494=CARTESIAN_POINT('Ctrl Pts',(60.6326213258119,-8.43768533970506,0.2));
#10495=CARTESIAN_POINT('Ctrl Pts',(60.6626526976959,-8.49219941757296,0.));
#10496=CARTESIAN_POINT('Ctrl Pts',(60.6626526976959,-8.49219941757296,0.2));
#10497=CARTESIAN_POINT('Ctrl Pts',(60.6667820788514,-8.55431334832857,0.));
#10498=CARTESIAN_POINT('Ctrl Pts',(60.6667820788514,-8.55431334832857,0.2));
#10499=CARTESIAN_POINT('Ctrl Pts',(60.6688597258981,-8.58556520422094,0.));
#10500=CARTESIAN_POINT('Ctrl Pts',(60.6688597258981,-8.58556520422094,0.2));
#10501=CARTESIAN_POINT('',(60.6176998671945,-8.41059934576147,0.));
#10502=CARTESIAN_POINT('Ctrl Pts',(60.6176998671945,-8.41059934576147,0.));
#10503=CARTESIAN_POINT('Ctrl Pts',(60.6326213258119,-8.43768533970506,0.));
#10504=CARTESIAN_POINT('Ctrl Pts',(60.6626526976959,-8.49219941757296,0.));
#10505=CARTESIAN_POINT('Ctrl Pts',(60.6667820788514,-8.55431334832857,0.));
#10506=CARTESIAN_POINT('Ctrl Pts',(60.6688597258981,-8.58556520422094,0.));
#10507=CARTESIAN_POINT('',(60.6176998671945,-8.41059934576147,0.2));
#10508=CARTESIAN_POINT('',(60.6176998671945,-8.41059934576147,0.));
#10509=CARTESIAN_POINT('Ctrl Pts',(60.6176998671945,-8.41059934576147,0.2));
#10510=CARTESIAN_POINT('Ctrl Pts',(60.6326213258119,-8.43768533970506,0.2));
#10511=CARTESIAN_POINT('Ctrl Pts',(60.6626526976959,-8.49219941757296,0.2));
#10512=CARTESIAN_POINT('Ctrl Pts',(60.6667820788514,-8.55431334832857,0.2));
#10513=CARTESIAN_POINT('Ctrl Pts',(60.6688597258981,-8.58556520422094,0.2));
#10514=CARTESIAN_POINT('Ctrl Pts',(60.4724063929971,-8.29088580091589,0.));
#10515=CARTESIAN_POINT('Ctrl Pts',(60.4724063929971,-8.29088580091589,0.2));
#10516=CARTESIAN_POINT('Ctrl Pts',(60.5017801690702,-8.30578257164209,0.));
#10517=CARTESIAN_POINT('Ctrl Pts',(60.5017801690702,-8.30578257164209,0.2));
#10518=CARTESIAN_POINT('Ctrl Pts',(60.5591728377259,-8.33488899038117,0.));
#10519=CARTESIAN_POINT('Ctrl Pts',(60.5591728377259,-8.33488899038117,0.2));
#10520=CARTESIAN_POINT('Ctrl Pts',(60.5985003287704,-8.38576289172597,0.));
#10521=CARTESIAN_POINT('Ctrl Pts',(60.5985003287704,-8.38576289172597,0.2));
#10522=CARTESIAN_POINT('Ctrl Pts',(60.6176998671945,-8.41059934576147,0.));
#10523=CARTESIAN_POINT('Ctrl Pts',(60.6176998671945,-8.41059934576147,0.2));
#10524=CARTESIAN_POINT('',(60.4724063929971,-8.29088580091589,0.));
#10525=CARTESIAN_POINT('Ctrl Pts',(60.4724063929971,-8.29088580091589,0.));
#10526=CARTESIAN_POINT('Ctrl Pts',(60.5017801690702,-8.30578257164209,0.));
#10527=CARTESIAN_POINT('Ctrl Pts',(60.5591728377259,-8.33488899038117,0.));
#10528=CARTESIAN_POINT('Ctrl Pts',(60.5985003287704,-8.38576289172597,0.));
#10529=CARTESIAN_POINT('Ctrl Pts',(60.6176998671945,-8.41059934576147,0.));
#10530=CARTESIAN_POINT('',(60.4724063929971,-8.29088580091589,0.2));
#10531=CARTESIAN_POINT('',(60.4724063929971,-8.29088580091589,0.));
#10532=CARTESIAN_POINT('Ctrl Pts',(60.4724063929971,-8.29088580091589,0.2));
#10533=CARTESIAN_POINT('Ctrl Pts',(60.5017801690702,-8.30578257164209,0.2));
#10534=CARTESIAN_POINT('Ctrl Pts',(60.5591728377259,-8.33488899038117,0.2));
#10535=CARTESIAN_POINT('Ctrl Pts',(60.5985003287704,-8.38576289172597,0.2));
#10536=CARTESIAN_POINT('Ctrl Pts',(60.6176998671945,-8.41059934576147,0.2));
#10537=CARTESIAN_POINT('Ctrl Pts',(60.1511242446359,-8.2172156520664,0.));
#10538=CARTESIAN_POINT('Ctrl Pts',(60.1511242446359,-8.2172156520664,0.2));
#10539=CARTESIAN_POINT('Ctrl Pts',(60.2163013128728,-8.22655292529543,0.));
#10540=CARTESIAN_POINT('Ctrl Pts',(60.2163013128728,-8.22655292529543,0.2));
#10541=CARTESIAN_POINT('Ctrl Pts',(60.3255455313972,-8.24220326282438,0.));
#10542=CARTESIAN_POINT('Ctrl Pts',(60.3255455313972,-8.24220326282438,0.2));
#10543=CARTESIAN_POINT('Ctrl Pts',(60.430193348331,-8.27689270478034,0.));
#10544=CARTESIAN_POINT('Ctrl Pts',(60.430193348331,-8.27689270478034,0.2));
#10545=CARTESIAN_POINT('Ctrl Pts',(60.4724063929971,-8.29088580091589,0.));
#10546=CARTESIAN_POINT('Ctrl Pts',(60.4724063929971,-8.29088580091589,0.2));
#10547=CARTESIAN_POINT('',(60.1511242446359,-8.2172156520664,0.));
#10548=CARTESIAN_POINT('Ctrl Pts',(60.1511242446359,-8.2172156520664,0.));
#10549=CARTESIAN_POINT('Ctrl Pts',(60.2163013128728,-8.22655292529543,0.));
#10550=CARTESIAN_POINT('Ctrl Pts',(60.3255455313972,-8.24220326282438,0.));
#10551=CARTESIAN_POINT('Ctrl Pts',(60.430193348331,-8.27689270478034,0.));
#10552=CARTESIAN_POINT('Ctrl Pts',(60.4724063929971,-8.29088580091589,0.));
#10553=CARTESIAN_POINT('',(60.1511242446359,-8.2172156520664,0.2));
#10554=CARTESIAN_POINT('',(60.1511242446359,-8.2172156520664,0.));
#10555=CARTESIAN_POINT('Ctrl Pts',(60.1511242446359,-8.2172156520664,0.2));
#10556=CARTESIAN_POINT('Ctrl Pts',(60.2163013128728,-8.22655292529543,0.2));
#10557=CARTESIAN_POINT('Ctrl Pts',(60.3255455313972,-8.24220326282438,0.2));
#10558=CARTESIAN_POINT('Ctrl Pts',(60.430193348331,-8.27689270478034,0.2));
#10559=CARTESIAN_POINT('Ctrl Pts',(60.4724063929971,-8.29088580091589,0.2));
#10560=CARTESIAN_POINT('Ctrl Pts',(59.5494868812021,-8.07806145628088,0.));
#10561=CARTESIAN_POINT('Ctrl Pts',(59.5494868812021,-8.07806145628088,0.2));
#10562=CARTESIAN_POINT('Ctrl Pts',(59.6325528263013,-8.10535625882613,0.));
#10563=CARTESIAN_POINT('Ctrl Pts',(59.6325528263013,-8.10535625882613,0.2));
#10564=CARTESIAN_POINT('Ctrl Pts',(59.8287483716803,-8.16982453959968,0.));
#10565=CARTESIAN_POINT('Ctrl Pts',(59.8287483716803,-8.16982453959968,0.2));
#10566=CARTESIAN_POINT('Ctrl Pts',(60.0332215970202,-8.19988328292209,0.));
#10567=CARTESIAN_POINT('Ctrl Pts',(60.0332215970202,-8.19988328292209,0.2));
#10568=CARTESIAN_POINT('Ctrl Pts',(60.1511242446359,-8.2172156520664,0.));
#10569=CARTESIAN_POINT('Ctrl Pts',(60.1511242446359,-8.2172156520664,0.2));
#10570=CARTESIAN_POINT('',(59.5494868812021,-8.07806145628088,0.));
#10571=CARTESIAN_POINT('Ctrl Pts',(59.5494868812021,-8.07806145628088,0.));
#10572=CARTESIAN_POINT('Ctrl Pts',(59.6325528263013,-8.10535625882613,0.));
#10573=CARTESIAN_POINT('Ctrl Pts',(59.8287483716803,-8.16982453959968,0.));
#10574=CARTESIAN_POINT('Ctrl Pts',(60.0332215970202,-8.19988328292209,0.));
#10575=CARTESIAN_POINT('Ctrl Pts',(60.1511242446359,-8.2172156520664,0.));
#10576=CARTESIAN_POINT('',(59.5494868812021,-8.07806145628088,0.2));
#10577=CARTESIAN_POINT('',(59.5494868812021,-8.07806145628088,0.));
#10578=CARTESIAN_POINT('Ctrl Pts',(59.5494868812021,-8.07806145628088,0.2));
#10579=CARTESIAN_POINT('Ctrl Pts',(59.6325528263013,-8.10535625882613,0.2));
#10580=CARTESIAN_POINT('Ctrl Pts',(59.8287483716803,-8.16982453959968,0.2));
#10581=CARTESIAN_POINT('Ctrl Pts',(60.0332215970202,-8.19988328292209,0.2));
#10582=CARTESIAN_POINT('Ctrl Pts',(60.1511242446359,-8.2172156520664,0.2));
#10583=CARTESIAN_POINT('Origin',(59.5494868812021,-8.21312319715612,0.));
#10584=CARTESIAN_POINT('',(59.5494868812021,-23.3265615985781,0.));
#10585=CARTESIAN_POINT('',(59.5494868812021,-8.21312319715612,0.2));
#10586=CARTESIAN_POINT('Origin',(59.0604009684976,-9.16878473241918,0.));
#10587=CARTESIAN_POINT('',(59.0604009684976,-9.16878473241918,0.));
#10588=CARTESIAN_POINT('',(59.4451215323862,-9.16878473241918,0.));
#10589=CARTESIAN_POINT('',(50.0427004842488,-9.16878473241918,0.));
#10590=CARTESIAN_POINT('',(59.0604009684976,-9.16878473241918,0.2));
#10591=CARTESIAN_POINT('',(59.0604009684976,-9.16878473241918,0.));
#10592=CARTESIAN_POINT('',(59.4451215323862,-9.16878473241918,0.2));
#10593=CARTESIAN_POINT('',(59.0604009684976,-9.16878473241918,0.2));
#10594=CARTESIAN_POINT('',(59.4451215323862,-9.16878473241918,0.));
#10595=CARTESIAN_POINT('Ctrl Pts',(59.1535117682871,-8.90787076433294,0.));
#10596=CARTESIAN_POINT('Ctrl Pts',(59.1535117682871,-8.90787076433294,0.2));
#10597=CARTESIAN_POINT('Ctrl Pts',(59.1436486019292,-8.95294175601811,0.));
#10598=CARTESIAN_POINT('Ctrl Pts',(59.1436486019292,-8.95294175601811,0.2));
#10599=CARTESIAN_POINT('Ctrl Pts',(59.1237484425602,-9.04387806236371,0.));
#10600=CARTESIAN_POINT('Ctrl Pts',(59.1237484425602,-9.04387806236371,0.2));
#10601=CARTESIAN_POINT('Ctrl Pts',(59.0816393998076,-9.12690742363328,0.));
#10602=CARTESIAN_POINT('Ctrl Pts',(59.0816393998076,-9.12690742363328,0.2));
#10603=CARTESIAN_POINT('Ctrl Pts',(59.0604009684976,-9.16878473241918,0.));
#10604=CARTESIAN_POINT('Ctrl Pts',(59.0604009684976,-9.16878473241918,0.2));
#10605=CARTESIAN_POINT('',(59.1535117682871,-8.90787076433294,0.));
#10606=CARTESIAN_POINT('Ctrl Pts',(59.1535117682871,-8.90787076433294,0.));
#10607=CARTESIAN_POINT('Ctrl Pts',(59.1436486019292,-8.95294175601811,0.));
#10608=CARTESIAN_POINT('Ctrl Pts',(59.1237484425602,-9.04387806236371,0.));
#10609=CARTESIAN_POINT('Ctrl Pts',(59.0816393998076,-9.12690742363328,0.));
#10610=CARTESIAN_POINT('Ctrl Pts',(59.0604009684976,-9.16878473241918,0.));
#10611=CARTESIAN_POINT('',(59.1535117682871,-8.90787076433294,0.2));
#10612=CARTESIAN_POINT('',(59.1535117682871,-8.90787076433294,0.));
#10613=CARTESIAN_POINT('Ctrl Pts',(59.1535117682871,-8.90787076433294,0.2));
#10614=CARTESIAN_POINT('Ctrl Pts',(59.1436486019292,-8.95294175601811,0.2));
#10615=CARTESIAN_POINT('Ctrl Pts',(59.1237484425602,-9.04387806236371,0.2));
#10616=CARTESIAN_POINT('Ctrl Pts',(59.0816393998076,-9.12690742363328,0.2));
#10617=CARTESIAN_POINT('Ctrl Pts',(59.0604009684976,-9.16878473241918,0.2));
#10618=CARTESIAN_POINT('Ctrl Pts',(59.1770448741373,-8.25814377744787,0.));
#10619=CARTESIAN_POINT('Ctrl Pts',(59.1770448741373,-8.25814377744787,0.2));
#10620=CARTESIAN_POINT('Ctrl Pts',(59.1778916303456,-8.39802190096606,0.));
#10621=CARTESIAN_POINT('Ctrl Pts',(59.1778916303456,-8.39802190096606,0.2));
#10622=CARTESIAN_POINT('Ctrl Pts',(59.1792051865591,-8.61501207649598,0.));
#10623=CARTESIAN_POINT('Ctrl Pts',(59.1792051865591,-8.61501207649598,0.2));
#10624=CARTESIAN_POINT('Ctrl Pts',(59.1602484469675,-8.83108476186931,0.));
#10625=CARTESIAN_POINT('Ctrl Pts',(59.1602484469675,-8.83108476186931,0.2));
#10626=CARTESIAN_POINT('Ctrl Pts',(59.1535117682871,-8.90787076433294,0.));
#10627=CARTESIAN_POINT('Ctrl Pts',(59.1535117682871,-8.90787076433294,0.2));
#10628=CARTESIAN_POINT('',(59.1770448741373,-8.25814377744787,0.));
#10629=CARTESIAN_POINT('Ctrl Pts',(59.1770448741373,-8.25814377744787,0.));
#10630=CARTESIAN_POINT('Ctrl Pts',(59.1778916303456,-8.39802190096606,0.));
#10631=CARTESIAN_POINT('Ctrl Pts',(59.1792051865591,-8.61501207649598,0.));
#10632=CARTESIAN_POINT('Ctrl Pts',(59.1602484469675,-8.83108476186931,0.));
#10633=CARTESIAN_POINT('Ctrl Pts',(59.1535117682871,-8.90787076433294,0.));
#10634=CARTESIAN_POINT('',(59.1770448741373,-8.25814377744787,0.2));
#10635=CARTESIAN_POINT('',(59.1770448741373,-8.25814377744787,0.));
#10636=CARTESIAN_POINT('Ctrl Pts',(59.1770448741373,-8.25814377744787,0.2));
#10637=CARTESIAN_POINT('Ctrl Pts',(59.1778916303456,-8.39802190096606,0.2));
#10638=CARTESIAN_POINT('Ctrl Pts',(59.1792051865591,-8.61501207649598,0.2));
#10639=CARTESIAN_POINT('Ctrl Pts',(59.1602484469675,-8.83108476186931,0.2));
#10640=CARTESIAN_POINT('Ctrl Pts',(59.1535117682871,-8.90787076433294,0.2));
#10641=CARTESIAN_POINT('Origin',(59.1770448741373,-7.76701104124181,0.));
#10642=CARTESIAN_POINT('',(59.1770448741373,-7.76701104124181,0.));
#10643=CARTESIAN_POINT('',(59.1770448741373,-23.1035055206209,0.));
#10644=CARTESIAN_POINT('',(59.1770448741373,-7.76701104124181,0.2));
#10645=CARTESIAN_POINT('',(59.1770448741373,-7.76701104124181,0.));
#10646=CARTESIAN_POINT('',(59.1770448741373,-7.76701104124181,0.2));
#10647=CARTESIAN_POINT('Ctrl Pts',(59.1954627093729,-7.42731105764501,0.));
#10648=CARTESIAN_POINT('Ctrl Pts',(59.1954627093729,-7.42731105764501,0.2));
#10649=CARTESIAN_POINT('Ctrl Pts',(59.1901522030341,-7.4712637177483,0.));
#10650=CARTESIAN_POINT('Ctrl Pts',(59.1901522030341,-7.4712637177483,0.2));
#10651=CARTESIAN_POINT('Ctrl Pts',(59.1765282224623,-7.58402324558417,0.));
#10652=CARTESIAN_POINT('Ctrl Pts',(59.1765282224623,-7.58402324558417,0.2));
#10653=CARTESIAN_POINT('Ctrl Pts',(59.1768490824912,-7.69766551607967,0.));
#10654=CARTESIAN_POINT('Ctrl Pts',(59.1768490824912,-7.69766551607967,0.2));
#10655=CARTESIAN_POINT('Ctrl Pts',(59.1770448741373,-7.76701104124181,0.));
#10656=CARTESIAN_POINT('Ctrl Pts',(59.1770448741373,-7.76701104124181,0.2));
#10657=CARTESIAN_POINT('',(59.1954627093729,-7.42731105764501,0.));
#10658=CARTESIAN_POINT('Ctrl Pts',(59.1954627093729,-7.42731105764501,0.));
#10659=CARTESIAN_POINT('Ctrl Pts',(59.1901522030341,-7.4712637177483,0.));
#10660=CARTESIAN_POINT('Ctrl Pts',(59.1765282224623,-7.58402324558417,0.));
#10661=CARTESIAN_POINT('Ctrl Pts',(59.1768490824912,-7.69766551607967,0.));
#10662=CARTESIAN_POINT('Ctrl Pts',(59.1770448741373,-7.76701104124181,0.));
#10663=CARTESIAN_POINT('',(59.1954627093729,-7.42731105764501,0.2));
#10664=CARTESIAN_POINT('',(59.1954627093729,-7.42731105764501,0.));
#10665=CARTESIAN_POINT('Ctrl Pts',(59.1954627093729,-7.42731105764501,0.2));
#10666=CARTESIAN_POINT('Ctrl Pts',(59.1901522030341,-7.4712637177483,0.2));
#10667=CARTESIAN_POINT('Ctrl Pts',(59.1765282224623,-7.58402324558417,0.2));
#10668=CARTESIAN_POINT('Ctrl Pts',(59.1768490824912,-7.69766551607967,0.2));
#10669=CARTESIAN_POINT('Ctrl Pts',(59.1770448741373,-7.76701104124181,0.2));
#10670=CARTESIAN_POINT('Ctrl Pts',(59.3100597915109,-7.17662941892736,0.));
#10671=CARTESIAN_POINT('Ctrl Pts',(59.3100597915109,-7.17662941892736,0.2));
#10672=CARTESIAN_POINT('Ctrl Pts',(59.2845909161228,-7.21300425609769,0.));
#10673=CARTESIAN_POINT('Ctrl Pts',(59.2845909161228,-7.21300425609769,0.2));
#10674=CARTESIAN_POINT('Ctrl Pts',(59.2310652754313,-7.28944997405414,0.));
#10675=CARTESIAN_POINT('Ctrl Pts',(59.2310652754313,-7.28944997405414,0.2));
#10676=CARTESIAN_POINT('Ctrl Pts',(59.2077066831552,-7.37989965785106,0.));
#10677=CARTESIAN_POINT('Ctrl Pts',(59.2077066831552,-7.37989965785106,0.2));
#10678=CARTESIAN_POINT('Ctrl Pts',(59.1954627093729,-7.42731105764501,0.));
#10679=CARTESIAN_POINT('Ctrl Pts',(59.1954627093729,-7.42731105764501,0.2));
#10680=CARTESIAN_POINT('',(59.3100597915109,-7.17662941892736,0.));
#10681=CARTESIAN_POINT('Ctrl Pts',(59.3100597915109,-7.17662941892736,0.));
#10682=CARTESIAN_POINT('Ctrl Pts',(59.2845909161228,-7.21300425609769,0.));
#10683=CARTESIAN_POINT('Ctrl Pts',(59.2310652754313,-7.28944997405414,0.));
#10684=CARTESIAN_POINT('Ctrl Pts',(59.2077066831552,-7.37989965785106,0.));
#10685=CARTESIAN_POINT('Ctrl Pts',(59.1954627093729,-7.42731105764501,0.));
#10686=CARTESIAN_POINT('',(59.3100597915109,-7.17662941892736,0.2));
#10687=CARTESIAN_POINT('',(59.3100597915109,-7.17662941892736,0.));
#10688=CARTESIAN_POINT('Ctrl Pts',(59.3100597915109,-7.17662941892736,0.2));
#10689=CARTESIAN_POINT('Ctrl Pts',(59.2845909161228,-7.21300425609769,0.2));
#10690=CARTESIAN_POINT('Ctrl Pts',(59.2310652754313,-7.28944997405414,0.2));
#10691=CARTESIAN_POINT('Ctrl Pts',(59.2077066831552,-7.37989965785106,0.2));
#10692=CARTESIAN_POINT('Ctrl Pts',(59.1954627093729,-7.42731105764501,0.2));
#10693=CARTESIAN_POINT('Ctrl Pts',(59.5658578929361,-7.01189529379003,0.));
#10694=CARTESIAN_POINT('Ctrl Pts',(59.5658578929361,-7.01189529379003,0.2));
#10695=CARTESIAN_POINT('Ctrl Pts',(59.5133710833757,-7.03324294351122,0.));
#10696=CARTESIAN_POINT('Ctrl Pts',(59.5133710833757,-7.03324294351122,0.2));
#10697=CARTESIAN_POINT('Ctrl Pts',(59.4175567128216,-7.07221295593864,0.));
#10698=CARTESIAN_POINT('Ctrl Pts',(59.4175567128216,-7.07221295593864,0.2));
#10699=CARTESIAN_POINT('Ctrl Pts',(59.3435333775314,-7.14411506025371,0.));
#10700=CARTESIAN_POINT('Ctrl Pts',(59.3435333775314,-7.14411506025371,0.2));
#10701=CARTESIAN_POINT('Ctrl Pts',(59.3100597915109,-7.17662941892736,0.));
#10702=CARTESIAN_POINT('Ctrl Pts',(59.3100597915109,-7.17662941892736,0.2));
#10703=CARTESIAN_POINT('',(59.5658578929361,-7.01189529379003,0.));
#10704=CARTESIAN_POINT('Ctrl Pts',(59.5658578929361,-7.01189529379003,0.));
#10705=CARTESIAN_POINT('Ctrl Pts',(59.5133710833757,-7.03324294351122,0.));
#10706=CARTESIAN_POINT('Ctrl Pts',(59.4175567128216,-7.07221295593864,0.));
#10707=CARTESIAN_POINT('Ctrl Pts',(59.3435333775314,-7.14411506025371,0.));
#10708=CARTESIAN_POINT('Ctrl Pts',(59.3100597915109,-7.17662941892736,0.));
#10709=CARTESIAN_POINT('',(59.5658578929361,-7.01189529379003,0.2));
#10710=CARTESIAN_POINT('',(59.5658578929361,-7.01189529379003,0.));
#10711=CARTESIAN_POINT('Ctrl Pts',(59.5658578929361,-7.01189529379003,0.2));
#10712=CARTESIAN_POINT('Ctrl Pts',(59.5133710833757,-7.03324294351122,0.2));
#10713=CARTESIAN_POINT('Ctrl Pts',(59.4175567128216,-7.07221295593864,0.2));
#10714=CARTESIAN_POINT('Ctrl Pts',(59.3435333775314,-7.14411506025371,0.2));
#10715=CARTESIAN_POINT('Ctrl Pts',(59.3100597915109,-7.17662941892736,0.2));
#10716=CARTESIAN_POINT('Ctrl Pts',(60.0181093272623,-6.94641065080755,0.));
#10717=CARTESIAN_POINT('Ctrl Pts',(60.0181093272623,-6.94641065080755,0.2));
#10718=CARTESIAN_POINT('Ctrl Pts',(59.9334162545521,-6.94783675139834,0.));
#10719=CARTESIAN_POINT('Ctrl Pts',(59.9334162545521,-6.94783675139834,0.2));
#10720=CARTESIAN_POINT('Ctrl Pts',(59.7797030093674,-6.95042504513662,0.));
#10721=CARTESIAN_POINT('Ctrl Pts',(59.7797030093674,-6.95042504513662,0.2));
#10722=CARTESIAN_POINT('Ctrl Pts',(59.6321237769424,-6.99284701980987,0.));
#10723=CARTESIAN_POINT('Ctrl Pts',(59.6321237769424,-6.99284701980987,0.2));
#10724=CARTESIAN_POINT('Ctrl Pts',(59.5658578929361,-7.01189529379003,0.));
#10725=CARTESIAN_POINT('Ctrl Pts',(59.5658578929361,-7.01189529379003,0.2));
#10726=CARTESIAN_POINT('',(60.0181093272623,-6.94641065080755,0.));
#10727=CARTESIAN_POINT('Ctrl Pts',(60.0181093272623,-6.94641065080755,0.));
#10728=CARTESIAN_POINT('Ctrl Pts',(59.9334162545521,-6.94783675139834,0.));
#10729=CARTESIAN_POINT('Ctrl Pts',(59.7797030093674,-6.95042504513662,0.));
#10730=CARTESIAN_POINT('Ctrl Pts',(59.6321237769424,-6.99284701980987,0.));
#10731=CARTESIAN_POINT('Ctrl Pts',(59.5658578929361,-7.01189529379003,0.));
#10732=CARTESIAN_POINT('',(60.0181093272623,-6.94641065080755,0.2));
#10733=CARTESIAN_POINT('',(60.0181093272623,-6.94641065080755,0.));
#10734=CARTESIAN_POINT('Ctrl Pts',(60.0181093272623,-6.94641065080755,0.2));
#10735=CARTESIAN_POINT('Ctrl Pts',(59.9334162545521,-6.94783675139834,0.2));
#10736=CARTESIAN_POINT('Ctrl Pts',(59.7797030093674,-6.95042504513662,0.2));
#10737=CARTESIAN_POINT('Ctrl Pts',(59.6321237769424,-6.99284701980987,0.2));
#10738=CARTESIAN_POINT('Ctrl Pts',(59.5658578929361,-7.01189529379003,0.2));
#10739=CARTESIAN_POINT('Ctrl Pts',(60.511287694877,-7.02315043886297,0.));
#10740=CARTESIAN_POINT('Ctrl Pts',(60.511287694877,-7.02315043886297,0.2));
#10741=CARTESIAN_POINT('Ctrl Pts',(60.4352289141651,-7.00078608895654,0.));
#10742=CARTESIAN_POINT('Ctrl Pts',(60.4352289141651,-7.00078608895654,0.2));
#10743=CARTESIAN_POINT('Ctrl Pts',(60.2743231971783,-6.95347331687483,0.));
#10744=CARTESIAN_POINT('Ctrl Pts',(60.2743231971783,-6.95347331687483,0.2));
#10745=CARTESIAN_POINT('Ctrl Pts',(60.106568034035,-6.94884906019922,0.));
#10746=CARTESIAN_POINT('Ctrl Pts',(60.106568034035,-6.94884906019922,0.2));
#10747=CARTESIAN_POINT('Ctrl Pts',(60.0181093272623,-6.94641065080755,0.));
#10748=CARTESIAN_POINT('Ctrl Pts',(60.0181093272623,-6.94641065080755,0.2));
#10749=CARTESIAN_POINT('',(60.511287694877,-7.02315043886297,0.));
#10750=CARTESIAN_POINT('Ctrl Pts',(60.511287694877,-7.02315043886297,0.));
#10751=CARTESIAN_POINT('Ctrl Pts',(60.4352289141651,-7.00078608895654,0.));
#10752=CARTESIAN_POINT('Ctrl Pts',(60.2743231971783,-6.95347331687483,0.));
#10753=CARTESIAN_POINT('Ctrl Pts',(60.106568034035,-6.94884906019922,0.));
#10754=CARTESIAN_POINT('Ctrl Pts',(60.0181093272623,-6.94641065080755,0.));
#10755=CARTESIAN_POINT('',(60.511287694877,-7.02315043886297,0.2));
#10756=CARTESIAN_POINT('',(60.511287694877,-7.02315043886297,0.));
#10757=CARTESIAN_POINT('Ctrl Pts',(60.511287694877,-7.02315043886297,0.2));
#10758=CARTESIAN_POINT('Ctrl Pts',(60.4352289141651,-7.00078608895654,0.2));
#10759=CARTESIAN_POINT('Ctrl Pts',(60.2743231971783,-6.95347331687483,0.2));
#10760=CARTESIAN_POINT('Ctrl Pts',(60.106568034035,-6.94884906019922,0.2));
#10761=CARTESIAN_POINT('Ctrl Pts',(60.0181093272623,-6.94641065080755,0.2));
#10762=CARTESIAN_POINT('Ctrl Pts',(60.8366622981485,-7.2421134658634,0.));
#10763=CARTESIAN_POINT('Ctrl Pts',(60.8366622981485,-7.2421134658634,0.2));
#10764=CARTESIAN_POINT('Ctrl Pts',(60.7931007746573,-7.19678809076701,0.));
#10765=CARTESIAN_POINT('Ctrl Pts',(60.7931007746573,-7.19678809076701,0.2));
#10766=CARTESIAN_POINT('Ctrl Pts',(60.7005848790513,-7.10052612987457,0.));
#10767=CARTESIAN_POINT('Ctrl Pts',(60.7005848790513,-7.10052612987457,0.2));
#10768=CARTESIAN_POINT('Ctrl Pts',(60.5767920933888,-7.04992552334856,0.));
#10769=CARTESIAN_POINT('Ctrl Pts',(60.5767920933888,-7.04992552334856,0.2));
#10770=CARTESIAN_POINT('Ctrl Pts',(60.511287694877,-7.02315043886297,0.));
#10771=CARTESIAN_POINT('Ctrl Pts',(60.511287694877,-7.02315043886297,0.2));
#10772=CARTESIAN_POINT('',(60.8366622981485,-7.2421134658634,0.));
#10773=CARTESIAN_POINT('Ctrl Pts',(60.8366622981485,-7.2421134658634,0.));
#10774=CARTESIAN_POINT('Ctrl Pts',(60.7931007746573,-7.19678809076701,0.));
#10775=CARTESIAN_POINT('Ctrl Pts',(60.7005848790513,-7.10052612987457,0.));
#10776=CARTESIAN_POINT('Ctrl Pts',(60.5767920933888,-7.04992552334856,0.));
#10777=CARTESIAN_POINT('Ctrl Pts',(60.511287694877,-7.02315043886297,0.));
#10778=CARTESIAN_POINT('',(60.8366622981485,-7.2421134658634,0.2));
#10779=CARTESIAN_POINT('',(60.8366622981485,-7.2421134658634,0.));
#10780=CARTESIAN_POINT('Ctrl Pts',(60.8366622981485,-7.2421134658634,0.2));
#10781=CARTESIAN_POINT('Ctrl Pts',(60.7931007746573,-7.19678809076701,0.2));
#10782=CARTESIAN_POINT('Ctrl Pts',(60.7005848790513,-7.10052612987457,0.2));
#10783=CARTESIAN_POINT('Ctrl Pts',(60.5767920933888,-7.04992552334856,0.2));
#10784=CARTESIAN_POINT('Ctrl Pts',(60.511287694877,-7.02315043886297,0.2));
#10785=CARTESIAN_POINT('Ctrl Pts',(60.9983267840799,-7.61557828863256,0.));
#10786=CARTESIAN_POINT('Ctrl Pts',(60.9983267840799,-7.61557828863256,0.2));
#10787=CARTESIAN_POINT('Ctrl Pts',(60.9807597769605,-7.54410668652032,0.));
#10788=CARTESIAN_POINT('Ctrl Pts',(60.9807597769605,-7.54410668652032,0.2));
#10789=CARTESIAN_POINT('Ctrl Pts',(60.947878094205,-7.41032712289176,0.));
#10790=CARTESIAN_POINT('Ctrl Pts',(60.947878094205,-7.41032712289176,0.2));
#10791=CARTESIAN_POINT('Ctrl Pts',(60.8720017698236,-7.29556434225596,0.));
#10792=CARTESIAN_POINT('Ctrl Pts',(60.8720017698236,-7.29556434225596,0.2));
#10793=CARTESIAN_POINT('Ctrl Pts',(60.8366622981485,-7.2421134658634,0.));
#10794=CARTESIAN_POINT('Ctrl Pts',(60.8366622981485,-7.2421134658634,0.2));
#10795=CARTESIAN_POINT('',(60.9983267840799,-7.61557828863256,0.));
#10796=CARTESIAN_POINT('Ctrl Pts',(60.9983267840799,-7.61557828863256,0.));
#10797=CARTESIAN_POINT('Ctrl Pts',(60.9807597769605,-7.54410668652032,0.));
#10798=CARTESIAN_POINT('Ctrl Pts',(60.947878094205,-7.41032712289176,0.));
#10799=CARTESIAN_POINT('Ctrl Pts',(60.8720017698236,-7.29556434225596,0.));
#10800=CARTESIAN_POINT('Ctrl Pts',(60.8366622981485,-7.2421134658634,0.));
#10801=CARTESIAN_POINT('',(60.9983267840799,-7.61557828863256,0.2));
#10802=CARTESIAN_POINT('',(60.9983267840799,-7.61557828863256,0.));
#10803=CARTESIAN_POINT('Ctrl Pts',(60.9983267840799,-7.61557828863256,0.2));
#10804=CARTESIAN_POINT('Ctrl Pts',(60.9807597769605,-7.54410668652032,0.2));
#10805=CARTESIAN_POINT('Ctrl Pts',(60.947878094205,-7.41032712289176,0.2));
#10806=CARTESIAN_POINT('Ctrl Pts',(60.8720017698236,-7.29556434225596,0.2));
#10807=CARTESIAN_POINT('Ctrl Pts',(60.8366622981485,-7.2421134658634,0.2));
#10808=CARTESIAN_POINT('Origin',(60.6381633338388,-7.66469191988103,0.));
#10809=CARTESIAN_POINT('',(60.6381633338388,-7.66469191988103,0.));
#10810=CARTESIAN_POINT('',(48.9505815885111,-9.25846713400168,0.));
#10811=CARTESIAN_POINT('',(60.6381633338388,-7.66469191988103,0.2));
#10812=CARTESIAN_POINT('',(60.6381633338388,-7.66469191988103,0.));
#10813=CARTESIAN_POINT('',(60.6381633338388,-7.66469191988103,0.2));
#10814=CARTESIAN_POINT('Ctrl Pts',(60.4550125655588,-7.34238635976904,0.));
#10815=CARTESIAN_POINT('Ctrl Pts',(60.4550125655588,-7.34238635976904,0.2));
#10816=CARTESIAN_POINT('Ctrl Pts',(60.4944494885949,-7.38231517142596,0.));
#10817=CARTESIAN_POINT('Ctrl Pts',(60.4944494885949,-7.38231517142596,0.2));
#10818=CARTESIAN_POINT('Ctrl Pts',(60.5838760311332,-7.4728571128162,0.));
#10819=CARTESIAN_POINT('Ctrl Pts',(60.5838760311332,-7.4728571128162,0.2));
#10820=CARTESIAN_POINT('Ctrl Pts',(60.6186978603504,-7.59590686030043,0.));
#10821=CARTESIAN_POINT('Ctrl Pts',(60.6186978603504,-7.59590686030043,0.2));
#10822=CARTESIAN_POINT('Ctrl Pts',(60.6381633338388,-7.66469191988103,0.));
#10823=CARTESIAN_POINT('Ctrl Pts',(60.6381633338388,-7.66469191988103,0.2));
#10824=CARTESIAN_POINT('',(60.4550125655588,-7.34238635976904,0.));
#10825=CARTESIAN_POINT('Ctrl Pts',(60.4550125655588,-7.34238635976904,0.));
#10826=CARTESIAN_POINT('Ctrl Pts',(60.4944494885949,-7.38231517142596,0.));
#10827=CARTESIAN_POINT('Ctrl Pts',(60.5838760311332,-7.4728571128162,0.));
#10828=CARTESIAN_POINT('Ctrl Pts',(60.6186978603504,-7.59590686030043,0.));
#10829=CARTESIAN_POINT('Ctrl Pts',(60.6381633338388,-7.66469191988103,0.));
#10830=CARTESIAN_POINT('',(60.4550125655588,-7.34238635976904,0.2));
#10831=CARTESIAN_POINT('',(60.4550125655588,-7.34238635976904,0.));
#10832=CARTESIAN_POINT('Ctrl Pts',(60.4550125655588,-7.34238635976904,0.2));
#10833=CARTESIAN_POINT('Ctrl Pts',(60.4944494885949,-7.38231517142596,0.2));
#10834=CARTESIAN_POINT('Ctrl Pts',(60.5838760311332,-7.4728571128162,0.2));
#10835=CARTESIAN_POINT('Ctrl Pts',(60.6186978603504,-7.59590686030043,0.2));
#10836=CARTESIAN_POINT('Ctrl Pts',(60.6381633338388,-7.66469191988103,0.2));
#10837=CARTESIAN_POINT('Ctrl Pts',(60.0713148173746,-7.25132238348119,0.));
#10838=CARTESIAN_POINT('Ctrl Pts',(60.0713148173746,-7.25132238348119,0.2));
#10839=CARTESIAN_POINT('Ctrl Pts',(60.1482666245515,-7.25252033658933,0.));
#10840=CARTESIAN_POINT('Ctrl Pts',(60.1482666245515,-7.25252033658933,0.2));
#10841=CARTESIAN_POINT('Ctrl Pts',(60.2835125088636,-7.25462578717482,0.));
#10842=CARTESIAN_POINT('Ctrl Pts',(60.2835125088636,-7.25462578717482,0.2));
#10843=CARTESIAN_POINT('Ctrl Pts',(60.4033568895996,-7.3159529475167,0.));
#10844=CARTESIAN_POINT('Ctrl Pts',(60.4033568895996,-7.3159529475167,0.2));
#10845=CARTESIAN_POINT('Ctrl Pts',(60.4550125655588,-7.34238635976904,0.));
#10846=CARTESIAN_POINT('Ctrl Pts',(60.4550125655588,-7.34238635976904,0.2));
#10847=CARTESIAN_POINT('',(60.0713148173746,-7.25132238348119,0.));
#10848=CARTESIAN_POINT('Ctrl Pts',(60.0713148173746,-7.25132238348119,0.));
#10849=CARTESIAN_POINT('Ctrl Pts',(60.1482666245515,-7.25252033658933,0.));
#10850=CARTESIAN_POINT('Ctrl Pts',(60.2835125088636,-7.25462578717482,0.));
#10851=CARTESIAN_POINT('Ctrl Pts',(60.4033568895996,-7.3159529475167,0.));
#10852=CARTESIAN_POINT('Ctrl Pts',(60.4550125655588,-7.34238635976904,0.));
#10853=CARTESIAN_POINT('',(60.0713148173746,-7.25132238348119,0.2));
#10854=CARTESIAN_POINT('',(60.0713148173746,-7.25132238348119,0.));
#10855=CARTESIAN_POINT('Ctrl Pts',(60.0713148173746,-7.25132238348119,0.2));
#10856=CARTESIAN_POINT('Ctrl Pts',(60.1482666245515,-7.25252033658933,0.2));
#10857=CARTESIAN_POINT('Ctrl Pts',(60.2835125088636,-7.25462578717482,0.2));
#10858=CARTESIAN_POINT('Ctrl Pts',(60.4033568895996,-7.3159529475167,0.2));
#10859=CARTESIAN_POINT('Ctrl Pts',(60.4550125655588,-7.34238635976904,0.2));
#10860=CARTESIAN_POINT('Ctrl Pts',(59.6518065986093,-7.37615179498785,0.));
#10861=CARTESIAN_POINT('Ctrl Pts',(59.6518065986093,-7.37615179498785,0.2));
#10862=CARTESIAN_POINT('Ctrl Pts',(59.7086743043382,-7.33984868841491,0.));
#10863=CARTESIAN_POINT('Ctrl Pts',(59.7086743043382,-7.33984868841491,0.2));
#10864=CARTESIAN_POINT('Ctrl Pts',(59.8358847502295,-7.25864030634306,0.));
#10865=CARTESIAN_POINT('Ctrl Pts',(59.8358847502295,-7.25864030634306,0.2));
#10866=CARTESIAN_POINT('Ctrl Pts',(59.9874852605326,-7.2539280754302,0.));
#10867=CARTESIAN_POINT('Ctrl Pts',(59.9874852605326,-7.2539280754302,0.2));
#10868=CARTESIAN_POINT('Ctrl Pts',(60.0713148173746,-7.25132238348119,0.));
#10869=CARTESIAN_POINT('Ctrl Pts',(60.0713148173746,-7.25132238348119,0.2));
#10870=CARTESIAN_POINT('',(59.6518065986093,-7.37615179498785,0.));
#10871=CARTESIAN_POINT('Ctrl Pts',(59.6518065986093,-7.37615179498785,0.));
#10872=CARTESIAN_POINT('Ctrl Pts',(59.7086743043382,-7.33984868841491,0.));
#10873=CARTESIAN_POINT('Ctrl Pts',(59.8358847502295,-7.25864030634306,0.));
#10874=CARTESIAN_POINT('Ctrl Pts',(59.9874852605326,-7.2539280754302,0.));
#10875=CARTESIAN_POINT('Ctrl Pts',(60.0713148173746,-7.25132238348119,0.));
#10876=CARTESIAN_POINT('',(59.6518065986093,-7.37615179498785,0.2));
#10877=CARTESIAN_POINT('',(59.6518065986093,-7.37615179498785,0.));
#10878=CARTESIAN_POINT('Ctrl Pts',(59.6518065986093,-7.37615179498785,0.2));
#10879=CARTESIAN_POINT('Ctrl Pts',(59.7086743043382,-7.33984868841491,0.2));
#10880=CARTESIAN_POINT('Ctrl Pts',(59.8358847502295,-7.25864030634306,0.2));
#10881=CARTESIAN_POINT('Ctrl Pts',(59.9874852605326,-7.2539280754302,0.2));
#10882=CARTESIAN_POINT('Ctrl Pts',(60.0713148173746,-7.25132238348119,0.2));
#10883=CARTESIAN_POINT('Ctrl Pts',(59.5474400577005,-7.69334148843877,0.));
#10884=CARTESIAN_POINT('Ctrl Pts',(59.5474400577005,-7.69334148843877,0.2));
#10885=CARTESIAN_POINT('Ctrl Pts',(59.5489100435909,-7.6267805741498,0.));
#10886=CARTESIAN_POINT('Ctrl Pts',(59.5489100435909,-7.6267805741498,0.2));
#10887=CARTESIAN_POINT('Ctrl Pts',(59.5515019751296,-7.5094179966491,0.));
#10888=CARTESIAN_POINT('Ctrl Pts',(59.5515019751296,-7.5094179966491,0.2));
#10889=CARTESIAN_POINT('Ctrl Pts',(59.621505021538,-7.41641091705577,0.));
#10890=CARTESIAN_POINT('Ctrl Pts',(59.621505021538,-7.41641091705577,0.2));
#10891=CARTESIAN_POINT('Ctrl Pts',(59.6518065986093,-7.37615179498785,0.));
#10892=CARTESIAN_POINT('Ctrl Pts',(59.6518065986093,-7.37615179498785,0.2));
#10893=CARTESIAN_POINT('',(59.5474400577005,-7.69334148843877,0.));
#10894=CARTESIAN_POINT('Ctrl Pts',(59.5474400577005,-7.69334148843877,0.));
#10895=CARTESIAN_POINT('Ctrl Pts',(59.5489100435909,-7.6267805741498,0.));
#10896=CARTESIAN_POINT('Ctrl Pts',(59.5515019751296,-7.5094179966491,0.));
#10897=CARTESIAN_POINT('Ctrl Pts',(59.621505021538,-7.41641091705577,0.));
#10898=CARTESIAN_POINT('Ctrl Pts',(59.6518065986093,-7.37615179498785,0.));
#10899=CARTESIAN_POINT('',(59.5474400577005,-7.69334148843877,0.2));
#10900=CARTESIAN_POINT('',(59.5474400577005,-7.69334148843877,0.));
#10901=CARTESIAN_POINT('Ctrl Pts',(59.5474400577005,-7.69334148843877,0.2));
#10902=CARTESIAN_POINT('Ctrl Pts',(59.5489100435909,-7.6267805741498,0.2));
#10903=CARTESIAN_POINT('Ctrl Pts',(59.5515019751296,-7.5094179966491,0.2));
#10904=CARTESIAN_POINT('Ctrl Pts',(59.621505021538,-7.41641091705577,0.2));
#10905=CARTESIAN_POINT('Ctrl Pts',(59.6518065986093,-7.37615179498785,0.2));
#10906=CARTESIAN_POINT('Ctrl Pts',(59.5494868812021,-7.78952133138769,0.));
#10907=CARTESIAN_POINT('Ctrl Pts',(59.5494868812021,-7.78952133138769,0.2));
#10908=CARTESIAN_POINT('Ctrl Pts',(59.5489102186006,-7.76888809596212,0.));
#10909=CARTESIAN_POINT('Ctrl Pts',(59.5489102186006,-7.76888809596212,0.2));
#10910=CARTESIAN_POINT('Ctrl Pts',(59.5480143181387,-7.73683239285524,0.));
#10911=CARTESIAN_POINT('Ctrl Pts',(59.5480143181387,-7.73683239285524,0.2));
#10912=CARTESIAN_POINT('Ctrl Pts',(59.5475909258529,-7.70476730146453,0.));
#10913=CARTESIAN_POINT('Ctrl Pts',(59.5475909258529,-7.70476730146453,0.2));
#10914=CARTESIAN_POINT('Ctrl Pts',(59.5474400577005,-7.69334148843877,0.));
#10915=CARTESIAN_POINT('Ctrl Pts',(59.5474400577005,-7.69334148843877,0.2));
#10916=CARTESIAN_POINT('',(59.5494868812021,-7.78952133138769,0.));
#10917=CARTESIAN_POINT('Ctrl Pts',(59.5494868812021,-7.78952133138769,0.));
#10918=CARTESIAN_POINT('Ctrl Pts',(59.5489102186006,-7.76888809596212,0.));
#10919=CARTESIAN_POINT('Ctrl Pts',(59.5480143181387,-7.73683239285524,0.));
#10920=CARTESIAN_POINT('Ctrl Pts',(59.5475909258529,-7.70476730146453,0.));
#10921=CARTESIAN_POINT('Ctrl Pts',(59.5474400577005,-7.69334148843877,0.));
#10922=CARTESIAN_POINT('',(59.5494868812021,-7.78952133138769,0.2));
#10923=CARTESIAN_POINT('',(59.5494868812021,-7.78952133138769,0.));
#10924=CARTESIAN_POINT('Ctrl Pts',(59.5494868812021,-7.78952133138769,0.2));
#10925=CARTESIAN_POINT('Ctrl Pts',(59.5489102186006,-7.76888809596212,0.2));
#10926=CARTESIAN_POINT('Ctrl Pts',(59.5480143181387,-7.73683239285524,0.2));
#10927=CARTESIAN_POINT('Ctrl Pts',(59.5475909258529,-7.70476730146453,0.2));
#10928=CARTESIAN_POINT('Ctrl Pts',(59.5474400577005,-7.69334148843877,0.2));
#10929=CARTESIAN_POINT('Ctrl Pts',(60.2063765582498,-7.91639697034948,0.));
#10930=CARTESIAN_POINT('Ctrl Pts',(60.2063765582498,-7.91639697034948,0.2));
#10931=CARTESIAN_POINT('Ctrl Pts',(60.0765326149206,-7.90067782293304,0.));
#10932=CARTESIAN_POINT('Ctrl Pts',(60.0765326149206,-7.90067782293304,0.2));
#10933=CARTESIAN_POINT('Ctrl Pts',(59.8544585247325,-7.87379312372004,0.));
#10934=CARTESIAN_POINT('Ctrl Pts',(59.8544585247325,-7.87379312372004,0.2));
#10935=CARTESIAN_POINT('Ctrl Pts',(59.6389784506918,-7.81425023690895,0.));
#10936=CARTESIAN_POINT('Ctrl Pts',(59.6389784506918,-7.81425023690895,0.2));
#10937=CARTESIAN_POINT('Ctrl Pts',(59.5494868812021,-7.78952133138769,0.));
#10938=CARTESIAN_POINT('Ctrl Pts',(59.5494868812021,-7.78952133138769,0.2));
#10939=CARTESIAN_POINT('',(60.2063765582498,-7.91639697034948,0.));
#10940=CARTESIAN_POINT('Ctrl Pts',(60.2063765582498,-7.91639697034948,0.));
#10941=CARTESIAN_POINT('Ctrl Pts',(60.0765326149206,-7.90067782293304,0.));
#10942=CARTESIAN_POINT('Ctrl Pts',(59.8544585247325,-7.87379312372004,0.));
#10943=CARTESIAN_POINT('Ctrl Pts',(59.6389784506918,-7.81425023690895,0.));
#10944=CARTESIAN_POINT('Ctrl Pts',(59.5494868812021,-7.78952133138769,0.));
#10945=CARTESIAN_POINT('',(60.2063765582498,-7.91639697034948,0.2));
#10946=CARTESIAN_POINT('',(60.2063765582498,-7.91639697034948,0.));
#10947=CARTESIAN_POINT('Ctrl Pts',(60.2063765582498,-7.91639697034948,0.2));
#10948=CARTESIAN_POINT('Ctrl Pts',(60.0765326149206,-7.90067782293304,0.2));
#10949=CARTESIAN_POINT('Ctrl Pts',(59.8544585247325,-7.87379312372004,0.2));
#10950=CARTESIAN_POINT('Ctrl Pts',(59.6389784506918,-7.81425023690895,0.2));
#10951=CARTESIAN_POINT('Ctrl Pts',(59.5494868812021,-7.78952133138769,0.2));
#10952=CARTESIAN_POINT('Ctrl Pts',(60.5337979850229,-7.97164988000982,0.));
#10953=CARTESIAN_POINT('Ctrl Pts',(60.5337979850229,-7.97164988000982,0.2));
#10954=CARTESIAN_POINT('Ctrl Pts',(60.4885409018565,-7.9616684144167,0.));
#10955=CARTESIAN_POINT('Ctrl Pts',(60.4885409018565,-7.9616684144167,0.2));
#10956=CARTESIAN_POINT('Ctrl Pts',(60.380348072298,-7.93780644784473,0.));
#10957=CARTESIAN_POINT('Ctrl Pts',(60.380348072298,-7.93780644784473,0.2));
#10958=CARTESIAN_POINT('Ctrl Pts',(60.2703578484976,-7.92427070761717,0.));
#10959=CARTESIAN_POINT('Ctrl Pts',(60.2703578484976,-7.92427070761717,0.2));
#10960=CARTESIAN_POINT('Ctrl Pts',(60.2063765582498,-7.91639697034948,0.));
#10961=CARTESIAN_POINT('Ctrl Pts',(60.2063765582498,-7.91639697034948,0.2));
#10962=CARTESIAN_POINT('',(60.5337979850229,-7.97164988000982,0.));
#10963=CARTESIAN_POINT('Ctrl Pts',(60.5337979850229,-7.97164988000982,0.));
#10964=CARTESIAN_POINT('Ctrl Pts',(60.4885409018565,-7.9616684144167,0.));
#10965=CARTESIAN_POINT('Ctrl Pts',(60.380348072298,-7.93780644784473,0.));
#10966=CARTESIAN_POINT('Ctrl Pts',(60.2703578484976,-7.92427070761717,0.));
#10967=CARTESIAN_POINT('Ctrl Pts',(60.2063765582498,-7.91639697034948,0.));
#10968=CARTESIAN_POINT('',(60.5337979850229,-7.97164988000982,0.2));
#10969=CARTESIAN_POINT('',(60.5337979850229,-7.97164988000982,0.));
#10970=CARTESIAN_POINT('Ctrl Pts',(60.5337979850229,-7.97164988000982,0.2));
#10971=CARTESIAN_POINT('Ctrl Pts',(60.4885409018565,-7.9616684144167,0.2));
#10972=CARTESIAN_POINT('Ctrl Pts',(60.380348072298,-7.93780644784473,0.2));
#10973=CARTESIAN_POINT('Ctrl Pts',(60.2703578484976,-7.92427070761717,0.2));
#10974=CARTESIAN_POINT('Ctrl Pts',(60.2063765582498,-7.91639697034948,0.2));
#10975=CARTESIAN_POINT('Ctrl Pts',(60.7988050040659,-8.09238624055975,0.));
#10976=CARTESIAN_POINT('Ctrl Pts',(60.7988050040659,-8.09238624055975,0.2));
#10977=CARTESIAN_POINT('Ctrl Pts',(60.7579063372159,-8.06728245049729,0.));
#10978=CARTESIAN_POINT('Ctrl Pts',(60.7579063372159,-8.06728245049729,0.2));
#10979=CARTESIAN_POINT('Ctrl Pts',(60.6745620295322,-8.01612533061698,0.));
#10980=CARTESIAN_POINT('Ctrl Pts',(60.6745620295322,-8.01612533061698,0.2));
#10981=CARTESIAN_POINT('Ctrl Pts',(60.581296375363,-7.98665735099329,0.));
#10982=CARTESIAN_POINT('Ctrl Pts',(60.581296375363,-7.98665735099329,0.2));
#10983=CARTESIAN_POINT('Ctrl Pts',(60.5337979850229,-7.97164988000982,0.));
#10984=CARTESIAN_POINT('Ctrl Pts',(60.5337979850229,-7.97164988000982,0.2));
#10985=CARTESIAN_POINT('',(60.7988050040659,-8.09238624055975,0.));
#10986=CARTESIAN_POINT('Ctrl Pts',(60.7988050040659,-8.09238624055975,0.));
#10987=CARTESIAN_POINT('Ctrl Pts',(60.7579063372159,-8.06728245049729,0.));
#10988=CARTESIAN_POINT('Ctrl Pts',(60.6745620295322,-8.01612533061698,0.));
#10989=CARTESIAN_POINT('Ctrl Pts',(60.581296375363,-7.98665735099329,0.));
#10990=CARTESIAN_POINT('Ctrl Pts',(60.5337979850229,-7.97164988000982,0.));
#10991=CARTESIAN_POINT('',(60.7988050040659,-8.09238624055975,0.2));
#10992=CARTESIAN_POINT('',(60.7988050040659,-8.09238624055975,0.));
#10993=CARTESIAN_POINT('Ctrl Pts',(60.7988050040659,-8.09238624055975,0.2));
#10994=CARTESIAN_POINT('Ctrl Pts',(60.7579063372159,-8.06728245049729,0.2));
#10995=CARTESIAN_POINT('Ctrl Pts',(60.6745620295322,-8.01612533061698,0.2));
#10996=CARTESIAN_POINT('Ctrl Pts',(60.581296375363,-7.98665735099329,0.2));
#10997=CARTESIAN_POINT('Ctrl Pts',(60.5337979850229,-7.97164988000982,0.2));
#10998=CARTESIAN_POINT('Ctrl Pts',(60.989119058555,-8.30418717344396,0.));
#10999=CARTESIAN_POINT('Ctrl Pts',(60.989119058555,-8.30418717344396,0.2));
#11000=CARTESIAN_POINT('Ctrl Pts',(60.9633320459924,-8.2625721086496,0.));
#11001=CARTESIAN_POINT('Ctrl Pts',(60.9633320459924,-8.2625721086496,0.2));
#11002=CARTESIAN_POINT('Ctrl Pts',(60.9125254045309,-8.18058038233881,0.));
#11003=CARTESIAN_POINT('Ctrl Pts',(60.9125254045309,-8.18058038233881,0.2));
#11004=CARTESIAN_POINT('Ctrl Pts',(60.8363281765013,-8.12148677112629,0.));
#11005=CARTESIAN_POINT('Ctrl Pts',(60.8363281765013,-8.12148677112629,0.2));
#11006=CARTESIAN_POINT('Ctrl Pts',(60.7988050040659,-8.09238624055975,0.));
#11007=CARTESIAN_POINT('Ctrl Pts',(60.7988050040659,-8.09238624055975,0.2));
#11008=CARTESIAN_POINT('',(60.989119058555,-8.30418717344396,0.));
#11009=CARTESIAN_POINT('Ctrl Pts',(60.989119058555,-8.30418717344396,0.));
#11010=CARTESIAN_POINT('Ctrl Pts',(60.9633320459924,-8.2625721086496,0.));
#11011=CARTESIAN_POINT('Ctrl Pts',(60.9125254045309,-8.18058038233881,0.));
#11012=CARTESIAN_POINT('Ctrl Pts',(60.8363281765013,-8.12148677112629,0.));
#11013=CARTESIAN_POINT('Ctrl Pts',(60.7988050040659,-8.09238624055975,0.));
#11014=CARTESIAN_POINT('',(60.989119058555,-8.30418717344396,0.2));
#11015=CARTESIAN_POINT('',(60.989119058555,-8.30418717344396,0.));
#11016=CARTESIAN_POINT('Ctrl Pts',(60.989119058555,-8.30418717344396,0.2));
#11017=CARTESIAN_POINT('Ctrl Pts',(60.9633320459924,-8.2625721086496,0.2));
#11018=CARTESIAN_POINT('Ctrl Pts',(60.9125254045309,-8.18058038233881,0.2));
#11019=CARTESIAN_POINT('Ctrl Pts',(60.8363281765013,-8.12148677112629,0.2));
#11020=CARTESIAN_POINT('Ctrl Pts',(60.7988050040659,-8.09238624055975,0.2));
#11021=CARTESIAN_POINT('Ctrl Pts',(61.0617651996073,-8.59579693754308,0.));
#11022=CARTESIAN_POINT('Ctrl Pts',(61.0617651996073,-8.59579693754308,0.2));
#11023=CARTESIAN_POINT('Ctrl Pts',(61.0589251900565,-8.54408560882508,0.));
#11024=CARTESIAN_POINT('Ctrl Pts',(61.0589251900565,-8.54408560882508,0.2));
#11025=CARTESIAN_POINT('Ctrl Pts',(61.0533298742074,-8.44220524118042,0.));
#11026=CARTESIAN_POINT('Ctrl Pts',(61.0533298742074,-8.44220524118042,0.2));
#11027=CARTESIAN_POINT('Ctrl Pts',(61.0103055595919,-8.34972654100213,0.));
#11028=CARTESIAN_POINT('Ctrl Pts',(61.0103055595919,-8.34972654100213,0.2));
#11029=CARTESIAN_POINT('Ctrl Pts',(60.989119058555,-8.30418717344396,0.));
#11030=CARTESIAN_POINT('Ctrl Pts',(60.989119058555,-8.30418717344396,0.2));
#11031=CARTESIAN_POINT('',(61.0617651996073,-8.59579693754308,0.));
#11032=CARTESIAN_POINT('Ctrl Pts',(61.0617651996073,-8.59579693754308,0.));
#11033=CARTESIAN_POINT('Ctrl Pts',(61.0589251900565,-8.54408560882508,0.));
#11034=CARTESIAN_POINT('Ctrl Pts',(61.0533298742074,-8.44220524118042,0.));
#11035=CARTESIAN_POINT('Ctrl Pts',(61.0103055595919,-8.34972654100213,0.));
#11036=CARTESIAN_POINT('Ctrl Pts',(60.989119058555,-8.30418717344396,0.));
#11037=CARTESIAN_POINT('',(61.0617651996073,-8.59579693754308,0.2));
#11038=CARTESIAN_POINT('',(61.0617651996073,-8.59579693754308,0.));
#11039=CARTESIAN_POINT('Ctrl Pts',(61.0617651996073,-8.59579693754308,0.2));
#11040=CARTESIAN_POINT('Ctrl Pts',(61.0589251900565,-8.54408560882508,0.2));
#11041=CARTESIAN_POINT('Ctrl Pts',(61.0533298742074,-8.44220524118042,0.2));
#11042=CARTESIAN_POINT('Ctrl Pts',(61.0103055595919,-8.34972654100213,0.2));
#11043=CARTESIAN_POINT('Ctrl Pts',(60.989119058555,-8.30418717344396,0.2));
#11044=CARTESIAN_POINT('Ctrl Pts',(60.8694055137094,-9.04293190916174,0.));
#11045=CARTESIAN_POINT('Ctrl Pts',(60.8694055137094,-9.04293190916174,0.2));
#11046=CARTESIAN_POINT('Ctrl Pts',(60.9255081918623,-8.97998399550229,0.));
#11047=CARTESIAN_POINT('Ctrl Pts',(60.9255081918623,-8.97998399550229,0.2));
#11048=CARTESIAN_POINT('Ctrl Pts',(61.0391911893782,-8.85243023607802,0.));
#11049=CARTESIAN_POINT('Ctrl Pts',(61.0391911893782,-8.85243023607802,0.2));
#11050=CARTESIAN_POINT('Ctrl Pts',(61.0541756074986,-8.68207943842016,0.));
#11051=CARTESIAN_POINT('Ctrl Pts',(61.0541756074986,-8.68207943842016,0.2));
#11052=CARTESIAN_POINT('Ctrl Pts',(61.0617651996073,-8.59579693754308,0.));
#11053=CARTESIAN_POINT('Ctrl Pts',(61.0617651996073,-8.59579693754308,0.2));
#11054=CARTESIAN_POINT('',(60.8694055137094,-9.04293190916174,0.));
#11055=CARTESIAN_POINT('Ctrl Pts',(60.8694055137094,-9.04293190916174,0.));
#11056=CARTESIAN_POINT('Ctrl Pts',(60.9255081918623,-8.97998399550229,0.));
#11057=CARTESIAN_POINT('Ctrl Pts',(61.0391911893782,-8.85243023607802,0.));
#11058=CARTESIAN_POINT('Ctrl Pts',(61.0541756074986,-8.68207943842016,0.));
#11059=CARTESIAN_POINT('Ctrl Pts',(61.0617651996073,-8.59579693754308,0.));
#11060=CARTESIAN_POINT('',(60.8694055137094,-9.04293190916174,0.2));
#11061=CARTESIAN_POINT('',(60.8694055137094,-9.04293190916174,0.));
#11062=CARTESIAN_POINT('Ctrl Pts',(60.8694055137094,-9.04293190916174,0.2));
#11063=CARTESIAN_POINT('Ctrl Pts',(60.9255081918623,-8.97998399550229,0.2));
#11064=CARTESIAN_POINT('Ctrl Pts',(61.0391911893782,-8.85243023607802,0.2));
#11065=CARTESIAN_POINT('Ctrl Pts',(61.0541756074986,-8.68207943842016,0.2));
#11066=CARTESIAN_POINT('Ctrl Pts',(61.0617651996073,-8.59579693754308,0.2));
#11067=CARTESIAN_POINT('Ctrl Pts',(60.3189280089792,-9.21789776762121,0.));
#11068=CARTESIAN_POINT('Ctrl Pts',(60.3189280089792,-9.21789776762121,0.2));
#11069=CARTESIAN_POINT('Ctrl Pts',(60.4279231107955,-9.21353548426674,0.));
#11070=CARTESIAN_POINT('Ctrl Pts',(60.4279231107955,-9.21353548426674,0.2));
#11071=CARTESIAN_POINT('Ctrl Pts',(60.6283284097443,-9.20551471374417,0.));
#11072=CARTESIAN_POINT('Ctrl Pts',(60.6283284097443,-9.20551471374417,0.2));
#11073=CARTESIAN_POINT('Ctrl Pts',(60.7938889428161,-9.09386041164637,0.));
#11074=CARTESIAN_POINT('Ctrl Pts',(60.7938889428161,-9.09386041164637,0.2));
#11075=CARTESIAN_POINT('Ctrl Pts',(60.8694055137094,-9.04293190916174,0.));
#11076=CARTESIAN_POINT('Ctrl Pts',(60.8694055137094,-9.04293190916174,0.2));
#11077=CARTESIAN_POINT('',(60.3189280089792,-9.21789776762121,0.));
#11078=CARTESIAN_POINT('Ctrl Pts',(60.3189280089792,-9.21789776762121,0.));
#11079=CARTESIAN_POINT('Ctrl Pts',(60.4279231107955,-9.21353548426674,0.));
#11080=CARTESIAN_POINT('Ctrl Pts',(60.6283284097443,-9.20551471374417,0.));
#11081=CARTESIAN_POINT('Ctrl Pts',(60.7938889428161,-9.09386041164637,0.));
#11082=CARTESIAN_POINT('Ctrl Pts',(60.8694055137094,-9.04293190916174,0.));
#11083=CARTESIAN_POINT('',(60.3189280089792,-9.21789776762121,0.2));
#11084=CARTESIAN_POINT('',(60.3189280089792,-9.21789776762121,0.));
#11085=CARTESIAN_POINT('Ctrl Pts',(60.3189280089792,-9.21789776762121,0.2));
#11086=CARTESIAN_POINT('Ctrl Pts',(60.4279231107955,-9.21353548426674,0.2));
#11087=CARTESIAN_POINT('Ctrl Pts',(60.6283284097443,-9.20551471374417,0.2));
#11088=CARTESIAN_POINT('Ctrl Pts',(60.7938889428161,-9.09386041164637,0.2));
#11089=CARTESIAN_POINT('Ctrl Pts',(60.8694055137094,-9.04293190916174,0.2));
#11090=CARTESIAN_POINT('Ctrl Pts',(59.9127199706491,-9.14627444227331,0.));
#11091=CARTESIAN_POINT('Ctrl Pts',(59.9127199706491,-9.14627444227331,0.2));
#11092=CARTESIAN_POINT('Ctrl Pts',(59.9775881370681,-9.16716243490508,0.));
#11093=CARTESIAN_POINT('Ctrl Pts',(59.9775881370681,-9.16716243490508,0.2));
#11094=CARTESIAN_POINT('Ctrl Pts',(60.10966999962,-9.20969369675632,0.));
#11095=CARTESIAN_POINT('Ctrl Pts',(60.10966999962,-9.20969369675632,0.2));
#11096=CARTESIAN_POINT('Ctrl Pts',(60.2483544129228,-9.21513089248458,0.));
#11097=CARTESIAN_POINT('Ctrl Pts',(60.2483544129228,-9.21513089248458,0.2));
#11098=CARTESIAN_POINT('Ctrl Pts',(60.3189280089792,-9.21789776762121,0.));
#11099=CARTESIAN_POINT('Ctrl Pts',(60.3189280089792,-9.21789776762121,0.2));
#11100=CARTESIAN_POINT('',(59.9127199706491,-9.14627444227331,0.));
#11101=CARTESIAN_POINT('Ctrl Pts',(59.9127199706491,-9.14627444227331,0.));
#11102=CARTESIAN_POINT('Ctrl Pts',(59.9775881370681,-9.16716243490508,0.));
#11103=CARTESIAN_POINT('Ctrl Pts',(60.10966999962,-9.20969369675632,0.));
#11104=CARTESIAN_POINT('Ctrl Pts',(60.2483544129228,-9.21513089248458,0.));
#11105=CARTESIAN_POINT('Ctrl Pts',(60.3189280089792,-9.21789776762121,0.));
#11106=CARTESIAN_POINT('',(59.9127199706491,-9.14627444227331,0.2));
#11107=CARTESIAN_POINT('',(59.9127199706491,-9.14627444227331,0.));
#11108=CARTESIAN_POINT('Ctrl Pts',(59.9127199706491,-9.14627444227331,0.2));
#11109=CARTESIAN_POINT('Ctrl Pts',(59.9775881370681,-9.16716243490508,0.2));
#11110=CARTESIAN_POINT('Ctrl Pts',(60.10966999962,-9.20969369675632,0.2));
#11111=CARTESIAN_POINT('Ctrl Pts',(60.2483544129228,-9.21513089248458,0.2));
#11112=CARTESIAN_POINT('Ctrl Pts',(60.3189280089792,-9.21789776762121,0.2));
#11113=CARTESIAN_POINT('Ctrl Pts',(59.5187916812357,-8.90070807417028,0.));
#11114=CARTESIAN_POINT('Ctrl Pts',(59.5187916812357,-8.90070807417028,0.2));
#11115=CARTESIAN_POINT('Ctrl Pts',(59.5837415611653,-8.95338851844659,0.));
#11116=CARTESIAN_POINT('Ctrl Pts',(59.5837415611653,-8.95338851844659,0.2));
#11117=CARTESIAN_POINT('Ctrl Pts',(59.7049380044576,-9.05169020097886,0.));
#11118=CARTESIAN_POINT('Ctrl Pts',(59.7049380044576,-9.05169020097886,0.2));
#11119=CARTESIAN_POINT('Ctrl Pts',(59.8468564477787,-9.11629276747321,0.));
#11120=CARTESIAN_POINT('Ctrl Pts',(59.8468564477787,-9.11629276747321,0.2));
#11121=CARTESIAN_POINT('Ctrl Pts',(59.9127199706491,-9.14627444227331,0.));
#11122=CARTESIAN_POINT('Ctrl Pts',(59.9127199706491,-9.14627444227331,0.2));
#11123=CARTESIAN_POINT('',(59.5187916812357,-8.90070807417028,0.));
#11124=CARTESIAN_POINT('Ctrl Pts',(59.5187916812357,-8.90070807417028,0.));
#11125=CARTESIAN_POINT('Ctrl Pts',(59.5837415611653,-8.95338851844659,0.));
#11126=CARTESIAN_POINT('Ctrl Pts',(59.7049380044576,-9.05169020097886,0.));
#11127=CARTESIAN_POINT('Ctrl Pts',(59.8468564477787,-9.11629276747321,0.));
#11128=CARTESIAN_POINT('Ctrl Pts',(59.9127199706491,-9.14627444227331,0.));
#11129=CARTESIAN_POINT('',(59.5187916812357,-8.90070807417028,0.2));
#11130=CARTESIAN_POINT('',(59.5187916812357,-8.90070807417028,0.));
#11131=CARTESIAN_POINT('Ctrl Pts',(59.5187916812357,-8.90070807417028,0.2));
#11132=CARTESIAN_POINT('Ctrl Pts',(59.5837415611653,-8.95338851844659,0.2));
#11133=CARTESIAN_POINT('Ctrl Pts',(59.7049380044576,-9.05169020097886,0.2));
#11134=CARTESIAN_POINT('Ctrl Pts',(59.8468564477787,-9.11629276747321,0.2));
#11135=CARTESIAN_POINT('Ctrl Pts',(59.9127199706491,-9.14627444227331,0.2));
#11136=CARTESIAN_POINT('Ctrl Pts',(59.4451215323862,-9.16878473241918,0.));
#11137=CARTESIAN_POINT('Ctrl Pts',(59.4451215323862,-9.16878473241918,0.2));
#11138=CARTESIAN_POINT('Ctrl Pts',(59.4626266388541,-9.127852984217,0.));
#11139=CARTESIAN_POINT('Ctrl Pts',(59.4626266388541,-9.127852984217,0.2));
#11140=CARTESIAN_POINT('Ctrl Pts',(59.4993844517521,-9.0419031189729,0.));
#11141=CARTESIAN_POINT('Ctrl Pts',(59.4993844517521,-9.0419031189729,0.2));
#11142=CARTESIAN_POINT('Ctrl Pts',(59.5121207612665,-8.94924157786877,0.));
#11143=CARTESIAN_POINT('Ctrl Pts',(59.5121207612665,-8.94924157786877,0.2));
#11144=CARTESIAN_POINT('Ctrl Pts',(59.5187916812357,-8.90070807417028,0.));
#11145=CARTESIAN_POINT('Ctrl Pts',(59.5187916812357,-8.90070807417028,0.2));
#11146=CARTESIAN_POINT('Ctrl Pts',(59.4451215323862,-9.16878473241918,0.));
#11147=CARTESIAN_POINT('Ctrl Pts',(59.4626266388541,-9.127852984217,0.));
#11148=CARTESIAN_POINT('Ctrl Pts',(59.4993844517521,-9.0419031189729,0.));
#11149=CARTESIAN_POINT('Ctrl Pts',(59.5121207612665,-8.94924157786877,0.));
#11150=CARTESIAN_POINT('Ctrl Pts',(59.5187916812357,-8.90070807417028,0.));
#11151=CARTESIAN_POINT('Ctrl Pts',(59.4451215323862,-9.16878473241918,0.2));
#11152=CARTESIAN_POINT('Ctrl Pts',(59.4626266388541,-9.127852984217,0.2));
#11153=CARTESIAN_POINT('Ctrl Pts',(59.4993844517521,-9.0419031189729,0.2));
#11154=CARTESIAN_POINT('Ctrl Pts',(59.5121207612665,-8.94924157786877,0.2));
#11155=CARTESIAN_POINT('Ctrl Pts',(59.5187916812357,-8.90070807417028,0.2));
#11156=CARTESIAN_POINT('Origin',(66.0979183596429,-5.35227682669752,0.2));
#11157=CARTESIAN_POINT('Origin',(62.5208368358072,-6.52280938108556,0.));
#11158=CARTESIAN_POINT('',(62.5208368358072,-6.52280938108556,0.));
#11159=CARTESIAN_POINT('',(63.2882311400827,-6.52280938108556,0.));
#11160=CARTESIAN_POINT('',(51.7729184179036,-6.52280938108556,0.));
#11161=CARTESIAN_POINT('',(62.5208368358072,-6.52280938108556,0.2));
#11162=CARTESIAN_POINT('',(62.5208368358072,-6.52280938108556,0.));
#11163=CARTESIAN_POINT('',(63.2882311400827,-6.52280938108556,0.2));
#11164=CARTESIAN_POINT('',(62.5208368358072,-6.52280938108556,0.2));
#11165=CARTESIAN_POINT('',(63.2882311400827,-6.52280938108556,0.));
#11166=CARTESIAN_POINT('Ctrl Pts',(62.150441652244,-6.54941212614172,0.));
#11167=CARTESIAN_POINT('Ctrl Pts',(62.150441652244,-6.54941212614172,0.2));
#11168=CARTESIAN_POINT('Ctrl Pts',(62.1979343992999,-6.54174453135544,0.));
#11169=CARTESIAN_POINT('Ctrl Pts',(62.1979343992999,-6.54174453135544,0.2));
#11170=CARTESIAN_POINT('Ctrl Pts',(62.3204797744432,-6.52195986237381,0.));
#11171=CARTESIAN_POINT('Ctrl Pts',(62.3204797744432,-6.52195986237381,0.2));
#11172=CARTESIAN_POINT('Ctrl Pts',(62.444736248932,-6.52248671278485,0.));
#11173=CARTESIAN_POINT('Ctrl Pts',(62.444736248932,-6.52248671278485,0.2));
#11174=CARTESIAN_POINT('Ctrl Pts',(62.5208368358072,-6.52280938108556,0.));
#11175=CARTESIAN_POINT('Ctrl Pts',(62.5208368358072,-6.52280938108556,0.2));
#11176=CARTESIAN_POINT('',(62.150441652244,-6.54941212614172,0.));
#11177=CARTESIAN_POINT('Ctrl Pts',(62.150441652244,-6.54941212614172,0.));
#11178=CARTESIAN_POINT('Ctrl Pts',(62.1979343992999,-6.54174453135544,0.));
#11179=CARTESIAN_POINT('Ctrl Pts',(62.3204797744432,-6.52195986237381,0.));
#11180=CARTESIAN_POINT('Ctrl Pts',(62.444736248932,-6.52248671278485,0.));
#11181=CARTESIAN_POINT('Ctrl Pts',(62.5208368358072,-6.52280938108556,0.));
#11182=CARTESIAN_POINT('',(62.150441652244,-6.54941212614172,0.2));
#11183=CARTESIAN_POINT('',(62.150441652244,-6.54941212614172,0.));
#11184=CARTESIAN_POINT('Ctrl Pts',(62.150441652244,-6.54941212614172,0.2));
#11185=CARTESIAN_POINT('Ctrl Pts',(62.1979343992999,-6.54174453135544,0.2));
#11186=CARTESIAN_POINT('Ctrl Pts',(62.3204797744432,-6.52195986237381,0.2));
#11187=CARTESIAN_POINT('Ctrl Pts',(62.444736248932,-6.52248671278485,0.2));
#11188=CARTESIAN_POINT('Ctrl Pts',(62.5208368358072,-6.52280938108556,0.2));
#11189=CARTESIAN_POINT('Ctrl Pts',(61.8997600135263,-6.72642480810278,0.));
#11190=CARTESIAN_POINT('Ctrl Pts',(61.8997600135263,-6.72642480810278,0.2));
#11191=CARTESIAN_POINT('Ctrl Pts',(61.9338613210663,-6.68557660229824,0.));
#11192=CARTESIAN_POINT('Ctrl Pts',(61.9338613210663,-6.68557660229824,0.2));
#11193=CARTESIAN_POINT('Ctrl Pts',(62.0017196609219,-6.60429258030802,0.));
#11194=CARTESIAN_POINT('Ctrl Pts',(62.0017196609219,-6.60429258030802,0.2));
#11195=CARTESIAN_POINT('Ctrl Pts',(62.1010356129821,-6.56764363211569,0.));
#11196=CARTESIAN_POINT('Ctrl Pts',(62.1010356129821,-6.56764363211569,0.2));
#11197=CARTESIAN_POINT('Ctrl Pts',(62.150441652244,-6.54941212614172,0.));
#11198=CARTESIAN_POINT('Ctrl Pts',(62.150441652244,-6.54941212614172,0.2));
#11199=CARTESIAN_POINT('',(61.8997600135263,-6.72642480810278,0.));
#11200=CARTESIAN_POINT('Ctrl Pts',(61.8997600135263,-6.72642480810278,0.));
#11201=CARTESIAN_POINT('Ctrl Pts',(61.9338613210663,-6.68557660229824,0.));
#11202=CARTESIAN_POINT('Ctrl Pts',(62.0017196609219,-6.60429258030802,0.));
#11203=CARTESIAN_POINT('Ctrl Pts',(62.1010356129821,-6.56764363211569,0.));
#11204=CARTESIAN_POINT('Ctrl Pts',(62.150441652244,-6.54941212614172,0.));
#11205=CARTESIAN_POINT('',(61.8997600135263,-6.72642480810278,0.2));
#11206=CARTESIAN_POINT('',(61.8997600135263,-6.72642480810278,0.));
#11207=CARTESIAN_POINT('Ctrl Pts',(61.8997600135263,-6.72642480810278,0.2));
#11208=CARTESIAN_POINT('Ctrl Pts',(61.9338613210663,-6.68557660229824,0.2));
#11209=CARTESIAN_POINT('Ctrl Pts',(62.0017196609219,-6.60429258030802,0.2));
#11210=CARTESIAN_POINT('Ctrl Pts',(62.1010356129821,-6.56764363211569,0.2));
#11211=CARTESIAN_POINT('Ctrl Pts',(62.150441652244,-6.54941212614172,0.2));
#11212=CARTESIAN_POINT('Ctrl Pts',(61.8046023902353,-7.04872977216833,0.));
#11213=CARTESIAN_POINT('Ctrl Pts',(61.8046023902353,-7.04872977216833,0.2));
#11214=CARTESIAN_POINT('Ctrl Pts',(61.8079577333988,-6.98911390076602,0.));
#11215=CARTESIAN_POINT('Ctrl Pts',(61.8079577333988,-6.98911390076602,0.2));
#11216=CARTESIAN_POINT('Ctrl Pts',(61.8144328861186,-6.87406698810991,0.));
#11217=CARTESIAN_POINT('Ctrl Pts',(61.8144328861186,-6.87406698810991,0.2));
#11218=CARTESIAN_POINT('Ctrl Pts',(61.8720158307101,-6.77443077945026,0.));
#11219=CARTESIAN_POINT('Ctrl Pts',(61.8720158307101,-6.77443077945026,0.2));
#11220=CARTESIAN_POINT('Ctrl Pts',(61.8997600135263,-6.72642480810278,0.));
#11221=CARTESIAN_POINT('Ctrl Pts',(61.8997600135263,-6.72642480810278,0.2));
#11222=CARTESIAN_POINT('',(61.8046023902353,-7.04872977216833,0.));
#11223=CARTESIAN_POINT('Ctrl Pts',(61.8046023902353,-7.04872977216833,0.));
#11224=CARTESIAN_POINT('Ctrl Pts',(61.8079577333988,-6.98911390076602,0.));
#11225=CARTESIAN_POINT('Ctrl Pts',(61.8144328861186,-6.87406698810991,0.));
#11226=CARTESIAN_POINT('Ctrl Pts',(61.8720158307101,-6.77443077945026,0.));
#11227=CARTESIAN_POINT('Ctrl Pts',(61.8997600135263,-6.72642480810278,0.));
#11228=CARTESIAN_POINT('',(61.8046023902353,-7.04872977216833,0.2));
#11229=CARTESIAN_POINT('',(61.8046023902353,-7.04872977216833,0.));
#11230=CARTESIAN_POINT('Ctrl Pts',(61.8046023902353,-7.04872977216833,0.2));
#11231=CARTESIAN_POINT('Ctrl Pts',(61.8079577333988,-6.98911390076602,0.2));
#11232=CARTESIAN_POINT('Ctrl Pts',(61.8144328861186,-6.87406698810991,0.2));
#11233=CARTESIAN_POINT('Ctrl Pts',(61.8720158307101,-6.77443077945026,0.2));
#11234=CARTESIAN_POINT('Ctrl Pts',(61.8997600135263,-6.72642480810278,0.2));
#11235=CARTESIAN_POINT('Ctrl Pts',(61.9662668761667,-7.45186817129247,0.));
#11236=CARTESIAN_POINT('Ctrl Pts',(61.9662668761667,-7.45186817129247,0.2));
#11237=CARTESIAN_POINT('Ctrl Pts',(61.9191506155657,-7.39717775239515,0.));
#11238=CARTESIAN_POINT('Ctrl Pts',(61.9191506155657,-7.39717775239515,0.2));
#11239=CARTESIAN_POINT('Ctrl Pts',(61.8196717473106,-7.28170719282809,0.));
#11240=CARTESIAN_POINT('Ctrl Pts',(61.8196717473106,-7.28170719282809,0.2));
#11241=CARTESIAN_POINT('Ctrl Pts',(61.8097990654349,-7.12907215027831,0.));
#11242=CARTESIAN_POINT('Ctrl Pts',(61.8097990654349,-7.12907215027831,0.2));
#11243=CARTESIAN_POINT('Ctrl Pts',(61.8046023902353,-7.04872977216833,0.));
#11244=CARTESIAN_POINT('Ctrl Pts',(61.8046023902353,-7.04872977216833,0.2));
#11245=CARTESIAN_POINT('',(61.9662668761667,-7.45186817129247,0.));
#11246=CARTESIAN_POINT('Ctrl Pts',(61.9662668761667,-7.45186817129247,0.));
#11247=CARTESIAN_POINT('Ctrl Pts',(61.9191506155657,-7.39717775239515,0.));
#11248=CARTESIAN_POINT('Ctrl Pts',(61.8196717473106,-7.28170719282809,0.));
#11249=CARTESIAN_POINT('Ctrl Pts',(61.8097990654349,-7.12907215027831,0.));
#11250=CARTESIAN_POINT('Ctrl Pts',(61.8046023902353,-7.04872977216833,0.));
#11251=CARTESIAN_POINT('',(61.9662668761667,-7.45186817129247,0.2));
#11252=CARTESIAN_POINT('',(61.9662668761667,-7.45186817129247,0.));
#11253=CARTESIAN_POINT('Ctrl Pts',(61.9662668761667,-7.45186817129247,0.2));
#11254=CARTESIAN_POINT('Ctrl Pts',(61.9191506155657,-7.39717775239515,0.2));
#11255=CARTESIAN_POINT('Ctrl Pts',(61.8196717473106,-7.28170719282809,0.2));
#11256=CARTESIAN_POINT('Ctrl Pts',(61.8097990654349,-7.12907215027831,0.2));
#11257=CARTESIAN_POINT('Ctrl Pts',(61.8046023902353,-7.04872977216833,0.2));
#11258=CARTESIAN_POINT('Ctrl Pts',(62.5126519259866,-7.59511482198827,0.));
#11259=CARTESIAN_POINT('Ctrl Pts',(62.5126519259866,-7.59511482198827,0.2));
#11260=CARTESIAN_POINT('Ctrl Pts',(62.3998935428886,-7.59383146896821,0.));
#11261=CARTESIAN_POINT('Ctrl Pts',(62.3998935428886,-7.59383146896821,0.2));
#11262=CARTESIAN_POINT('Ctrl Pts',(62.2044925377122,-7.59160752372152,0.));
#11263=CARTESIAN_POINT('Ctrl Pts',(62.2044925377122,-7.59160752372152,0.2));
#11264=CARTESIAN_POINT('Ctrl Pts',(62.0370744451473,-7.49340275565352,0.));
#11265=CARTESIAN_POINT('Ctrl Pts',(62.0370744451473,-7.49340275565352,0.2));
#11266=CARTESIAN_POINT('Ctrl Pts',(61.9662668761667,-7.45186817129247,0.));
#11267=CARTESIAN_POINT('Ctrl Pts',(61.9662668761667,-7.45186817129247,0.2));
#11268=CARTESIAN_POINT('',(62.5126519259866,-7.59511482198827,0.));
#11269=CARTESIAN_POINT('Ctrl Pts',(62.5126519259866,-7.59511482198827,0.));
#11270=CARTESIAN_POINT('Ctrl Pts',(62.3998935428886,-7.59383146896821,0.));
#11271=CARTESIAN_POINT('Ctrl Pts',(62.2044925377122,-7.59160752372152,0.));
#11272=CARTESIAN_POINT('Ctrl Pts',(62.0370744451473,-7.49340275565352,0.));
#11273=CARTESIAN_POINT('Ctrl Pts',(61.9662668761667,-7.45186817129247,0.));
#11274=CARTESIAN_POINT('',(62.5126519259866,-7.59511482198827,0.2));
#11275=CARTESIAN_POINT('',(62.5126519259866,-7.59511482198827,0.));
#11276=CARTESIAN_POINT('Ctrl Pts',(62.5126519259866,-7.59511482198827,0.2));
#11277=CARTESIAN_POINT('Ctrl Pts',(62.3998935428886,-7.59383146896821,0.2));
#11278=CARTESIAN_POINT('Ctrl Pts',(62.2044925377122,-7.59160752372152,0.2));
#11279=CARTESIAN_POINT('Ctrl Pts',(62.0370744451473,-7.49340275565352,0.2));
#11280=CARTESIAN_POINT('Ctrl Pts',(61.9662668761667,-7.45186817129247,0.2));
#11281=CARTESIAN_POINT('Origin',(63.2882311400827,-7.59511482198827,0.));
#11282=CARTESIAN_POINT('',(63.2882311400827,-7.59511482198827,0.));
#11283=CARTESIAN_POINT('',(52.1566155700414,-7.59511482198827,0.));
#11284=CARTESIAN_POINT('',(63.2882311400827,-7.59511482198827,0.2));
#11285=CARTESIAN_POINT('',(63.2882311400827,-7.59511482198827,0.));
#11286=CARTESIAN_POINT('',(63.2882311400827,-7.59511482198827,0.2));
#11287=CARTESIAN_POINT('Origin',(63.2882311400827,-6.52280938108556,0.));
#11288=CARTESIAN_POINT('',(63.2882311400827,-22.4814046905428,0.));
#11289=CARTESIAN_POINT('',(63.2882311400827,-6.52280938108556,0.2));
#11290=CARTESIAN_POINT('Origin',(63.2882311400827,-7.94913958986394,0.));
#11291=CARTESIAN_POINT('',(63.2882311400827,-7.94913958986394,0.));
#11292=CARTESIAN_POINT('',(63.2882311400827,-9.16878473241918,0.));
#11293=CARTESIAN_POINT('',(63.2882311400827,-23.194569794932,0.));
#11294=CARTESIAN_POINT('',(63.2882311400827,-7.94913958986394,0.2));
#11295=CARTESIAN_POINT('',(63.2882311400827,-7.94913958986394,0.));
#11296=CARTESIAN_POINT('',(63.2882311400827,-9.16878473241918,0.2));
#11297=CARTESIAN_POINT('',(63.2882311400827,-7.94913958986394,0.2));
#11298=CARTESIAN_POINT('',(63.2882311400827,-9.16878473241918,0.));
#11299=CARTESIAN_POINT('Origin',(62.5187912043985,-7.94913958986394,0.));
#11300=CARTESIAN_POINT('',(62.5187912043985,-7.94913958986394,0.));
#11301=CARTESIAN_POINT('',(51.7718956021993,-7.94913958986394,0.));
#11302=CARTESIAN_POINT('',(62.5187912043985,-7.94913958986394,0.2));
#11303=CARTESIAN_POINT('',(62.5187912043985,-7.94913958986394,0.));
#11304=CARTESIAN_POINT('',(62.5187912043985,-7.94913958986394,0.2));
#11305=CARTESIAN_POINT('Ctrl Pts',(61.6388454493936,-7.68413257082098,0.));
#11306=CARTESIAN_POINT('Ctrl Pts',(61.6388454493936,-7.68413257082098,0.2));
#11307=CARTESIAN_POINT('Ctrl Pts',(61.7492028458258,-7.7609574901044,0.));
#11308=CARTESIAN_POINT('Ctrl Pts',(61.7492028458258,-7.7609574901044,0.2));
#11309=CARTESIAN_POINT('Ctrl Pts',(62.010929688799,-7.94315772530175,0.));
#11310=CARTESIAN_POINT('Ctrl Pts',(62.010929688799,-7.94315772530175,0.2));
#11311=CARTESIAN_POINT('Ctrl Pts',(62.3326972633802,-7.94694767589365,0.));
#11312=CARTESIAN_POINT('Ctrl Pts',(62.3326972633802,-7.94694767589365,0.2));
#11313=CARTESIAN_POINT('Ctrl Pts',(62.5187912043985,-7.94913958986394,0.));
#11314=CARTESIAN_POINT('Ctrl Pts',(62.5187912043985,-7.94913958986394,0.2));
#11315=CARTESIAN_POINT('',(61.6388454493936,-7.68413257082098,0.));
#11316=CARTESIAN_POINT('Ctrl Pts',(61.6388454493936,-7.68413257082098,0.));
#11317=CARTESIAN_POINT('Ctrl Pts',(61.7492028458258,-7.7609574901044,0.));
#11318=CARTESIAN_POINT('Ctrl Pts',(62.010929688799,-7.94315772530175,0.));
#11319=CARTESIAN_POINT('Ctrl Pts',(62.3326972633802,-7.94694767589365,0.));
#11320=CARTESIAN_POINT('Ctrl Pts',(62.5187912043985,-7.94913958986394,0.));
#11321=CARTESIAN_POINT('',(61.6388454493936,-7.68413257082098,0.2));
#11322=CARTESIAN_POINT('',(61.6388454493936,-7.68413257082098,0.));
#11323=CARTESIAN_POINT('Ctrl Pts',(61.6388454493936,-7.68413257082098,0.2));
#11324=CARTESIAN_POINT('Ctrl Pts',(61.7492028458258,-7.7609574901044,0.2));
#11325=CARTESIAN_POINT('Ctrl Pts',(62.010929688799,-7.94315772530175,0.2));
#11326=CARTESIAN_POINT('Ctrl Pts',(62.3326972633802,-7.94694767589365,0.2));
#11327=CARTESIAN_POINT('Ctrl Pts',(62.5187912043985,-7.94913958986394,0.2));
#11328=CARTESIAN_POINT('Ctrl Pts',(61.3953259047922,-7.03645181139104,0.));
#11329=CARTESIAN_POINT('Ctrl Pts',(61.3953259047922,-7.03645181139104,0.2));
#11330=CARTESIAN_POINT('Ctrl Pts',(61.4047642651447,-7.15832660593087,0.));
#11331=CARTESIAN_POINT('Ctrl Pts',(61.4047642651447,-7.15832660593087,0.2));
#11332=CARTESIAN_POINT('Ctrl Pts',(61.4233252032999,-7.39799858704226,0.));
#11333=CARTESIAN_POINT('Ctrl Pts',(61.4233252032999,-7.39799858704226,0.2));
#11334=CARTESIAN_POINT('Ctrl Pts',(61.5678248385711,-7.5898425415854,0.));
#11335=CARTESIAN_POINT('Ctrl Pts',(61.5678248385711,-7.5898425415854,0.2));
#11336=CARTESIAN_POINT('Ctrl Pts',(61.6388454493936,-7.68413257082098,0.));
#11337=CARTESIAN_POINT('Ctrl Pts',(61.6388454493936,-7.68413257082098,0.2));
#11338=CARTESIAN_POINT('',(61.3953259047922,-7.03645181139104,0.));
#11339=CARTESIAN_POINT('Ctrl Pts',(61.3953259047922,-7.03645181139104,0.));
#11340=CARTESIAN_POINT('Ctrl Pts',(61.4047642651447,-7.15832660593087,0.));
#11341=CARTESIAN_POINT('Ctrl Pts',(61.4233252032999,-7.39799858704226,0.));
#11342=CARTESIAN_POINT('Ctrl Pts',(61.5678248385711,-7.5898425415854,0.));
#11343=CARTESIAN_POINT('Ctrl Pts',(61.6388454493936,-7.68413257082098,0.));
#11344=CARTESIAN_POINT('',(61.3953259047922,-7.03645181139104,0.2));
#11345=CARTESIAN_POINT('',(61.3953259047922,-7.03645181139104,0.));
#11346=CARTESIAN_POINT('Ctrl Pts',(61.3953259047922,-7.03645181139104,0.2));
#11347=CARTESIAN_POINT('Ctrl Pts',(61.4047642651447,-7.15832660593087,0.2));
#11348=CARTESIAN_POINT('Ctrl Pts',(61.4233252032999,-7.39799858704226,0.2));
#11349=CARTESIAN_POINT('Ctrl Pts',(61.5678248385711,-7.5898425415854,0.2));
#11350=CARTESIAN_POINT('Ctrl Pts',(61.6388454493936,-7.68413257082098,0.2));
#11351=CARTESIAN_POINT('Ctrl Pts',(61.48638988108,-6.62717472990148,0.));
#11352=CARTESIAN_POINT('Ctrl Pts',(61.48638988108,-6.62717472990148,0.2));
#11353=CARTESIAN_POINT('Ctrl Pts',(61.459831959024,-6.6914656182243,0.));
#11354=CARTESIAN_POINT('Ctrl Pts',(61.459831959024,-6.6914656182243,0.2));
#11355=CARTESIAN_POINT('Ctrl Pts',(61.4056853525328,-6.82254264389072,0.));
#11356=CARTESIAN_POINT('Ctrl Pts',(61.4056853525328,-6.82254264389072,0.2));
#11357=CARTESIAN_POINT('Ctrl Pts',(61.3988226016461,-6.96424955391976,0.));
#11358=CARTESIAN_POINT('Ctrl Pts',(61.3988226016461,-6.96424955391976,0.2));
#11359=CARTESIAN_POINT('Ctrl Pts',(61.3953259047922,-7.03645181139104,0.));
#11360=CARTESIAN_POINT('Ctrl Pts',(61.3953259047922,-7.03645181139104,0.2));
#11361=CARTESIAN_POINT('',(61.48638988108,-6.62717472990148,0.));
#11362=CARTESIAN_POINT('Ctrl Pts',(61.48638988108,-6.62717472990148,0.));
#11363=CARTESIAN_POINT('Ctrl Pts',(61.459831959024,-6.6914656182243,0.));
#11364=CARTESIAN_POINT('Ctrl Pts',(61.4056853525328,-6.82254264389072,0.));
#11365=CARTESIAN_POINT('Ctrl Pts',(61.3988226016461,-6.96424955391976,0.));
#11366=CARTESIAN_POINT('Ctrl Pts',(61.3953259047922,-7.03645181139104,0.));
#11367=CARTESIAN_POINT('',(61.48638988108,-6.62717472990148,0.2));
#11368=CARTESIAN_POINT('',(61.48638988108,-6.62717472990148,0.));
#11369=CARTESIAN_POINT('Ctrl Pts',(61.48638988108,-6.62717472990148,0.2));
#11370=CARTESIAN_POINT('Ctrl Pts',(61.459831959024,-6.6914656182243,0.2));
#11371=CARTESIAN_POINT('Ctrl Pts',(61.4056853525328,-6.82254264389072,0.2));
#11372=CARTESIAN_POINT('Ctrl Pts',(61.3988226016461,-6.96424955391976,0.2));
#11373=CARTESIAN_POINT('Ctrl Pts',(61.3953259047922,-7.03645181139104,0.2));
#11374=CARTESIAN_POINT('Ctrl Pts',(61.7268397864755,-6.33761178930395,0.));
#11375=CARTESIAN_POINT('Ctrl Pts',(61.7268397864755,-6.33761178930395,0.2));
#11376=CARTESIAN_POINT('Ctrl Pts',(61.6789898847414,-6.37652304428608,0.));
#11377=CARTESIAN_POINT('Ctrl Pts',(61.6789898847414,-6.37652304428608,0.2));
#11378=CARTESIAN_POINT('Ctrl Pts',(61.5798579128141,-6.45713657319113,0.));
#11379=CARTESIAN_POINT('Ctrl Pts',(61.5798579128141,-6.45713657319113,0.2));
#11380=CARTESIAN_POINT('Ctrl Pts',(61.5182568138254,-6.56920202625618,0.));
#11381=CARTESIAN_POINT('Ctrl Pts',(61.5182568138254,-6.56920202625618,0.2));
#11382=CARTESIAN_POINT('Ctrl Pts',(61.48638988108,-6.62717472990148,0.));
#11383=CARTESIAN_POINT('Ctrl Pts',(61.48638988108,-6.62717472990148,0.2));
#11384=CARTESIAN_POINT('',(61.7268397864755,-6.33761178930395,0.));
#11385=CARTESIAN_POINT('Ctrl Pts',(61.7268397864755,-6.33761178930395,0.));
#11386=CARTESIAN_POINT('Ctrl Pts',(61.6789898847414,-6.37652304428608,0.));
#11387=CARTESIAN_POINT('Ctrl Pts',(61.5798579128141,-6.45713657319113,0.));
#11388=CARTESIAN_POINT('Ctrl Pts',(61.5182568138254,-6.56920202625618,0.));
#11389=CARTESIAN_POINT('Ctrl Pts',(61.48638988108,-6.62717472990148,0.));
#11390=CARTESIAN_POINT('',(61.7268397864755,-6.33761178930395,0.2));
#11391=CARTESIAN_POINT('',(61.7268397864755,-6.33761178930395,0.));
#11392=CARTESIAN_POINT('Ctrl Pts',(61.7268397864755,-6.33761178930395,0.2));
#11393=CARTESIAN_POINT('Ctrl Pts',(61.6789898847414,-6.37652304428608,0.2));
#11394=CARTESIAN_POINT('Ctrl Pts',(61.5798579128141,-6.45713657319113,0.2));
#11395=CARTESIAN_POINT('Ctrl Pts',(61.5182568138254,-6.56920202625618,0.2));
#11396=CARTESIAN_POINT('Ctrl Pts',(61.48638988108,-6.62717472990148,0.2));
#11397=CARTESIAN_POINT('Ctrl Pts',(62.0972361621317,-6.19743418176763,0.));
#11398=CARTESIAN_POINT('Ctrl Pts',(62.0972361621317,-6.19743418176763,0.2));
#11399=CARTESIAN_POINT('Ctrl Pts',(62.0280727729923,-6.21146056541915,0.));
#11400=CARTESIAN_POINT('Ctrl Pts',(62.0280727729923,-6.21146056541915,0.2));
#11401=CARTESIAN_POINT('Ctrl Pts',(61.8968562422671,-6.23807136954943,0.));
#11402=CARTESIAN_POINT('Ctrl Pts',(61.8968562422671,-6.23807136954943,0.2));
#11403=CARTESIAN_POINT('Ctrl Pts',(61.7814270120708,-6.30565232206481,0.));
#11404=CARTESIAN_POINT('Ctrl Pts',(61.7814270120708,-6.30565232206481,0.2));
#11405=CARTESIAN_POINT('Ctrl Pts',(61.7268397864755,-6.33761178930395,0.));
#11406=CARTESIAN_POINT('Ctrl Pts',(61.7268397864755,-6.33761178930395,0.2));
#11407=CARTESIAN_POINT('',(62.0972361621317,-6.19743418176763,0.));
#11408=CARTESIAN_POINT('Ctrl Pts',(62.0972361621317,-6.19743418176763,0.));
#11409=CARTESIAN_POINT('Ctrl Pts',(62.0280727729923,-6.21146056541915,0.));
#11410=CARTESIAN_POINT('Ctrl Pts',(61.8968562422671,-6.23807136954943,0.));
#11411=CARTESIAN_POINT('Ctrl Pts',(61.7814270120708,-6.30565232206481,0.));
#11412=CARTESIAN_POINT('Ctrl Pts',(61.7268397864755,-6.33761178930395,0.));
#11413=CARTESIAN_POINT('',(62.0972361621317,-6.19743418176763,0.2));
#11414=CARTESIAN_POINT('',(62.0972361621317,-6.19743418176763,0.));
#11415=CARTESIAN_POINT('Ctrl Pts',(62.0972361621317,-6.19743418176763,0.2));
#11416=CARTESIAN_POINT('Ctrl Pts',(62.0280727729923,-6.21146056541915,0.2));
#11417=CARTESIAN_POINT('Ctrl Pts',(61.8968562422671,-6.23807136954943,0.2));
#11418=CARTESIAN_POINT('Ctrl Pts',(61.7814270120708,-6.30565232206481,0.2));
#11419=CARTESIAN_POINT('Ctrl Pts',(61.7268397864755,-6.33761178930395,0.2));
#11420=CARTESIAN_POINT('Ctrl Pts',(62.5535788592752,-6.16878461320989,0.));
#11421=CARTESIAN_POINT('Ctrl Pts',(62.5535788592752,-6.16878461320989,0.2));
#11422=CARTESIAN_POINT('Ctrl Pts',(62.4656087710274,-6.16905816903782,0.));
#11423=CARTESIAN_POINT('Ctrl Pts',(62.4656087710274,-6.16905816903782,0.2));
#11424=CARTESIAN_POINT('Ctrl Pts',(62.3128667934189,-6.16953314250866,0.));
#11425=CARTESIAN_POINT('Ctrl Pts',(62.3128667934189,-6.16953314250866,0.2));
#11426=CARTESIAN_POINT('Ctrl Pts',(62.1614472562891,-6.18912573204389,0.));
#11427=CARTESIAN_POINT('Ctrl Pts',(62.1614472562891,-6.18912573204389,0.2));
#11428=CARTESIAN_POINT('Ctrl Pts',(62.0972361621317,-6.19743418176763,0.));
#11429=CARTESIAN_POINT('Ctrl Pts',(62.0972361621317,-6.19743418176763,0.2));
#11430=CARTESIAN_POINT('',(62.5535788592752,-6.16878461320989,0.));
#11431=CARTESIAN_POINT('Ctrl Pts',(62.5535788592752,-6.16878461320989,0.));
#11432=CARTESIAN_POINT('Ctrl Pts',(62.4656087710274,-6.16905816903782,0.));
#11433=CARTESIAN_POINT('Ctrl Pts',(62.3128667934189,-6.16953314250866,0.));
#11434=CARTESIAN_POINT('Ctrl Pts',(62.1614472562891,-6.18912573204389,0.));
#11435=CARTESIAN_POINT('Ctrl Pts',(62.0972361621317,-6.19743418176763,0.));
#11436=CARTESIAN_POINT('',(62.5535788592752,-6.16878461320989,0.2));
#11437=CARTESIAN_POINT('',(62.5535788592752,-6.16878461320989,0.));
#11438=CARTESIAN_POINT('Ctrl Pts',(62.5535788592752,-6.16878461320989,0.2));
#11439=CARTESIAN_POINT('Ctrl Pts',(62.4656087710274,-6.16905816903782,0.2));
#11440=CARTESIAN_POINT('Ctrl Pts',(62.3128667934189,-6.16953314250866,0.2));
#11441=CARTESIAN_POINT('Ctrl Pts',(62.1614472562891,-6.18912573204389,0.2));
#11442=CARTESIAN_POINT('Ctrl Pts',(62.0972361621317,-6.19743418176763,0.2));
#11443=CARTESIAN_POINT('Origin',(63.685230260795,-6.16878461320989,0.));
#11444=CARTESIAN_POINT('',(63.685230260795,-6.16878461320989,0.));
#11445=CARTESIAN_POINT('',(52.3551151303975,-6.16878461320989,0.));
#11446=CARTESIAN_POINT('',(63.685230260795,-6.16878461320989,0.2));
#11447=CARTESIAN_POINT('',(63.685230260795,-6.16878461320989,0.));
#11448=CARTESIAN_POINT('',(63.685230260795,-6.16878461320989,0.2));
#11449=CARTESIAN_POINT('Origin',(63.685230260795,-9.16878473241918,0.));
#11450=CARTESIAN_POINT('',(63.685230260795,-9.16878473241918,0.));
#11451=CARTESIAN_POINT('',(63.685230260795,-23.8043923662096,0.));
#11452=CARTESIAN_POINT('',(63.685230260795,-9.16878473241918,0.2));
#11453=CARTESIAN_POINT('',(63.685230260795,-9.16878473241918,0.));
#11454=CARTESIAN_POINT('',(63.685230260795,-9.16878473241918,0.2));
#11455=CARTESIAN_POINT('Origin',(63.2882311400827,-9.16878473241918,0.));
#11456=CARTESIAN_POINT('',(52.1566155700414,-9.16878473241918,0.));
#11457=CARTESIAN_POINT('',(63.2882311400827,-9.16878473241918,0.2));
#11458=CARTESIAN_POINT('Origin',(66.0979183596429,-5.35227682669752,0.2));
#11459=CARTESIAN_POINT('Origin',(67.0945074614938,-8.03099464853399,0.));
#11460=CARTESIAN_POINT('',(67.0945074614938,-8.03099464853399,0.));
#11461=CARTESIAN_POINT('',(67.0945074614938,-9.16878473241918,0.));
#11462=CARTESIAN_POINT('',(67.0945074614938,-23.235497324267,0.));
#11463=CARTESIAN_POINT('',(67.0945074614938,-8.03099464853399,0.2));
#11464=CARTESIAN_POINT('',(67.0945074614938,-8.03099464853399,0.));
#11465=CARTESIAN_POINT('',(67.0945074614938,-9.16878473241918,0.2));
#11466=CARTESIAN_POINT('',(67.0945074614938,-8.03099464853399,0.2));
#11467=CARTESIAN_POINT('',(67.0945074614938,-9.16878473241918,0.));
#11468=CARTESIAN_POINT('Ctrl Pts',(67.0331164655145,-7.60125410040014,0.));
#11469=CARTESIAN_POINT('Ctrl Pts',(67.0331164655145,-7.60125410040014,0.2));
#11470=CARTESIAN_POINT('Ctrl Pts',(67.0510169347965,-7.66943698540846,0.));
#11471=CARTESIAN_POINT('Ctrl Pts',(67.0510169347965,-7.66943698540846,0.2));
#11472=CARTESIAN_POINT('Ctrl Pts',(67.0879943481994,-7.81028394792287,0.));
#11473=CARTESIAN_POINT('Ctrl Pts',(67.0879943481994,-7.81028394792287,0.2));
#11474=CARTESIAN_POINT('Ctrl Pts',(67.0922908577567,-7.95588031508271,0.));
#11475=CARTESIAN_POINT('Ctrl Pts',(67.0922908577567,-7.95588031508271,0.2));
#11476=CARTESIAN_POINT('Ctrl Pts',(67.0945074614938,-8.03099464853399,0.));
#11477=CARTESIAN_POINT('Ctrl Pts',(67.0945074614938,-8.03099464853399,0.2));
#11478=CARTESIAN_POINT('',(67.0331164655145,-7.60125410040014,0.));
#11479=CARTESIAN_POINT('Ctrl Pts',(67.0331164655145,-7.60125410040014,0.));
#11480=CARTESIAN_POINT('Ctrl Pts',(67.0510169347965,-7.66943698540846,0.));
#11481=CARTESIAN_POINT('Ctrl Pts',(67.0879943481994,-7.81028394792287,0.));
#11482=CARTESIAN_POINT('Ctrl Pts',(67.0922908577567,-7.95588031508271,0.));
#11483=CARTESIAN_POINT('Ctrl Pts',(67.0945074614938,-8.03099464853399,0.));
#11484=CARTESIAN_POINT('',(67.0331164655145,-7.60125410040014,0.2));
#11485=CARTESIAN_POINT('',(67.0331164655145,-7.60125410040014,0.));
#11486=CARTESIAN_POINT('Ctrl Pts',(67.0331164655145,-7.60125410040014,0.2));
#11487=CARTESIAN_POINT('Ctrl Pts',(67.0510169347965,-7.66943698540846,0.2));
#11488=CARTESIAN_POINT('Ctrl Pts',(67.0879943481994,-7.81028394792287,0.2));
#11489=CARTESIAN_POINT('Ctrl Pts',(67.0922908577567,-7.95588031508271,0.2));
#11490=CARTESIAN_POINT('Ctrl Pts',(67.0945074614938,-8.03099464853399,0.2));
#11491=CARTESIAN_POINT('Ctrl Pts',(66.8960084971842,-7.39968490083807,0.));
#11492=CARTESIAN_POINT('Ctrl Pts',(66.8960084971842,-7.39968490083807,0.2));
#11493=CARTESIAN_POINT('Ctrl Pts',(66.9259603655968,-7.42687427848899,0.));
#11494=CARTESIAN_POINT('Ctrl Pts',(66.9259603655968,-7.42687427848899,0.2));
#11495=CARTESIAN_POINT('Ctrl Pts',(66.9877755145215,-7.48298815444192,0.));
#11496=CARTESIAN_POINT('Ctrl Pts',(66.9877755145215,-7.48298815444192,0.2));
#11497=CARTESIAN_POINT('Ctrl Pts',(67.0176944366775,-7.56102775337711,0.));
#11498=CARTESIAN_POINT('Ctrl Pts',(67.0176944366775,-7.56102775337711,0.2));
#11499=CARTESIAN_POINT('Ctrl Pts',(67.0331164655145,-7.60125410040014,0.));
#11500=CARTESIAN_POINT('Ctrl Pts',(67.0331164655145,-7.60125410040014,0.2));
#11501=CARTESIAN_POINT('',(66.8960084971842,-7.39968490083807,0.));
#11502=CARTESIAN_POINT('Ctrl Pts',(66.8960084971842,-7.39968490083807,0.));
#11503=CARTESIAN_POINT('Ctrl Pts',(66.9259603655968,-7.42687427848899,0.));
#11504=CARTESIAN_POINT('Ctrl Pts',(66.9877755145215,-7.48298815444192,0.));
#11505=CARTESIAN_POINT('Ctrl Pts',(67.0176944366775,-7.56102775337711,0.));
#11506=CARTESIAN_POINT('Ctrl Pts',(67.0331164655145,-7.60125410040014,0.));
#11507=CARTESIAN_POINT('',(66.8960084971842,-7.39968490083807,0.2));
#11508=CARTESIAN_POINT('',(66.8960084971842,-7.39968490083807,0.));
#11509=CARTESIAN_POINT('Ctrl Pts',(66.8960084971842,-7.39968490083807,0.2));
#11510=CARTESIAN_POINT('Ctrl Pts',(66.9259603655968,-7.42687427848899,0.2));
#11511=CARTESIAN_POINT('Ctrl Pts',(66.9877755145215,-7.48298815444192,0.2));
#11512=CARTESIAN_POINT('Ctrl Pts',(67.0176944366775,-7.56102775337711,0.2));
#11513=CARTESIAN_POINT('Ctrl Pts',(67.0331164655145,-7.60125410040014,0.2));
#11514=CARTESIAN_POINT('Ctrl Pts',(66.6790916976389,-7.32703816373937,0.));
#11515=CARTESIAN_POINT('Ctrl Pts',(66.6790916976389,-7.32703816373937,0.2));
#11516=CARTESIAN_POINT('Ctrl Pts',(66.7183065703303,-7.33005954822521,0.));
#11517=CARTESIAN_POINT('Ctrl Pts',(66.7183065703303,-7.33005954822521,0.2));
#11518=CARTESIAN_POINT('Ctrl Pts',(66.7967008043686,-7.33609958115777,0.));
#11519=CARTESIAN_POINT('Ctrl Pts',(66.7967008043686,-7.33609958115777,0.2));
#11520=CARTESIAN_POINT('Ctrl Pts',(66.8629159310463,-7.37849619594263,0.));
#11521=CARTESIAN_POINT('Ctrl Pts',(66.8629159310463,-7.37849619594263,0.2));
#11522=CARTESIAN_POINT('Ctrl Pts',(66.8960084971842,-7.39968490083807,0.));
#11523=CARTESIAN_POINT('Ctrl Pts',(66.8960084971842,-7.39968490083807,0.2));
#11524=CARTESIAN_POINT('',(66.6790916976389,-7.32703816373937,0.));
#11525=CARTESIAN_POINT('Ctrl Pts',(66.6790916976389,-7.32703816373937,0.));
#11526=CARTESIAN_POINT('Ctrl Pts',(66.7183065703303,-7.33005954822521,0.));
#11527=CARTESIAN_POINT('Ctrl Pts',(66.7967008043686,-7.33609958115777,0.));
#11528=CARTESIAN_POINT('Ctrl Pts',(66.8629159310463,-7.37849619594263,0.));
#11529=CARTESIAN_POINT('Ctrl Pts',(66.8960084971842,-7.39968490083807,0.));
#11530=CARTESIAN_POINT('',(66.6790916976389,-7.32703816373937,0.2));
#11531=CARTESIAN_POINT('',(66.6790916976389,-7.32703816373937,0.));
#11532=CARTESIAN_POINT('Ctrl Pts',(66.6790916976389,-7.32703816373937,0.2));
#11533=CARTESIAN_POINT('Ctrl Pts',(66.7183065703303,-7.33005954822521,0.2));
#11534=CARTESIAN_POINT('Ctrl Pts',(66.7967008043686,-7.33609958115777,0.2));
#11535=CARTESIAN_POINT('Ctrl Pts',(66.8629159310463,-7.37849619594263,0.2));
#11536=CARTESIAN_POINT('Ctrl Pts',(66.8960084971842,-7.39968490083807,0.2));
#11537=CARTESIAN_POINT('Ctrl Pts',(66.4089688119348,-7.40684759100073,0.));
#11538=CARTESIAN_POINT('Ctrl Pts',(66.4089688119348,-7.40684759100073,0.2));
#11539=CARTESIAN_POINT('Ctrl Pts',(66.4530291477299,-7.38358044325418,0.));
#11540=CARTESIAN_POINT('Ctrl Pts',(66.4530291477299,-7.38358044325418,0.2));
#11541=CARTESIAN_POINT('Ctrl Pts',(66.5378084375756,-7.33881064685816,0.));
#11542=CARTESIAN_POINT('Ctrl Pts',(66.5378084375756,-7.33881064685816,0.2));
#11543=CARTESIAN_POINT('Ctrl Pts',(66.6332511631738,-7.33085784427268,0.));
#11544=CARTESIAN_POINT('Ctrl Pts',(66.6332511631738,-7.33085784427268,0.2));
#11545=CARTESIAN_POINT('Ctrl Pts',(66.6790916976389,-7.32703816373937,0.));
#11546=CARTESIAN_POINT('Ctrl Pts',(66.6790916976389,-7.32703816373937,0.2));
#11547=CARTESIAN_POINT('',(66.4089688119348,-7.40684759100073,0.));
#11548=CARTESIAN_POINT('Ctrl Pts',(66.4089688119348,-7.40684759100073,0.));
#11549=CARTESIAN_POINT('Ctrl Pts',(66.4530291477299,-7.38358044325418,0.));
#11550=CARTESIAN_POINT('Ctrl Pts',(66.5378084375756,-7.33881064685816,0.));
#11551=CARTESIAN_POINT('Ctrl Pts',(66.6332511631738,-7.33085784427268,0.));
#11552=CARTESIAN_POINT('Ctrl Pts',(66.6790916976389,-7.32703816373937,0.));
#11553=CARTESIAN_POINT('',(66.4089688119348,-7.40684759100073,0.2));
#11554=CARTESIAN_POINT('',(66.4089688119348,-7.40684759100073,0.));
#11555=CARTESIAN_POINT('Ctrl Pts',(66.4089688119348,-7.40684759100073,0.2));
#11556=CARTESIAN_POINT('Ctrl Pts',(66.4530291477299,-7.38358044325418,0.2));
#11557=CARTESIAN_POINT('Ctrl Pts',(66.5378084375756,-7.33881064685816,0.2));
#11558=CARTESIAN_POINT('Ctrl Pts',(66.6332511631738,-7.33085784427268,0.2));
#11559=CARTESIAN_POINT('Ctrl Pts',(66.6790916976389,-7.32703816373937,0.2));
#11560=CARTESIAN_POINT('Origin',(66.282093172973,-7.06510137994878,0.));
#11561=CARTESIAN_POINT('',(66.282093172973,-7.06510137994878,0.));
#11562=CARTESIAN_POINT('',(69.8709015935566,-16.7317457410074,0.));
#11563=CARTESIAN_POINT('',(66.282093172973,-7.06510137994878,0.2));
#11564=CARTESIAN_POINT('',(66.282093172973,-7.06510137994878,0.));
#11565=CARTESIAN_POINT('',(66.282093172973,-7.06510137994878,0.2));
#11566=CARTESIAN_POINT('Ctrl Pts',(66.6606738624033,-6.946411246854,0.));
#11567=CARTESIAN_POINT('Ctrl Pts',(66.6606738624033,-6.946411246854,0.2));
#11568=CARTESIAN_POINT('Ctrl Pts',(66.5968638471683,-6.95229408009519,0.));
#11569=CARTESIAN_POINT('Ctrl Pts',(66.5968638471683,-6.95229408009519,0.2));
#11570=CARTESIAN_POINT('Ctrl Pts',(66.462368293785,-6.96469362128512,0.));
#11571=CARTESIAN_POINT('Ctrl Pts',(66.462368293785,-6.96469362128512,0.2));
#11572=CARTESIAN_POINT('Ctrl Pts',(66.3441985250512,-7.03051058796875,0.));
#11573=CARTESIAN_POINT('Ctrl Pts',(66.3441985250512,-7.03051058796875,0.2));
#11574=CARTESIAN_POINT('Ctrl Pts',(66.282093172973,-7.06510137994878,0.));
#11575=CARTESIAN_POINT('Ctrl Pts',(66.282093172973,-7.06510137994878,0.2));
#11576=CARTESIAN_POINT('',(66.6606738624033,-6.946411246854,0.));
#11577=CARTESIAN_POINT('Ctrl Pts',(66.6606738624033,-6.946411246854,0.));
#11578=CARTESIAN_POINT('Ctrl Pts',(66.5968638471683,-6.95229408009519,0.));
#11579=CARTESIAN_POINT('Ctrl Pts',(66.462368293785,-6.96469362128512,0.));
#11580=CARTESIAN_POINT('Ctrl Pts',(66.3441985250512,-7.03051058796875,0.));
#11581=CARTESIAN_POINT('Ctrl Pts',(66.282093172973,-7.06510137994878,0.));
#11582=CARTESIAN_POINT('',(66.6606738624033,-6.946411246854,0.2));
#11583=CARTESIAN_POINT('',(66.6606738624033,-6.946411246854,0.));
#11584=CARTESIAN_POINT('Ctrl Pts',(66.6606738624033,-6.946411246854,0.2));
#11585=CARTESIAN_POINT('Ctrl Pts',(66.5968638471683,-6.95229408009519,0.2));
#11586=CARTESIAN_POINT('Ctrl Pts',(66.462368293785,-6.96469362128512,0.2));
#11587=CARTESIAN_POINT('Ctrl Pts',(66.3441985250512,-7.03051058796875,0.2));
#11588=CARTESIAN_POINT('Ctrl Pts',(66.282093172973,-7.06510137994878,0.2));
#11589=CARTESIAN_POINT('Ctrl Pts',(66.8970313128885,-7.02008079965704,0.));
#11590=CARTESIAN_POINT('Ctrl Pts',(66.8970313128885,-7.02008079965704,0.2));
#11591=CARTESIAN_POINT('Ctrl Pts',(66.8603844156421,-6.99859381949194,0.));
#11592=CARTESIAN_POINT('Ctrl Pts',(66.8603844156421,-6.99859381949194,0.2));
#11593=CARTESIAN_POINT('Ctrl Pts',(66.7872933912371,-6.95573874826783,0.));
#11594=CARTESIAN_POINT('Ctrl Pts',(66.7872933912371,-6.95573874826783,0.2));
#11595=CARTESIAN_POINT('Ctrl Pts',(66.7028022398575,-6.94951465834104,0.));
#11596=CARTESIAN_POINT('Ctrl Pts',(66.7028022398575,-6.94951465834104,0.2));
#11597=CARTESIAN_POINT('Ctrl Pts',(66.6606738624033,-6.946411246854,0.));
#11598=CARTESIAN_POINT('Ctrl Pts',(66.6606738624033,-6.946411246854,0.2));
#11599=CARTESIAN_POINT('',(66.8970313128885,-7.02008079965704,0.));
#11600=CARTESIAN_POINT('Ctrl Pts',(66.8970313128885,-7.02008079965704,0.));
#11601=CARTESIAN_POINT('Ctrl Pts',(66.8603844156421,-6.99859381949194,0.));
#11602=CARTESIAN_POINT('Ctrl Pts',(66.7872933912371,-6.95573874826783,0.));
#11603=CARTESIAN_POINT('Ctrl Pts',(66.7028022398575,-6.94951465834104,0.));
#11604=CARTESIAN_POINT('Ctrl Pts',(66.6606738624033,-6.946411246854,0.));
#11605=CARTESIAN_POINT('',(66.8970313128885,-7.02008079965704,0.2));
#11606=CARTESIAN_POINT('',(66.8970313128885,-7.02008079965704,0.));
#11607=CARTESIAN_POINT('Ctrl Pts',(66.8970313128885,-7.02008079965704,0.2));
#11608=CARTESIAN_POINT('Ctrl Pts',(66.8603844156421,-6.99859381949194,0.2));
#11609=CARTESIAN_POINT('Ctrl Pts',(66.7872933912371,-6.95573874826783,0.2));
#11610=CARTESIAN_POINT('Ctrl Pts',(66.7028022398575,-6.94951465834104,0.2));
#11611=CARTESIAN_POINT('Ctrl Pts',(66.6606738624033,-6.946411246854,0.2));
#11612=CARTESIAN_POINT('Ctrl Pts',(67.1313425359186,-7.32499193628423,0.));
#11613=CARTESIAN_POINT('Ctrl Pts',(67.1313425359186,-7.32499193628423,0.2));
#11614=CARTESIAN_POINT('Ctrl Pts',(67.0944145086448,-7.25805039144074,0.));
#11615=CARTESIAN_POINT('Ctrl Pts',(67.0944145086448,-7.25805039144074,0.2));
#11616=CARTESIAN_POINT('Ctrl Pts',(67.0316044994352,-7.14419109923024,0.));
#11617=CARTESIAN_POINT('Ctrl Pts',(67.0316044994352,-7.14419109923024,0.2));
#11618=CARTESIAN_POINT('Ctrl Pts',(66.936302285817,-7.05629850646592,0.));
#11619=CARTESIAN_POINT('Ctrl Pts',(66.936302285817,-7.05629850646592,0.2));
#11620=CARTESIAN_POINT('Ctrl Pts',(66.8970313128885,-7.02008079965704,0.));
#11621=CARTESIAN_POINT('Ctrl Pts',(66.8970313128885,-7.02008079965704,0.2));
#11622=CARTESIAN_POINT('',(67.1313425359186,-7.32499193628423,0.));
#11623=CARTESIAN_POINT('Ctrl Pts',(67.1313425359186,-7.32499193628423,0.));
#11624=CARTESIAN_POINT('Ctrl Pts',(67.0944145086448,-7.25805039144074,0.));
#11625=CARTESIAN_POINT('Ctrl Pts',(67.0316044994352,-7.14419109923024,0.));
#11626=CARTESIAN_POINT('Ctrl Pts',(66.936302285817,-7.05629850646592,0.));
#11627=CARTESIAN_POINT('Ctrl Pts',(66.8970313128885,-7.02008079965704,0.));
#11628=CARTESIAN_POINT('',(67.1313425359186,-7.32499193628423,0.2));
#11629=CARTESIAN_POINT('',(67.1313425359186,-7.32499193628423,0.));
#11630=CARTESIAN_POINT('Ctrl Pts',(67.1313425359186,-7.32499193628423,0.2));
#11631=CARTESIAN_POINT('Ctrl Pts',(67.0944145086448,-7.25805039144074,0.2));
#11632=CARTESIAN_POINT('Ctrl Pts',(67.0316044994352,-7.14419109923024,0.2));
#11633=CARTESIAN_POINT('Ctrl Pts',(66.936302285817,-7.05629850646592,0.2));
#11634=CARTESIAN_POINT('Ctrl Pts',(66.8970313128885,-7.02008079965704,0.2));
#11635=CARTESIAN_POINT('Origin',(67.1313425359186,-6.99552428205602,0.));
#11636=CARTESIAN_POINT('',(67.1313425359186,-6.99552428205602,0.));
#11637=CARTESIAN_POINT('',(67.1313425359186,-22.717762141028,0.));
#11638=CARTESIAN_POINT('',(67.1313425359186,-6.99552428205602,0.2));
#11639=CARTESIAN_POINT('',(67.1313425359186,-6.99552428205602,0.));
#11640=CARTESIAN_POINT('',(67.1313425359186,-6.99552428205602,0.2));
#11641=CARTESIAN_POINT('Origin',(67.4628570136484,-6.99552428205602,0.));
#11642=CARTESIAN_POINT('',(67.4628570136484,-6.99552428205602,0.));
#11643=CARTESIAN_POINT('',(54.2439285068242,-6.99552428205602,0.));
#11644=CARTESIAN_POINT('',(67.4628570136484,-6.99552428205602,0.2));
#11645=CARTESIAN_POINT('',(67.4628570136484,-6.99552428205602,0.));
#11646=CARTESIAN_POINT('',(67.4628570136484,-6.99552428205602,0.2));
#11647=CARTESIAN_POINT('Origin',(67.4628570136484,-9.16878473241918,0.));
#11648=CARTESIAN_POINT('',(67.4628570136484,-9.16878473241918,0.));
#11649=CARTESIAN_POINT('',(67.4628570136484,-23.8043923662096,0.));
#11650=CARTESIAN_POINT('',(67.4628570136484,-9.16878473241918,0.2));
#11651=CARTESIAN_POINT('',(67.4628570136484,-9.16878473241918,0.));
#11652=CARTESIAN_POINT('',(67.4628570136484,-9.16878473241918,0.2));
#11653=CARTESIAN_POINT('Origin',(67.0945074614938,-9.16878473241918,0.));
#11654=CARTESIAN_POINT('',(54.0597537307469,-9.16878473241918,0.));
#11655=CARTESIAN_POINT('',(67.0945074614938,-9.16878473241918,0.2));
#11656=CARTESIAN_POINT('Origin',(66.0979183596429,-5.35227682669752,0.2));
#11657=CARTESIAN_POINT('Ctrl Pts',(68.6825021562036,-8.91503285844915,0.));
#11658=CARTESIAN_POINT('Ctrl Pts',(68.6825021562036,-8.91503285844915,0.2));
#11659=CARTESIAN_POINT('Ctrl Pts',(68.6138672809121,-8.91010675515295,0.));
#11660=CARTESIAN_POINT('Ctrl Pts',(68.6138672809121,-8.91010675515295,0.2));
#11661=CARTESIAN_POINT('Ctrl Pts',(68.480167664726,-8.90051078638055,0.));
#11662=CARTESIAN_POINT('Ctrl Pts',(68.480167664726,-8.90051078638055,0.2));
#11663=CARTESIAN_POINT('Ctrl Pts',(68.3726270002474,-8.82080611412055,0.));
#11664=CARTESIAN_POINT('Ctrl Pts',(68.3726270002474,-8.82080611412055,0.2));
#11665=CARTESIAN_POINT('Ctrl Pts',(68.3202924785074,-8.78201794107549,0.));
#11666=CARTESIAN_POINT('Ctrl Pts',(68.3202924785074,-8.78201794107549,0.2));
#11667=CARTESIAN_POINT('',(68.6825021562036,-8.91503285844915,0.));
#11668=CARTESIAN_POINT('',(68.3202924785074,-8.78201794107549,0.));
#11669=CARTESIAN_POINT('Ctrl Pts',(68.6825021562036,-8.91503285844915,0.));
#11670=CARTESIAN_POINT('Ctrl Pts',(68.6138672809121,-8.91010675515295,0.));
#11671=CARTESIAN_POINT('Ctrl Pts',(68.480167664726,-8.90051078638055,0.));
#11672=CARTESIAN_POINT('Ctrl Pts',(68.3726270002474,-8.82080611412055,0.));
#11673=CARTESIAN_POINT('Ctrl Pts',(68.3202924785074,-8.78201794107549,0.));
#11674=CARTESIAN_POINT('',(68.6825021562036,-8.91503285844915,0.2));
#11675=CARTESIAN_POINT('',(68.6825021562036,-8.91503285844915,0.));
#11676=CARTESIAN_POINT('',(68.3202924785074,-8.78201794107549,0.2));
#11677=CARTESIAN_POINT('Ctrl Pts',(68.6825021562036,-8.91503285844915,0.2));
#11678=CARTESIAN_POINT('Ctrl Pts',(68.6138672809121,-8.91010675515295,0.2));
#11679=CARTESIAN_POINT('Ctrl Pts',(68.480167664726,-8.90051078638055,0.2));
#11680=CARTESIAN_POINT('Ctrl Pts',(68.3726270002474,-8.82080611412055,0.2));
#11681=CARTESIAN_POINT('Ctrl Pts',(68.3202924785074,-8.78201794107549,0.2));
#11682=CARTESIAN_POINT('',(68.3202924785074,-8.78201794107549,0.));
#11683=CARTESIAN_POINT('Ctrl Pts',(69.1204288062509,-8.71653389413946,0.));
#11684=CARTESIAN_POINT('Ctrl Pts',(69.1204288062509,-8.71653389413946,0.2));
#11685=CARTESIAN_POINT('Ctrl Pts',(69.0597412678479,-8.77442755939652,0.));
#11686=CARTESIAN_POINT('Ctrl Pts',(69.0597412678479,-8.77442755939652,0.2));
#11687=CARTESIAN_POINT('Ctrl Pts',(68.9370044211916,-8.89151396794119,0.));
#11688=CARTESIAN_POINT('Ctrl Pts',(68.9370044211916,-8.89151396794119,0.2));
#11689=CARTESIAN_POINT('Ctrl Pts',(68.7679614239671,-8.90713545462245,0.));
#11690=CARTESIAN_POINT('Ctrl Pts',(68.7679614239671,-8.90713545462245,0.2));
#11691=CARTESIAN_POINT('Ctrl Pts',(68.6825021562036,-8.91503285844915,0.));
#11692=CARTESIAN_POINT('Ctrl Pts',(68.6825021562036,-8.91503285844915,0.2));
#11693=CARTESIAN_POINT('',(69.1204288062509,-8.71653389413946,0.));
#11694=CARTESIAN_POINT('Ctrl Pts',(69.1204288062509,-8.71653389413946,0.));
#11695=CARTESIAN_POINT('Ctrl Pts',(69.0597412678479,-8.77442755939652,0.));
#11696=CARTESIAN_POINT('Ctrl Pts',(68.9370044211916,-8.89151396794119,0.));
#11697=CARTESIAN_POINT('Ctrl Pts',(68.7679614239671,-8.90713545462245,0.));
#11698=CARTESIAN_POINT('Ctrl Pts',(68.6825021562036,-8.91503285844915,0.));
#11699=CARTESIAN_POINT('',(69.1204288062509,-8.71653389413946,0.2));
#11700=CARTESIAN_POINT('',(69.1204288062509,-8.71653389413946,0.));
#11701=CARTESIAN_POINT('Ctrl Pts',(69.1204288062509,-8.71653389413946,0.2));
#11702=CARTESIAN_POINT('Ctrl Pts',(69.0597412678479,-8.77442755939652,0.2));
#11703=CARTESIAN_POINT('Ctrl Pts',(68.9370044211916,-8.89151396794119,0.2));
#11704=CARTESIAN_POINT('Ctrl Pts',(68.7679614239671,-8.90713545462245,0.2));
#11705=CARTESIAN_POINT('Ctrl Pts',(68.6825021562036,-8.91503285844915,0.2));
#11706=CARTESIAN_POINT('Ctrl Pts',(69.2882319745477,-8.08010827978246,0.));
#11707=CARTESIAN_POINT('Ctrl Pts',(69.2882319745477,-8.08010827978246,0.2));
#11708=CARTESIAN_POINT('Ctrl Pts',(69.2860813912033,-8.20955835291667,0.));
#11709=CARTESIAN_POINT('Ctrl Pts',(69.2860813912033,-8.20955835291667,0.2));
#11710=CARTESIAN_POINT('Ctrl Pts',(69.2823060698109,-8.43680629083206,0.));
#11711=CARTESIAN_POINT('Ctrl Pts',(69.2823060698109,-8.43680629083206,0.2));
#11712=CARTESIAN_POINT('Ctrl Pts',(69.1691334829502,-8.63237110201333,0.));
#11713=CARTESIAN_POINT('Ctrl Pts',(69.1691334829502,-8.63237110201333,0.2));
#11714=CARTESIAN_POINT('Ctrl Pts',(69.1204288062509,-8.71653389413946,0.));
#11715=CARTESIAN_POINT('Ctrl Pts',(69.1204288062509,-8.71653389413946,0.2));
#11716=CARTESIAN_POINT('',(69.2882319745477,-8.08010827978246,0.));
#11717=CARTESIAN_POINT('Ctrl Pts',(69.2882319745477,-8.08010827978246,0.));
#11718=CARTESIAN_POINT('Ctrl Pts',(69.2860813912033,-8.20955835291667,0.));
#11719=CARTESIAN_POINT('Ctrl Pts',(69.2823060698109,-8.43680629083206,0.));
#11720=CARTESIAN_POINT('Ctrl Pts',(69.1691334829502,-8.63237110201333,0.));
#11721=CARTESIAN_POINT('Ctrl Pts',(69.1204288062509,-8.71653389413946,0.));
#11722=CARTESIAN_POINT('',(69.2882319745477,-8.08010827978246,0.2));
#11723=CARTESIAN_POINT('',(69.2882319745477,-8.08010827978246,0.));
#11724=CARTESIAN_POINT('Ctrl Pts',(69.2882319745477,-8.08010827978246,0.2));
#11725=CARTESIAN_POINT('Ctrl Pts',(69.2860813912033,-8.20955835291667,0.2));
#11726=CARTESIAN_POINT('Ctrl Pts',(69.2823060698109,-8.43680629083206,0.2));
#11727=CARTESIAN_POINT('Ctrl Pts',(69.1691334829502,-8.63237110201333,0.2));
#11728=CARTESIAN_POINT('Ctrl Pts',(69.1204288062509,-8.71653389413946,0.2));
#11729=CARTESIAN_POINT('Ctrl Pts',(69.1142895278391,-7.44879853208654,0.));
#11730=CARTESIAN_POINT('Ctrl Pts',(69.1142895278391,-7.44879853208654,0.2));
#11731=CARTESIAN_POINT('Ctrl Pts',(69.164800875122,-7.53254707809055,0.));
#11732=CARTESIAN_POINT('Ctrl Pts',(69.164800875122,-7.53254707809055,0.2));
#11733=CARTESIAN_POINT('Ctrl Pts',(69.2811309990251,-7.72542410983506,0.));
#11734=CARTESIAN_POINT('Ctrl Pts',(69.2811309990251,-7.72542410983506,0.2));
#11735=CARTESIAN_POINT('Ctrl Pts',(69.2856660654461,-7.95194457368591,0.));
#11736=CARTESIAN_POINT('Ctrl Pts',(69.2856660654461,-7.95194457368591,0.2));
#11737=CARTESIAN_POINT('Ctrl Pts',(69.2882319745477,-8.08010827978246,0.));
#11738=CARTESIAN_POINT('Ctrl Pts',(69.2882319745477,-8.08010827978246,0.2));
#11739=CARTESIAN_POINT('',(69.1142895278391,-7.44879853208654,0.));
#11740=CARTESIAN_POINT('Ctrl Pts',(69.1142895278391,-7.44879853208654,0.));
#11741=CARTESIAN_POINT('Ctrl Pts',(69.164800875122,-7.53254707809055,0.));
#11742=CARTESIAN_POINT('Ctrl Pts',(69.2811309990251,-7.72542410983506,0.));
#11743=CARTESIAN_POINT('Ctrl Pts',(69.2856660654461,-7.95194457368591,0.));
#11744=CARTESIAN_POINT('Ctrl Pts',(69.2882319745477,-8.08010827978246,0.));
#11745=CARTESIAN_POINT('',(69.1142895278391,-7.44879853208654,0.2));
#11746=CARTESIAN_POINT('',(69.1142895278391,-7.44879853208654,0.));
#11747=CARTESIAN_POINT('Ctrl Pts',(69.1142895278391,-7.44879853208654,0.2));
#11748=CARTESIAN_POINT('Ctrl Pts',(69.164800875122,-7.53254707809055,0.2));
#11749=CARTESIAN_POINT('Ctrl Pts',(69.2811309990251,-7.72542410983506,0.2));
#11750=CARTESIAN_POINT('Ctrl Pts',(69.2856660654461,-7.95194457368591,0.2));
#11751=CARTESIAN_POINT('Ctrl Pts',(69.2882319745477,-8.08010827978246,0.2));
#11752=CARTESIAN_POINT('Ctrl Pts',(68.6620380935129,-7.24927555997961,0.));
#11753=CARTESIAN_POINT('Ctrl Pts',(68.6620380935129,-7.24927555997961,0.2));
#11754=CARTESIAN_POINT('Ctrl Pts',(68.7500281462489,-7.25710038193982,0.));
#11755=CARTESIAN_POINT('Ctrl Pts',(68.7500281462489,-7.25710038193982,0.2));
#11756=CARTESIAN_POINT('Ctrl Pts',(68.9235136298636,-7.27252818292136,0.));
#11757=CARTESIAN_POINT('Ctrl Pts',(68.9235136298636,-7.27252818292136,0.2));
#11758=CARTESIAN_POINT('Ctrl Pts',(69.0513101085619,-7.39060772106678,0.));
#11759=CARTESIAN_POINT('Ctrl Pts',(69.0513101085619,-7.39060772106678,0.2));
#11760=CARTESIAN_POINT('Ctrl Pts',(69.1142895278391,-7.44879853208654,0.));
#11761=CARTESIAN_POINT('Ctrl Pts',(69.1142895278391,-7.44879853208654,0.2));
#11762=CARTESIAN_POINT('',(68.6620380935129,-7.24927555997961,0.));
#11763=CARTESIAN_POINT('Ctrl Pts',(68.6620380935129,-7.24927555997961,0.));
#11764=CARTESIAN_POINT('Ctrl Pts',(68.7500281462489,-7.25710038193982,0.));
#11765=CARTESIAN_POINT('Ctrl Pts',(68.9235136298636,-7.27252818292136,0.));
#11766=CARTESIAN_POINT('Ctrl Pts',(69.0513101085619,-7.39060772106678,0.));
#11767=CARTESIAN_POINT('Ctrl Pts',(69.1142895278391,-7.44879853208654,0.));
#11768=CARTESIAN_POINT('',(68.6620380935129,-7.24927555997961,0.2));
#11769=CARTESIAN_POINT('',(68.6620380935129,-7.24927555997961,0.));
#11770=CARTESIAN_POINT('Ctrl Pts',(68.6620380935129,-7.24927555997961,0.2));
#11771=CARTESIAN_POINT('Ctrl Pts',(68.7500281462489,-7.25710038193982,0.2));
#11772=CARTESIAN_POINT('Ctrl Pts',(68.9235136298636,-7.27252818292136,0.2));
#11773=CARTESIAN_POINT('Ctrl Pts',(69.0513101085619,-7.39060772106678,0.2));
#11774=CARTESIAN_POINT('Ctrl Pts',(69.1142895278391,-7.44879853208654,0.2));
#11775=CARTESIAN_POINT('Ctrl Pts',(68.3479180392679,-7.35978018720739,0.));
#11776=CARTESIAN_POINT('Ctrl Pts',(68.3479180392679,-7.35978018720739,0.2));
#11777=CARTESIAN_POINT('Ctrl Pts',(68.3941139884786,-7.32755366299913,0.));
#11778=CARTESIAN_POINT('Ctrl Pts',(68.3941139884786,-7.32755366299913,0.2));
#11779=CARTESIAN_POINT('Ctrl Pts',(68.4884914733094,-7.26171545961592,0.));
#11780=CARTESIAN_POINT('Ctrl Pts',(68.4884914733094,-7.26171545961592,0.2));
#11781=CARTESIAN_POINT('Ctrl Pts',(68.6033834911129,-7.25347994820802,0.));
#11782=CARTESIAN_POINT('Ctrl Pts',(68.6033834911129,-7.25347994820802,0.2));
#11783=CARTESIAN_POINT('Ctrl Pts',(68.6620380935129,-7.24927555997961,0.));
#11784=CARTESIAN_POINT('Ctrl Pts',(68.6620380935129,-7.24927555997961,0.2));
#11785=CARTESIAN_POINT('',(68.3479180392679,-7.35978018720739,0.));
#11786=CARTESIAN_POINT('Ctrl Pts',(68.3479180392679,-7.35978018720739,0.));
#11787=CARTESIAN_POINT('Ctrl Pts',(68.3941139884786,-7.32755366299913,0.));
#11788=CARTESIAN_POINT('Ctrl Pts',(68.4884914733094,-7.26171545961592,0.));
#11789=CARTESIAN_POINT('Ctrl Pts',(68.6033834911129,-7.25347994820802,0.));
#11790=CARTESIAN_POINT('Ctrl Pts',(68.6620380935129,-7.24927555997961,0.));
#11791=CARTESIAN_POINT('',(68.3479180392679,-7.35978018720739,0.2));
#11792=CARTESIAN_POINT('',(68.3479180392679,-7.35978018720739,0.));
#11793=CARTESIAN_POINT('Ctrl Pts',(68.3479180392679,-7.35978018720739,0.2));
#11794=CARTESIAN_POINT('Ctrl Pts',(68.3941139884786,-7.32755366299913,0.2));
#11795=CARTESIAN_POINT('Ctrl Pts',(68.4884914733094,-7.26171545961592,0.2));
#11796=CARTESIAN_POINT('Ctrl Pts',(68.6033834911129,-7.25347994820802,0.2));
#11797=CARTESIAN_POINT('Ctrl Pts',(68.6620380935129,-7.24927555997961,0.2));
#11798=CARTESIAN_POINT('Ctrl Pts',(68.166813498443,-7.68924843748205,0.));
#11799=CARTESIAN_POINT('Ctrl Pts',(68.166813498443,-7.68924843748205,0.2));
#11800=CARTESIAN_POINT('Ctrl Pts',(68.1853295168497,-7.62241394302445,0.));
#11801=CARTESIAN_POINT('Ctrl Pts',(68.1853295168497,-7.62241394302445,0.2));
#11802=CARTESIAN_POINT('Ctrl Pts',(68.2198102752771,-7.49795392103773,0.));
#11803=CARTESIAN_POINT('Ctrl Pts',(68.2198102752771,-7.49795392103773,0.2));
#11804=CARTESIAN_POINT('Ctrl Pts',(68.3073751323751,-7.40350872208462,0.));
#11805=CARTESIAN_POINT('Ctrl Pts',(68.3073751323751,-7.40350872208462,0.2));
#11806=CARTESIAN_POINT('Ctrl Pts',(68.3479180392679,-7.35978018720739,0.));
#11807=CARTESIAN_POINT('Ctrl Pts',(68.3479180392679,-7.35978018720739,0.2));
#11808=CARTESIAN_POINT('',(68.166813498443,-7.68924843748205,0.));
#11809=CARTESIAN_POINT('Ctrl Pts',(68.166813498443,-7.68924843748205,0.));
#11810=CARTESIAN_POINT('Ctrl Pts',(68.1853295168497,-7.62241394302445,0.));
#11811=CARTESIAN_POINT('Ctrl Pts',(68.2198102752771,-7.49795392103773,0.));
#11812=CARTESIAN_POINT('Ctrl Pts',(68.3073751323751,-7.40350872208462,0.));
#11813=CARTESIAN_POINT('Ctrl Pts',(68.3479180392679,-7.35978018720739,0.));
#11814=CARTESIAN_POINT('',(68.166813498443,-7.68924843748205,0.2));
#11815=CARTESIAN_POINT('',(68.166813498443,-7.68924843748205,0.));
#11816=CARTESIAN_POINT('Ctrl Pts',(68.166813498443,-7.68924843748205,0.2));
#11817=CARTESIAN_POINT('Ctrl Pts',(68.1853295168497,-7.62241394302445,0.2));
#11818=CARTESIAN_POINT('Ctrl Pts',(68.2198102752771,-7.49795392103773,0.2));
#11819=CARTESIAN_POINT('Ctrl Pts',(68.3073751323751,-7.40350872208462,0.2));
#11820=CARTESIAN_POINT('Ctrl Pts',(68.3479180392679,-7.35978018720739,0.2));
#11821=CARTESIAN_POINT('Origin',(67.8086962756571,-7.63399612386816,0.));
#11822=CARTESIAN_POINT('',(67.8086962756571,-7.63399612386816,0.));
#11823=CARTESIAN_POINT('',(57.0494228887948,-5.97399568377808,0.));
#11824=CARTESIAN_POINT('',(67.8086962756571,-7.63399612386816,0.2));
#11825=CARTESIAN_POINT('',(67.8086962756571,-7.63399612386816,0.));
#11826=CARTESIAN_POINT('',(67.8086962756571,-7.63399612386816,0.2));
#11827=CARTESIAN_POINT('Ctrl Pts',(68.0972364005502,-7.12546956022375,0.));
#11828=CARTESIAN_POINT('Ctrl Pts',(68.0972364005502,-7.12546956022375,0.2));
#11829=CARTESIAN_POINT('Ctrl Pts',(68.0285511465455,-7.19357450046522,0.));
#11830=CARTESIAN_POINT('Ctrl Pts',(68.0285511465455,-7.19357450046522,0.2));
#11831=CARTESIAN_POINT('Ctrl Pts',(67.8851253969672,-7.33578846248151,0.));
#11832=CARTESIAN_POINT('Ctrl Pts',(67.8851253969672,-7.33578846248151,0.2));
#11833=CARTESIAN_POINT('Ctrl Pts',(67.8348797505525,-7.53183463513582,0.));
#11834=CARTESIAN_POINT('Ctrl Pts',(67.8348797505525,-7.53183463513582,0.2));
#11835=CARTESIAN_POINT('Ctrl Pts',(67.8086962756571,-7.63399612386816,0.));
#11836=CARTESIAN_POINT('Ctrl Pts',(67.8086962756571,-7.63399612386816,0.2));
#11837=CARTESIAN_POINT('',(68.0972364005502,-7.12546956022375,0.));
#11838=CARTESIAN_POINT('Ctrl Pts',(68.0972364005502,-7.12546956022375,0.));
#11839=CARTESIAN_POINT('Ctrl Pts',(68.0285511465455,-7.19357450046522,0.));
#11840=CARTESIAN_POINT('Ctrl Pts',(67.8851253969672,-7.33578846248151,0.));
#11841=CARTESIAN_POINT('Ctrl Pts',(67.8348797505525,-7.53183463513582,0.));
#11842=CARTESIAN_POINT('Ctrl Pts',(67.8086962756571,-7.63399612386816,0.));
#11843=CARTESIAN_POINT('',(68.0972364005502,-7.12546956022375,0.2));
#11844=CARTESIAN_POINT('',(68.0972364005502,-7.12546956022375,0.));
#11845=CARTESIAN_POINT('Ctrl Pts',(68.0972364005502,-7.12546956022375,0.2));
#11846=CARTESIAN_POINT('Ctrl Pts',(68.0285511465455,-7.19357450046522,0.2));
#11847=CARTESIAN_POINT('Ctrl Pts',(67.8851253969672,-7.33578846248151,0.2));
#11848=CARTESIAN_POINT('Ctrl Pts',(67.8348797505525,-7.53183463513582,0.2));
#11849=CARTESIAN_POINT('Ctrl Pts',(67.8086962756571,-7.63399612386816,0.2));
#11850=CARTESIAN_POINT('Ctrl Pts',(68.6763628777918,-6.94641065080755,0.));
#11851=CARTESIAN_POINT('Ctrl Pts',(68.6763628777918,-6.94641065080755,0.2));
#11852=CARTESIAN_POINT('Ctrl Pts',(68.5661260714263,-6.95204141797729,0.));
#11853=CARTESIAN_POINT('Ctrl Pts',(68.5661260714263,-6.95204141797729,0.2));
#11854=CARTESIAN_POINT('Ctrl Pts',(68.3574011525294,-6.9627028427734,0.));
#11855=CARTESIAN_POINT('Ctrl Pts',(68.3574011525294,-6.9627028427734,0.2));
#11856=CARTESIAN_POINT('Ctrl Pts',(68.1806415062858,-7.07328887403969,0.));
#11857=CARTESIAN_POINT('Ctrl Pts',(68.1806415062858,-7.07328887403969,0.2));
#11858=CARTESIAN_POINT('Ctrl Pts',(68.0972364005502,-7.12546956022375,0.));
#11859=CARTESIAN_POINT('Ctrl Pts',(68.0972364005502,-7.12546956022375,0.2));
#11860=CARTESIAN_POINT('',(68.6763628777918,-6.94641065080755,0.));
#11861=CARTESIAN_POINT('Ctrl Pts',(68.6763628777918,-6.94641065080755,0.));
#11862=CARTESIAN_POINT('Ctrl Pts',(68.5661260714263,-6.95204141797729,0.));
#11863=CARTESIAN_POINT('Ctrl Pts',(68.3574011525294,-6.9627028427734,0.));
#11864=CARTESIAN_POINT('Ctrl Pts',(68.1806415062858,-7.07328887403969,0.));
#11865=CARTESIAN_POINT('Ctrl Pts',(68.0972364005502,-7.12546956022375,0.));
#11866=CARTESIAN_POINT('',(68.6763628777918,-6.94641065080755,0.2));
#11867=CARTESIAN_POINT('',(68.6763628777918,-6.94641065080755,0.));
#11868=CARTESIAN_POINT('Ctrl Pts',(68.6763628777918,-6.94641065080755,0.2));
#11869=CARTESIAN_POINT('Ctrl Pts',(68.5661260714263,-6.95204141797729,0.2));
#11870=CARTESIAN_POINT('Ctrl Pts',(68.3574011525294,-6.9627028427734,0.2));
#11871=CARTESIAN_POINT('Ctrl Pts',(68.1806415062858,-7.07328887403969,0.2));
#11872=CARTESIAN_POINT('Ctrl Pts',(68.0972364005502,-7.12546956022375,0.2));
#11873=CARTESIAN_POINT('Ctrl Pts',(69.1951217708048,-7.07840275247686,0.));
#11874=CARTESIAN_POINT('Ctrl Pts',(69.1951217708048,-7.07840275247686,0.2));
#11875=CARTESIAN_POINT('Ctrl Pts',(69.1135626621709,-7.03990581044312,0.));
#11876=CARTESIAN_POINT('Ctrl Pts',(69.1135626621709,-7.03990581044312,0.2));
#11877=CARTESIAN_POINT('Ctrl Pts',(68.9492200589941,-6.96233400057238,0.));
#11878=CARTESIAN_POINT('Ctrl Pts',(68.9492200589941,-6.96233400057238,0.2));
#11879=CARTESIAN_POINT('Ctrl Pts',(68.7677658950347,-6.95174473146728,0.));
#11880=CARTESIAN_POINT('Ctrl Pts',(68.7677658950347,-6.95174473146728,0.2));
#11881=CARTESIAN_POINT('Ctrl Pts',(68.6763628777918,-6.94641065080755,0.));
#11882=CARTESIAN_POINT('Ctrl Pts',(68.6763628777918,-6.94641065080755,0.2));
#11883=CARTESIAN_POINT('',(69.1951217708048,-7.07840275247686,0.));
#11884=CARTESIAN_POINT('Ctrl Pts',(69.1951217708048,-7.07840275247686,0.));
#11885=CARTESIAN_POINT('Ctrl Pts',(69.1135626621709,-7.03990581044312,0.));
#11886=CARTESIAN_POINT('Ctrl Pts',(68.9492200589941,-6.96233400057238,0.));
#11887=CARTESIAN_POINT('Ctrl Pts',(68.7677658950347,-6.95174473146728,0.));
#11888=CARTESIAN_POINT('Ctrl Pts',(68.6763628777918,-6.94641065080755,0.));
#11889=CARTESIAN_POINT('',(69.1951217708048,-7.07840275247686,0.2));
#11890=CARTESIAN_POINT('',(69.1951217708048,-7.07840275247686,0.));
#11891=CARTESIAN_POINT('Ctrl Pts',(69.1951217708048,-7.07840275247686,0.2));
#11892=CARTESIAN_POINT('Ctrl Pts',(69.1135626621709,-7.03990581044312,0.2));
#11893=CARTESIAN_POINT('Ctrl Pts',(68.9492200589941,-6.96233400057238,0.2));
#11894=CARTESIAN_POINT('Ctrl Pts',(68.7677658950347,-6.95174473146728,0.2));
#11895=CARTESIAN_POINT('Ctrl Pts',(68.6763628777918,-6.94641065080755,0.2));
#11896=CARTESIAN_POINT('Ctrl Pts',(69.5501693543848,-7.47437846143835,0.));
#11897=CARTESIAN_POINT('Ctrl Pts',(69.5501693543848,-7.47437846143835,0.2));
#11898=CARTESIAN_POINT('Ctrl Pts',(69.5068488233145,-7.39223867681038,0.));
#11899=CARTESIAN_POINT('Ctrl Pts',(69.5068488233145,-7.39223867681038,0.2));
#11900=CARTESIAN_POINT('Ctrl Pts',(69.4215329587491,-7.23047180628499,0.));
#11901=CARTESIAN_POINT('Ctrl Pts',(69.4215329587491,-7.23047180628499,0.2));
#11902=CARTESIAN_POINT('Ctrl Pts',(69.2698065863558,-7.12856480205489,0.));
#11903=CARTESIAN_POINT('Ctrl Pts',(69.2698065863558,-7.12856480205489,0.2));
#11904=CARTESIAN_POINT('Ctrl Pts',(69.1951217708048,-7.07840275247686,0.));
#11905=CARTESIAN_POINT('Ctrl Pts',(69.1951217708048,-7.07840275247686,0.2));
#11906=CARTESIAN_POINT('',(69.5501693543848,-7.47437846143835,0.));
#11907=CARTESIAN_POINT('Ctrl Pts',(69.5501693543848,-7.47437846143835,0.));
#11908=CARTESIAN_POINT('Ctrl Pts',(69.5068488233145,-7.39223867681038,0.));
#11909=CARTESIAN_POINT('Ctrl Pts',(69.4215329587491,-7.23047180628499,0.));
#11910=CARTESIAN_POINT('Ctrl Pts',(69.2698065863558,-7.12856480205489,0.));
#11911=CARTESIAN_POINT('Ctrl Pts',(69.1951217708048,-7.07840275247686,0.));
#11912=CARTESIAN_POINT('',(69.5501693543848,-7.47437846143835,0.2));
#11913=CARTESIAN_POINT('',(69.5501693543848,-7.47437846143835,0.));
#11914=CARTESIAN_POINT('Ctrl Pts',(69.5501693543848,-7.47437846143835,0.2));
#11915=CARTESIAN_POINT('Ctrl Pts',(69.5068488233145,-7.39223867681038,0.2));
#11916=CARTESIAN_POINT('Ctrl Pts',(69.4215329587491,-7.23047180628499,0.2));
#11917=CARTESIAN_POINT('Ctrl Pts',(69.2698065863558,-7.12856480205489,0.2));
#11918=CARTESIAN_POINT('Ctrl Pts',(69.1951217708048,-7.07840275247686,0.2));
#11919=CARTESIAN_POINT('Ctrl Pts',(69.6668132600244,-8.09034001310461,0.));
#11920=CARTESIAN_POINT('Ctrl Pts',(69.6668132600244,-8.09034001310461,0.2));
#11921=CARTESIAN_POINT('Ctrl Pts',(69.6630264895715,-7.97919024096544,0.));
#11922=CARTESIAN_POINT('Ctrl Pts',(69.6630264895715,-7.97919024096544,0.2));
#11923=CARTESIAN_POINT('Ctrl Pts',(69.6558210599715,-7.76769554696093,0.));
#11924=CARTESIAN_POINT('Ctrl Pts',(69.6558210599715,-7.76769554696093,0.2));
#11925=CARTESIAN_POINT('Ctrl Pts',(69.5841663566978,-7.56876313397725,0.));
#11926=CARTESIAN_POINT('Ctrl Pts',(69.5841663566978,-7.56876313397725,0.2));
#11927=CARTESIAN_POINT('Ctrl Pts',(69.5501693543848,-7.47437846143835,0.));
#11928=CARTESIAN_POINT('Ctrl Pts',(69.5501693543848,-7.47437846143835,0.2));
#11929=CARTESIAN_POINT('',(69.6668132600244,-8.09034001310461,0.));
#11930=CARTESIAN_POINT('Ctrl Pts',(69.6668132600244,-8.09034001310461,0.));
#11931=CARTESIAN_POINT('Ctrl Pts',(69.6630264895715,-7.97919024096544,0.));
#11932=CARTESIAN_POINT('Ctrl Pts',(69.6558210599715,-7.76769554696093,0.));
#11933=CARTESIAN_POINT('Ctrl Pts',(69.5841663566978,-7.56876313397725,0.));
#11934=CARTESIAN_POINT('Ctrl Pts',(69.5501693543848,-7.47437846143835,0.));
#11935=CARTESIAN_POINT('',(69.6668132600244,-8.09034001310461,0.2));
#11936=CARTESIAN_POINT('',(69.6668132600244,-8.09034001310461,0.));
#11937=CARTESIAN_POINT('Ctrl Pts',(69.6668132600244,-8.09034001310461,0.2));
#11938=CARTESIAN_POINT('Ctrl Pts',(69.6630264895715,-7.97919024096544,0.2));
#11939=CARTESIAN_POINT('Ctrl Pts',(69.6558210599715,-7.76769554696093,0.2));
#11940=CARTESIAN_POINT('Ctrl Pts',(69.5841663566978,-7.56876313397725,0.2));
#11941=CARTESIAN_POINT('Ctrl Pts',(69.5501693543848,-7.47437846143835,0.2));
#11942=CARTESIAN_POINT('Ctrl Pts',(69.395667558616,-8.92628800352209,0.));
#11943=CARTESIAN_POINT('Ctrl Pts',(69.395667558616,-8.92628800352209,0.2));
#11944=CARTESIAN_POINT('Ctrl Pts',(69.4745977289474,-8.81184372257099,0.));
#11945=CARTESIAN_POINT('Ctrl Pts',(69.4745977289474,-8.81184372257099,0.2));
#11946=CARTESIAN_POINT('Ctrl Pts',(69.6473136348274,-8.56141543166171,0.));
#11947=CARTESIAN_POINT('Ctrl Pts',(69.6473136348274,-8.56141543166171,0.2));
#11948=CARTESIAN_POINT('Ctrl Pts',(69.6599510632957,-8.25611818389348,0.));
#11949=CARTESIAN_POINT('Ctrl Pts',(69.6599510632957,-8.25611818389348,0.2));
#11950=CARTESIAN_POINT('Ctrl Pts',(69.6668132600244,-8.09034001310461,0.));
#11951=CARTESIAN_POINT('Ctrl Pts',(69.6668132600244,-8.09034001310461,0.2));
#11952=CARTESIAN_POINT('',(69.395667558616,-8.92628800352209,0.));
#11953=CARTESIAN_POINT('Ctrl Pts',(69.395667558616,-8.92628800352209,0.));
#11954=CARTESIAN_POINT('Ctrl Pts',(69.4745977289474,-8.81184372257099,0.));
#11955=CARTESIAN_POINT('Ctrl Pts',(69.6473136348274,-8.56141543166171,0.));
#11956=CARTESIAN_POINT('Ctrl Pts',(69.6599510632957,-8.25611818389348,0.));
#11957=CARTESIAN_POINT('Ctrl Pts',(69.6668132600244,-8.09034001310461,0.));
#11958=CARTESIAN_POINT('',(69.395667558616,-8.92628800352209,0.2));
#11959=CARTESIAN_POINT('',(69.395667558616,-8.92628800352209,0.));
#11960=CARTESIAN_POINT('Ctrl Pts',(69.395667558616,-8.92628800352209,0.2));
#11961=CARTESIAN_POINT('Ctrl Pts',(69.4745977289474,-8.81184372257099,0.2));
#11962=CARTESIAN_POINT('Ctrl Pts',(69.6473136348274,-8.56141543166171,0.2));
#11963=CARTESIAN_POINT('Ctrl Pts',(69.6599510632957,-8.25611818389348,0.2));
#11964=CARTESIAN_POINT('Ctrl Pts',(69.6668132600244,-8.09034001310461,0.2));
#11965=CARTESIAN_POINT('Ctrl Pts',(68.6784097012933,-9.21789776762121,0.));
#11966=CARTESIAN_POINT('Ctrl Pts',(68.6784097012933,-9.21789776762121,0.2));
#11967=CARTESIAN_POINT('Ctrl Pts',(68.8182543626559,-9.20739176143303,0.));
#11968=CARTESIAN_POINT('Ctrl Pts',(68.8182543626559,-9.20739176143303,0.2));
#11969=CARTESIAN_POINT('Ctrl Pts',(69.089212138,-9.18703571754289,0.));
#11970=CARTESIAN_POINT('Ctrl Pts',(69.089212138,-9.18703571754289,0.2));
#11971=CARTESIAN_POINT('Ctrl Pts',(69.2957341250843,-9.01131640437489,0.));
#11972=CARTESIAN_POINT('Ctrl Pts',(69.2957341250843,-9.01131640437489,0.2));
#11973=CARTESIAN_POINT('Ctrl Pts',(69.395667558616,-8.92628800352209,0.));
#11974=CARTESIAN_POINT('Ctrl Pts',(69.395667558616,-8.92628800352209,0.2));
#11975=CARTESIAN_POINT('',(68.6784097012933,-9.21789776762121,0.));
#11976=CARTESIAN_POINT('Ctrl Pts',(68.6784097012933,-9.21789776762121,0.));
#11977=CARTESIAN_POINT('Ctrl Pts',(68.8182543626559,-9.20739176143303,0.));
#11978=CARTESIAN_POINT('Ctrl Pts',(69.089212138,-9.18703571754289,0.));
#11979=CARTESIAN_POINT('Ctrl Pts',(69.2957341250843,-9.01131640437489,0.));
#11980=CARTESIAN_POINT('Ctrl Pts',(69.395667558616,-8.92628800352209,0.));
#11981=CARTESIAN_POINT('',(68.6784097012933,-9.21789776762121,0.2));
#11982=CARTESIAN_POINT('',(68.6784097012933,-9.21789776762121,0.));
#11983=CARTESIAN_POINT('Ctrl Pts',(68.6784097012933,-9.21789776762121,0.2));
#11984=CARTESIAN_POINT('Ctrl Pts',(68.8182543626559,-9.20739176143303,0.2));
#11985=CARTESIAN_POINT('Ctrl Pts',(69.089212138,-9.18703571754289,0.2));
#11986=CARTESIAN_POINT('Ctrl Pts',(69.2957341250843,-9.01131640437489,0.2));
#11987=CARTESIAN_POINT('Ctrl Pts',(69.395667558616,-8.92628800352209,0.2));
#11988=CARTESIAN_POINT('Ctrl Pts',(68.0777957496103,-9.00609743078344,0.));
#11989=CARTESIAN_POINT('Ctrl Pts',(68.0777957496103,-9.00609743078344,0.2));
#11990=CARTESIAN_POINT('Ctrl Pts',(68.1654475090371,-9.06786042951579,0.));
#11991=CARTESIAN_POINT('Ctrl Pts',(68.1654475090371,-9.06786042951579,0.2));
#11992=CARTESIAN_POINT('Ctrl Pts',(68.3454979452405,-9.19473129823201,0.));
#11993=CARTESIAN_POINT('Ctrl Pts',(68.3454979452405,-9.19473129823201,0.2));
#11994=CARTESIAN_POINT('Ctrl Pts',(68.5655056605857,-9.21004106699284,0.));
#11995=CARTESIAN_POINT('Ctrl Pts',(68.5655056605857,-9.21004106699284,0.2));
#11996=CARTESIAN_POINT('Ctrl Pts',(68.6784097012933,-9.21789776762121,0.));
#11997=CARTESIAN_POINT('Ctrl Pts',(68.6784097012933,-9.21789776762121,0.2));
#11998=CARTESIAN_POINT('',(68.0777957496103,-9.00609743078344,0.));
#11999=CARTESIAN_POINT('Ctrl Pts',(68.0777957496103,-9.00609743078344,0.));
#12000=CARTESIAN_POINT('Ctrl Pts',(68.1654475090371,-9.06786042951579,0.));
#12001=CARTESIAN_POINT('Ctrl Pts',(68.3454979452405,-9.19473129823201,0.));
#12002=CARTESIAN_POINT('Ctrl Pts',(68.5655056605857,-9.21004106699284,0.));
#12003=CARTESIAN_POINT('Ctrl Pts',(68.6784097012933,-9.21789776762121,0.));
#12004=CARTESIAN_POINT('',(68.0777957496103,-9.00609743078344,0.2));
#12005=CARTESIAN_POINT('',(68.0777957496103,-9.00609743078344,0.));
#12006=CARTESIAN_POINT('Ctrl Pts',(68.0777957496103,-9.00609743078344,0.2));
#12007=CARTESIAN_POINT('Ctrl Pts',(68.1654475090371,-9.06786042951579,0.2));
#12008=CARTESIAN_POINT('Ctrl Pts',(68.3454979452405,-9.19473129823201,0.2));
#12009=CARTESIAN_POINT('Ctrl Pts',(68.5655056605857,-9.21004106699284,0.2));
#12010=CARTESIAN_POINT('Ctrl Pts',(68.6784097012933,-9.21789776762121,0.2));
#12011=CARTESIAN_POINT('Ctrl Pts',(67.7739074286875,-8.41980826337927,0.));
#12012=CARTESIAN_POINT('Ctrl Pts',(67.7739074286875,-8.41980826337927,0.2));
#12013=CARTESIAN_POINT('Ctrl Pts',(67.7995063893702,-8.53616105960578,0.));
#12014=CARTESIAN_POINT('Ctrl Pts',(67.7995063893702,-8.53616105960578,0.2));
#12015=CARTESIAN_POINT('Ctrl Pts',(67.8485744786319,-8.75918610589014,0.));
#12016=CARTESIAN_POINT('Ctrl Pts',(67.8485744786319,-8.75918610589014,0.2));
#12017=CARTESIAN_POINT('Ctrl Pts',(68.0036321182804,-8.92621025280733,0.));
#12018=CARTESIAN_POINT('Ctrl Pts',(68.0036321182804,-8.92621025280733,0.2));
#12019=CARTESIAN_POINT('Ctrl Pts',(68.0777957496103,-9.00609743078344,0.));
#12020=CARTESIAN_POINT('Ctrl Pts',(68.0777957496103,-9.00609743078344,0.2));
#12021=CARTESIAN_POINT('',(67.7739074286875,-8.41980826337927,0.));
#12022=CARTESIAN_POINT('Ctrl Pts',(67.7739074286875,-8.41980826337927,0.));
#12023=CARTESIAN_POINT('Ctrl Pts',(67.7995063893702,-8.53616105960578,0.));
#12024=CARTESIAN_POINT('Ctrl Pts',(67.8485744786319,-8.75918610589014,0.));
#12025=CARTESIAN_POINT('Ctrl Pts',(68.0036321182804,-8.92621025280733,0.));
#12026=CARTESIAN_POINT('Ctrl Pts',(68.0777957496103,-9.00609743078344,0.));
#12027=CARTESIAN_POINT('',(67.7739074286875,-8.41980826337927,0.2));
#12028=CARTESIAN_POINT('',(67.7739074286875,-8.41980826337927,0.));
#12029=CARTESIAN_POINT('Ctrl Pts',(67.7739074286875,-8.41980826337927,0.2));
#12030=CARTESIAN_POINT('Ctrl Pts',(67.7995063893702,-8.53616105960578,0.2));
#12031=CARTESIAN_POINT('Ctrl Pts',(67.8485744786319,-8.75918610589014,0.2));
#12032=CARTESIAN_POINT('Ctrl Pts',(68.0036321182804,-8.92621025280733,0.2));
#12033=CARTESIAN_POINT('Ctrl Pts',(68.0777957496103,-9.00609743078344,0.2));
#12034=CARTESIAN_POINT('Origin',(68.1361177024301,-8.37274085958593,0.));
#12035=CARTESIAN_POINT('',(68.1361177024301,-8.37274085958593,0.));
#12036=CARTESIAN_POINT('',(52.8845476518474,-10.3546056991324,0.));
#12037=CARTESIAN_POINT('',(68.1361177024301,-8.37274085958593,0.2));
#12038=CARTESIAN_POINT('',(68.1361177024301,-8.37274085958593,0.));
#12039=CARTESIAN_POINT('',(68.1361177024301,-8.37274085958593,0.2));
#12040=CARTESIAN_POINT('Ctrl Pts',(68.3202924785074,-8.78201794107549,0.));
#12041=CARTESIAN_POINT('Ctrl Pts',(68.3202924785074,-8.78201794107549,0.2));
#12042=CARTESIAN_POINT('Ctrl Pts',(68.2758621168889,-8.72802958883772,0.));
#12043=CARTESIAN_POINT('Ctrl Pts',(68.2758621168889,-8.72802958883772,0.2));
#12044=CARTESIAN_POINT('Ctrl Pts',(68.1777794459789,-8.60884708406799,0.));
#12045=CARTESIAN_POINT('Ctrl Pts',(68.1777794459789,-8.60884708406799,0.2));
#12046=CARTESIAN_POINT('Ctrl Pts',(68.1508489710376,-8.4562261848863,0.));
#12047=CARTESIAN_POINT('Ctrl Pts',(68.1508489710376,-8.4562261848863,0.2));
#12048=CARTESIAN_POINT('Ctrl Pts',(68.1361177024301,-8.37274085958593,0.));
#12049=CARTESIAN_POINT('Ctrl Pts',(68.1361177024301,-8.37274085958593,0.2));
#12050=CARTESIAN_POINT('Ctrl Pts',(68.3202924785074,-8.78201794107549,0.));
#12051=CARTESIAN_POINT('Ctrl Pts',(68.2758621168889,-8.72802958883772,0.));
#12052=CARTESIAN_POINT('Ctrl Pts',(68.1777794459789,-8.60884708406799,0.));
#12053=CARTESIAN_POINT('Ctrl Pts',(68.1508489710376,-8.4562261848863,0.));
#12054=CARTESIAN_POINT('Ctrl Pts',(68.1361177024301,-8.37274085958593,0.));
#12055=CARTESIAN_POINT('Ctrl Pts',(68.3202924785074,-8.78201794107549,0.2));
#12056=CARTESIAN_POINT('Ctrl Pts',(68.2758621168889,-8.72802958883772,0.2));
#12057=CARTESIAN_POINT('Ctrl Pts',(68.1777794459789,-8.60884708406799,0.2));
#12058=CARTESIAN_POINT('Ctrl Pts',(68.1508489710376,-8.4562261848863,0.2));
#12059=CARTESIAN_POINT('Ctrl Pts',(68.1361177024301,-8.37274085958593,0.2));
#12060=CARTESIAN_POINT('Origin',(66.0979183596429,-5.35227682669752,0.2));
#12061=CARTESIAN_POINT('Origin',(74.9587642607149,-6.61489617307775,0.));
#12062=CARTESIAN_POINT('',(74.9587642607149,-6.61489617307775,0.));
#12063=CARTESIAN_POINT('',(74.9587642607149,-9.16878473241918,0.));
#12064=CARTESIAN_POINT('',(74.9587642607149,-22.5274480865389,0.));
#12065=CARTESIAN_POINT('',(74.9587642607149,-6.61489617307775,0.2));
#12066=CARTESIAN_POINT('',(74.9587642607149,-6.61489617307775,0.));
#12067=CARTESIAN_POINT('',(74.9587642607149,-9.16878473241918,0.2));
#12068=CARTESIAN_POINT('',(74.9587642607149,-6.61489617307775,0.2));
#12069=CARTESIAN_POINT('',(74.9587642607149,-9.16878473241918,0.));
#12070=CARTESIAN_POINT('Origin',(74.091097360557,-9.16878473241918,0.));
#12071=CARTESIAN_POINT('',(74.091097360557,-9.16878473241918,0.));
#12072=CARTESIAN_POINT('',(67.9224305014836,-27.3256231630527,0.));
#12073=CARTESIAN_POINT('',(74.091097360557,-9.16878473241918,0.2));
#12074=CARTESIAN_POINT('',(74.091097360557,-9.16878473241918,0.));
#12075=CARTESIAN_POINT('',(74.091097360557,-9.16878473241918,0.2));
#12076=CARTESIAN_POINT('Origin',(73.7329798397478,-9.16878473241918,0.));
#12077=CARTESIAN_POINT('',(73.7329798397478,-9.16878473241918,0.));
#12078=CARTESIAN_POINT('',(57.3789899198739,-9.16878473241918,0.));
#12079=CARTESIAN_POINT('',(73.7329798397478,-9.16878473241918,0.2));
#12080=CARTESIAN_POINT('',(73.7329798397478,-9.16878473241918,0.));
#12081=CARTESIAN_POINT('',(73.7329798397478,-9.16878473241918,0.2));
#12082=CARTESIAN_POINT('Origin',(72.8612201866564,-6.65787052591436,0.));
#12083=CARTESIAN_POINT('',(72.8612201866564,-6.65787052591436,0.));
#12084=CARTESIAN_POINT('',(76.0725538324389,-15.9074191193003,0.));
#12085=CARTESIAN_POINT('',(72.8612201866564,-6.65787052591436,0.2));
#12086=CARTESIAN_POINT('',(72.8612201866564,-6.65787052591436,0.));
#12087=CARTESIAN_POINT('',(72.8612201866564,-6.65787052591436,0.2));
#12088=CARTESIAN_POINT('Origin',(72.8612201866564,-9.16878473241918,0.));
#12089=CARTESIAN_POINT('',(72.8612201866564,-9.16878473241918,0.));
#12090=CARTESIAN_POINT('',(72.8612201866564,-23.8043923662096,0.));
#12091=CARTESIAN_POINT('',(72.8612201866564,-9.16878473241918,0.2));
#12092=CARTESIAN_POINT('',(72.8612201866564,-9.16878473241918,0.));
#12093=CARTESIAN_POINT('',(72.8612201866564,-9.16878473241918,0.2));
#12094=CARTESIAN_POINT('Origin',(72.4785461482462,-9.16878473241918,0.));
#12095=CARTESIAN_POINT('',(72.4785461482462,-9.16878473241918,0.));
#12096=CARTESIAN_POINT('',(56.7517730741231,-9.16878473241918,0.));
#12097=CARTESIAN_POINT('',(72.4785461482462,-9.16878473241918,0.2));
#12098=CARTESIAN_POINT('',(72.4785461482462,-9.16878473241918,0.));
#12099=CARTESIAN_POINT('',(72.4785461482462,-9.16878473241918,0.2));
#12100=CARTESIAN_POINT('Origin',(72.4785461482462,-6.16878461320989,0.));
#12101=CARTESIAN_POINT('',(72.4785461482462,-6.16878461320989,0.));
#12102=CARTESIAN_POINT('',(72.4785461482462,-22.3043923066049,0.));
#12103=CARTESIAN_POINT('',(72.4785461482462,-6.16878461320989,0.2));
#12104=CARTESIAN_POINT('',(72.4785461482462,-6.16878461320989,0.));
#12105=CARTESIAN_POINT('',(72.4785461482462,-6.16878461320989,0.2));
#12106=CARTESIAN_POINT('Origin',(73.0126526412424,-6.16878461320989,0.));
#12107=CARTESIAN_POINT('',(73.0126526412424,-6.16878461320989,0.));
#12108=CARTESIAN_POINT('',(57.0188263206212,-6.16878461320989,0.));
#12109=CARTESIAN_POINT('',(73.0126526412424,-6.16878461320989,0.2));
#12110=CARTESIAN_POINT('',(73.0126526412424,-6.16878461320989,0.));
#12111=CARTESIAN_POINT('',(73.0126526412424,-6.16878461320989,0.2));
#12112=CARTESIAN_POINT('Origin',(73.7309336122926,-8.25609695394628,0.));
#12113=CARTESIAN_POINT('',(73.7309336122926,-8.25609695394628,0.));
#12114=CARTESIAN_POINT('',(76.6430302708124,-16.7186005392182,0.));
#12115=CARTESIAN_POINT('',(73.7309336122926,-8.25609695394628,0.2));
#12116=CARTESIAN_POINT('',(73.7309336122926,-8.25609695394628,0.));
#12117=CARTESIAN_POINT('',(73.7309336122926,-8.25609695394628,0.2));
#12118=CARTESIAN_POINT('Ctrl Pts',(73.8905515727457,-8.73699736078375,0.));
#12119=CARTESIAN_POINT('Ctrl Pts',(73.8905515727457,-8.73699736078375,0.2));
#12120=CARTESIAN_POINT('Ctrl Pts',(73.8688957339573,-8.6695801660974,0.));
#12121=CARTESIAN_POINT('Ctrl Pts',(73.8688957339573,-8.6695801660974,0.2));
#12122=CARTESIAN_POINT('Ctrl Pts',(73.8172392561009,-8.50876742370127,0.));
#12123=CARTESIAN_POINT('Ctrl Pts',(73.8172392561009,-8.50876742370127,0.2));
#12124=CARTESIAN_POINT('Ctrl Pts',(73.7626421095669,-8.34892750995617,0.));
#12125=CARTESIAN_POINT('Ctrl Pts',(73.7626421095669,-8.34892750995617,0.2));
#12126=CARTESIAN_POINT('Ctrl Pts',(73.7309336122926,-8.25609695394628,0.));
#12127=CARTESIAN_POINT('Ctrl Pts',(73.7309336122926,-8.25609695394628,0.2));
#12128=CARTESIAN_POINT('',(73.8905515727457,-8.73699736078375,0.));
#12129=CARTESIAN_POINT('Ctrl Pts',(73.8905515727457,-8.73699736078375,0.));
#12130=CARTESIAN_POINT('Ctrl Pts',(73.8688957339573,-8.6695801660974,0.));
#12131=CARTESIAN_POINT('Ctrl Pts',(73.8172392561009,-8.50876742370127,0.));
#12132=CARTESIAN_POINT('Ctrl Pts',(73.7626421095669,-8.34892750995617,0.));
#12133=CARTESIAN_POINT('Ctrl Pts',(73.7309336122926,-8.25609695394628,0.));
#12134=CARTESIAN_POINT('',(73.8905515727457,-8.73699736078375,0.2));
#12135=CARTESIAN_POINT('',(73.8905515727457,-8.73699736078375,0.));
#12136=CARTESIAN_POINT('Ctrl Pts',(73.8905515727457,-8.73699736078375,0.2));
#12137=CARTESIAN_POINT('Ctrl Pts',(73.8688957339573,-8.6695801660974,0.2));
#12138=CARTESIAN_POINT('Ctrl Pts',(73.8172392561009,-8.50876742370127,0.2));
#12139=CARTESIAN_POINT('Ctrl Pts',(73.7626421095669,-8.34892750995617,0.2));
#12140=CARTESIAN_POINT('Ctrl Pts',(73.7309336122926,-8.25609695394628,0.2));
#12141=CARTESIAN_POINT('Ctrl Pts',(74.0337985214647,-8.29293202837103,0.));
#12142=CARTESIAN_POINT('Ctrl Pts',(74.0337985214647,-8.29293202837103,0.2));
#12143=CARTESIAN_POINT('Ctrl Pts',(74.0052232928041,-8.37930591239579,0.));
#12144=CARTESIAN_POINT('Ctrl Pts',(74.0052232928041,-8.37930591239579,0.2));
#12145=CARTESIAN_POINT('Ctrl Pts',(73.9563704255941,-8.5269726882871,0.));
#12146=CARTESIAN_POINT('Ctrl Pts',(73.9563704255941,-8.5269726882871,0.2));
#12147=CARTESIAN_POINT('Ctrl Pts',(73.909857823917,-8.67539207743519,0.));
#12148=CARTESIAN_POINT('Ctrl Pts',(73.909857823917,-8.67539207743519,0.2));
#12149=CARTESIAN_POINT('Ctrl Pts',(73.8905515727457,-8.73699736078375,0.));
#12150=CARTESIAN_POINT('Ctrl Pts',(73.8905515727457,-8.73699736078375,0.2));
#12151=CARTESIAN_POINT('',(74.0337985214647,-8.29293202837103,0.));
#12152=CARTESIAN_POINT('Ctrl Pts',(74.0337985214647,-8.29293202837103,0.));
#12153=CARTESIAN_POINT('Ctrl Pts',(74.0052232928041,-8.37930591239579,0.));
#12154=CARTESIAN_POINT('Ctrl Pts',(73.9563704255941,-8.5269726882871,0.));
#12155=CARTESIAN_POINT('Ctrl Pts',(73.909857823917,-8.67539207743519,0.));
#12156=CARTESIAN_POINT('Ctrl Pts',(73.8905515727457,-8.73699736078375,0.));
#12157=CARTESIAN_POINT('',(74.0337985214647,-8.29293202837103,0.2));
#12158=CARTESIAN_POINT('',(74.0337985214647,-8.29293202837103,0.));
#12159=CARTESIAN_POINT('Ctrl Pts',(74.0337985214647,-8.29293202837103,0.2));
#12160=CARTESIAN_POINT('Ctrl Pts',(74.0052232928041,-8.37930591239579,0.2));
#12161=CARTESIAN_POINT('Ctrl Pts',(73.9563704255941,-8.5269726882871,0.2));
#12162=CARTESIAN_POINT('Ctrl Pts',(73.909857823917,-8.67539207743519,0.2));
#12163=CARTESIAN_POINT('Ctrl Pts',(73.8905515727457,-8.73699736078375,0.2));
#12164=CARTESIAN_POINT('Origin',(74.7438939121422,-6.16878461320989,0.));
#12165=CARTESIAN_POINT('',(74.7438939121422,-6.16878461320989,0.));
#12166=CARTESIAN_POINT('',(68.1973079844115,-25.7519473249868,0.));
#12167=CARTESIAN_POINT('',(74.7438939121422,-6.16878461320989,0.2));
#12168=CARTESIAN_POINT('',(74.7438939121422,-6.16878461320989,0.));
#12169=CARTESIAN_POINT('',(74.7438939121422,-6.16878461320989,0.2));
#12170=CARTESIAN_POINT('Origin',(75.3414382246193,-6.16878461320989,0.));
#12171=CARTESIAN_POINT('',(75.3414382246193,-6.16878461320989,0.));
#12172=CARTESIAN_POINT('',(58.1832191123096,-6.16878461320989,0.));
#12173=CARTESIAN_POINT('',(75.3414382246193,-6.16878461320989,0.2));
#12174=CARTESIAN_POINT('',(75.3414382246193,-6.16878461320989,0.));
#12175=CARTESIAN_POINT('',(75.3414382246193,-6.16878461320989,0.2));
#12176=CARTESIAN_POINT('Origin',(75.3414382246193,-9.16878473241918,0.));
#12177=CARTESIAN_POINT('',(75.3414382246193,-9.16878473241918,0.));
#12178=CARTESIAN_POINT('',(75.3414382246193,-23.8043923662096,0.));
#12179=CARTESIAN_POINT('',(75.3414382246193,-9.16878473241918,0.2));
#12180=CARTESIAN_POINT('',(75.3414382246193,-9.16878473241918,0.));
#12181=CARTESIAN_POINT('',(75.3414382246193,-9.16878473241918,0.2));
#12182=CARTESIAN_POINT('Origin',(74.9587642607149,-9.16878473241918,0.));
#12183=CARTESIAN_POINT('',(57.9918821303574,-9.16878473241918,0.));
#12184=CARTESIAN_POINT('',(74.9587642607149,-9.16878473241918,0.2));
#12185=CARTESIAN_POINT('Origin',(66.0979183596429,-5.35227682669752,0.2));
#12186=CARTESIAN_POINT('Origin',(74.9587642607149,-1.93276774366491,0.));
#12187=CARTESIAN_POINT('',(74.9587642607149,-1.93276774366491,0.));
#12188=CARTESIAN_POINT('',(74.9587642607149,-4.48665600498312,0.));
#12189=CARTESIAN_POINT('',(74.9587642607149,-20.1863838718325,0.));
#12190=CARTESIAN_POINT('',(74.9587642607149,-1.93276774366491,0.2));
#12191=CARTESIAN_POINT('',(74.9587642607149,-1.93276774366491,0.));
#12192=CARTESIAN_POINT('',(74.9587642607149,-4.48665600498312,0.2));
#12193=CARTESIAN_POINT('',(74.9587642607149,-1.93276774366491,0.2));
#12194=CARTESIAN_POINT('',(74.9587642607149,-4.48665600498312,0.));
#12195=CARTESIAN_POINT('Origin',(74.091097360557,-4.48665600498312,0.));
#12196=CARTESIAN_POINT('',(74.091097360557,-4.48665600498312,0.));
#12197=CARTESIAN_POINT('',(67.2093733500022,-24.742302688046,0.));
#12198=CARTESIAN_POINT('',(74.091097360557,-4.48665600498312,0.2));
#12199=CARTESIAN_POINT('',(74.091097360557,-4.48665600498312,0.));
#12200=CARTESIAN_POINT('',(74.091097360557,-4.48665600498312,0.2));
#12201=CARTESIAN_POINT('Origin',(73.7329798397478,-4.48665600498312,0.));
#12202=CARTESIAN_POINT('',(73.7329798397478,-4.48665600498312,0.));
#12203=CARTESIAN_POINT('',(57.3789899198739,-4.48665600498312,0.));
#12204=CARTESIAN_POINT('',(73.7329798397478,-4.48665600498312,0.2));
#12205=CARTESIAN_POINT('',(73.7329798397478,-4.48665600498312,0.));
#12206=CARTESIAN_POINT('',(73.7329798397478,-4.48665600498312,0.2));
#12207=CARTESIAN_POINT('Origin',(72.8612201866564,-1.9757417984783,0.));
#12208=CARTESIAN_POINT('',(72.8612201866564,-1.9757417984783,0.));
#12209=CARTESIAN_POINT('',(76.7979095391141,-13.3145198511554,0.));
#12210=CARTESIAN_POINT('',(72.8612201866564,-1.9757417984783,0.2));
#12211=CARTESIAN_POINT('',(72.8612201866564,-1.9757417984783,0.));
#12212=CARTESIAN_POINT('',(72.8612201866564,-1.9757417984783,0.2));
#12213=CARTESIAN_POINT('Origin',(72.8612201866564,-4.48665600498312,0.));
#12214=CARTESIAN_POINT('',(72.8612201866564,-4.48665600498312,0.));
#12215=CARTESIAN_POINT('',(72.8612201866564,-21.4633280024916,0.));
#12216=CARTESIAN_POINT('',(72.8612201866564,-4.48665600498312,0.2));
#12217=CARTESIAN_POINT('',(72.8612201866564,-4.48665600498312,0.));
#12218=CARTESIAN_POINT('',(72.8612201866564,-4.48665600498312,0.2));
#12219=CARTESIAN_POINT('Origin',(72.4785461482462,-4.48665600498312,0.));
#12220=CARTESIAN_POINT('',(72.4785461482462,-4.48665600498312,0.));
#12221=CARTESIAN_POINT('',(56.7517730741231,-4.48665600498312,0.));
#12222=CARTESIAN_POINT('',(72.4785461482462,-4.48665600498312,0.2));
#12223=CARTESIAN_POINT('',(72.4785461482462,-4.48665600498312,0.));
#12224=CARTESIAN_POINT('',(72.4785461482462,-4.48665600498312,0.2));
#12225=CARTESIAN_POINT('Origin',(72.4785461482462,-1.48665588577383,0.));
#12226=CARTESIAN_POINT('',(72.4785461482462,-1.48665588577383,0.));
#12227=CARTESIAN_POINT('',(72.4785461482462,-19.9633279428869,0.));
#12228=CARTESIAN_POINT('',(72.4785461482462,-1.48665588577383,0.2));
#12229=CARTESIAN_POINT('',(72.4785461482462,-1.48665588577383,0.));
#12230=CARTESIAN_POINT('',(72.4785461482462,-1.48665588577383,0.2));
#12231=CARTESIAN_POINT('Origin',(73.0126526412424,-1.48665588577383,0.));
#12232=CARTESIAN_POINT('',(73.0126526412424,-1.48665588577383,0.));
#12233=CARTESIAN_POINT('',(57.0188263206212,-1.48665588577383,0.));
#12234=CARTESIAN_POINT('',(73.0126526412424,-1.48665588577383,0.2));
#12235=CARTESIAN_POINT('',(73.0126526412424,-1.48665588577383,0.));
#12236=CARTESIAN_POINT('',(73.0126526412424,-1.48665588577383,0.2));
#12237=CARTESIAN_POINT('Origin',(73.7309336122926,-3.57396852453344,0.));
#12238=CARTESIAN_POINT('',(73.7309336122926,-3.57396852453344,0.));
#12239=CARTESIAN_POINT('',(77.3633352422184,-14.1296676684336,0.));
#12240=CARTESIAN_POINT('',(73.7309336122926,-3.57396852453344,0.2));
#12241=CARTESIAN_POINT('',(73.7309336122926,-3.57396852453344,0.));
#12242=CARTESIAN_POINT('',(73.7309336122926,-3.57396852453344,0.2));
#12243=CARTESIAN_POINT('Ctrl Pts',(73.8905515727457,-4.0548689313709,0.));
#12244=CARTESIAN_POINT('Ctrl Pts',(73.8905515727457,-4.0548689313709,0.2));
#12245=CARTESIAN_POINT('Ctrl Pts',(73.8688957339573,-3.98745173668456,0.));
#12246=CARTESIAN_POINT('Ctrl Pts',(73.8688957339573,-3.98745173668456,0.2));
#12247=CARTESIAN_POINT('Ctrl Pts',(73.8172392561009,-3.82663899428843,0.));
#12248=CARTESIAN_POINT('Ctrl Pts',(73.8172392561009,-3.82663899428843,0.2));
#12249=CARTESIAN_POINT('Ctrl Pts',(73.7626421095669,-3.66679908054333,0.));
#12250=CARTESIAN_POINT('Ctrl Pts',(73.7626421095669,-3.66679908054333,0.2));
#12251=CARTESIAN_POINT('Ctrl Pts',(73.7309336122926,-3.57396852453344,0.));
#12252=CARTESIAN_POINT('Ctrl Pts',(73.7309336122926,-3.57396852453344,0.2));
#12253=CARTESIAN_POINT('',(73.8905515727457,-4.0548689313709,0.));
#12254=CARTESIAN_POINT('Ctrl Pts',(73.8905515727457,-4.0548689313709,0.));
#12255=CARTESIAN_POINT('Ctrl Pts',(73.8688957339573,-3.98745173668456,0.));
#12256=CARTESIAN_POINT('Ctrl Pts',(73.8172392561009,-3.82663899428843,0.));
#12257=CARTESIAN_POINT('Ctrl Pts',(73.7626421095669,-3.66679908054333,0.));
#12258=CARTESIAN_POINT('Ctrl Pts',(73.7309336122926,-3.57396852453344,0.));
#12259=CARTESIAN_POINT('',(73.8905515727457,-4.0548689313709,0.2));
#12260=CARTESIAN_POINT('',(73.8905515727457,-4.0548689313709,0.));
#12261=CARTESIAN_POINT('Ctrl Pts',(73.8905515727457,-4.0548689313709,0.2));
#12262=CARTESIAN_POINT('Ctrl Pts',(73.8688957339573,-3.98745173668456,0.2));
#12263=CARTESIAN_POINT('Ctrl Pts',(73.8172392561009,-3.82663899428843,0.2));
#12264=CARTESIAN_POINT('Ctrl Pts',(73.7626421095669,-3.66679908054333,0.2));
#12265=CARTESIAN_POINT('Ctrl Pts',(73.7309336122926,-3.57396852453344,0.2));
#12266=CARTESIAN_POINT('Ctrl Pts',(74.0337985214647,-3.61080330093496,0.));
#12267=CARTESIAN_POINT('Ctrl Pts',(74.0337985214647,-3.61080330093496,0.2));
#12268=CARTESIAN_POINT('Ctrl Pts',(74.0052233010037,-3.69717728698778,0.));
#12269=CARTESIAN_POINT('Ctrl Pts',(74.0052233010037,-3.69717728698778,0.2));
#12270=CARTESIAN_POINT('Ctrl Pts',(73.9563704688549,-3.84484417370252,0.));
#12271=CARTESIAN_POINT('Ctrl Pts',(73.9563704688549,-3.84484417370252,0.2));
#12272=CARTESIAN_POINT('Ctrl Pts',(73.909857828325,-3.99326364946512,0.));
#12273=CARTESIAN_POINT('Ctrl Pts',(73.909857828325,-3.99326364946512,0.2));
#12274=CARTESIAN_POINT('Ctrl Pts',(73.8905515727457,-4.0548689313709,0.));
#12275=CARTESIAN_POINT('Ctrl Pts',(73.8905515727457,-4.0548689313709,0.2));
#12276=CARTESIAN_POINT('',(74.0337985214647,-3.61080330093496,0.));
#12277=CARTESIAN_POINT('Ctrl Pts',(74.0337985214647,-3.61080330093496,0.));
#12278=CARTESIAN_POINT('Ctrl Pts',(74.0052233010037,-3.69717728698778,0.));
#12279=CARTESIAN_POINT('Ctrl Pts',(73.9563704688549,-3.84484417370252,0.));
#12280=CARTESIAN_POINT('Ctrl Pts',(73.909857828325,-3.99326364946512,0.));
#12281=CARTESIAN_POINT('Ctrl Pts',(73.8905515727457,-4.0548689313709,0.));
#12282=CARTESIAN_POINT('',(74.0337985214647,-3.61080330093496,0.2));
#12283=CARTESIAN_POINT('',(74.0337985214647,-3.61080330093496,0.));
#12284=CARTESIAN_POINT('Ctrl Pts',(74.0337985214647,-3.61080330093496,0.2));
#12285=CARTESIAN_POINT('Ctrl Pts',(74.0052233010037,-3.69717728698778,0.2));
#12286=CARTESIAN_POINT('Ctrl Pts',(73.9563704688549,-3.84484417370252,0.2));
#12287=CARTESIAN_POINT('Ctrl Pts',(73.909857828325,-3.99326364946512,0.2));
#12288=CARTESIAN_POINT('Ctrl Pts',(73.8905515727457,-4.0548689313709,0.2));
#12289=CARTESIAN_POINT('Origin',(74.7438939121422,-1.48665588577383,0.));
#12290=CARTESIAN_POINT('',(74.7438939121422,-1.48665588577383,0.));
#12291=CARTESIAN_POINT('',(67.4933664463434,-23.1755576547855,0.));
#12292=CARTESIAN_POINT('',(74.7438939121422,-1.48665588577383,0.2));
#12293=CARTESIAN_POINT('',(74.7438939121422,-1.48665588577383,0.));
#12294=CARTESIAN_POINT('',(74.7438939121422,-1.48665588577383,0.2));
#12295=CARTESIAN_POINT('Origin',(75.3414382246193,-1.48665588577383,0.));
#12296=CARTESIAN_POINT('',(75.3414382246193,-1.48665588577383,0.));
#12297=CARTESIAN_POINT('',(58.1832191123096,-1.48665588577383,0.));
#12298=CARTESIAN_POINT('',(75.3414382246193,-1.48665588577383,0.2));
#12299=CARTESIAN_POINT('',(75.3414382246193,-1.48665588577383,0.));
#12300=CARTESIAN_POINT('',(75.3414382246193,-1.48665588577383,0.2));
#12301=CARTESIAN_POINT('Origin',(75.3414382246193,-4.48665600498312,0.));
#12302=CARTESIAN_POINT('',(75.3414382246193,-4.48665600498312,0.));
#12303=CARTESIAN_POINT('',(75.3414382246193,-21.4633280024916,0.));
#12304=CARTESIAN_POINT('',(75.3414382246193,-4.48665600498312,0.2));
#12305=CARTESIAN_POINT('',(75.3414382246193,-4.48665600498312,0.));
#12306=CARTESIAN_POINT('',(75.3414382246193,-4.48665600498312,0.2));
#12307=CARTESIAN_POINT('Origin',(74.9587642607149,-4.48665600498312,0.));
#12308=CARTESIAN_POINT('',(57.9918821303574,-4.48665600498312,0.));
#12309=CARTESIAN_POINT('',(74.9587642607149,-4.48665600498312,0.2));
#12310=CARTESIAN_POINT('Origin',(66.0979183596429,-5.35227682669752,0.2));
#12311=CARTESIAN_POINT('Origin',(41.025,-38.44,0.));
#12312=CARTESIAN_POINT('',(-6.475,10.56,0.));
#12313=CARTESIAN_POINT('',(-11.475,5.56000000000001,0.));
#12314=CARTESIAN_POINT('Origin',(-6.475,5.56000000000001,0.));
#12315=CARTESIAN_POINT('',(88.525,10.56,0.));
#12316=CARTESIAN_POINT('',(-11.475,10.56,0.));
#12317=CARTESIAN_POINT('',(93.525,5.56000000000001,0.));
#12318=CARTESIAN_POINT('Origin',(88.525,5.56000000000001,0.));
#12319=CARTESIAN_POINT('',(93.525,-82.44,0.));
#12320=CARTESIAN_POINT('',(93.525,10.56,0.));
#12321=CARTESIAN_POINT('',(88.525,-87.44,0.));
#12322=CARTESIAN_POINT('Origin',(88.525,-82.44,0.));
#12323=CARTESIAN_POINT('',(-6.47500000000001,-87.44,0.));
#12324=CARTESIAN_POINT('',(93.525,-87.44,0.));
#12325=CARTESIAN_POINT('',(-11.475,-82.44,0.));
#12326=CARTESIAN_POINT('Origin',(-6.475,-82.44,0.));
#12327=CARTESIAN_POINT('',(-11.475,-87.44,0.));
#12328=CARTESIAN_POINT('',(21.575,-41.125,0.));
#12329=CARTESIAN_POINT('',(22.075,-40.625,0.));
#12330=CARTESIAN_POINT('Origin',(22.075,-41.125,0.));
#12331=CARTESIAN_POINT('',(21.575,-54.125,0.));
#12332=CARTESIAN_POINT('',(21.575,-41.125,0.));
#12333=CARTESIAN_POINT('',(22.075,-54.625,0.));
#12334=CARTESIAN_POINT('Origin',(22.075,-54.125,0.));
#12335=CARTESIAN_POINT('',(35.075,-54.625,0.));
#12336=CARTESIAN_POINT('',(22.075,-54.625,0.));
#12337=CARTESIAN_POINT('',(35.575,-54.125,0.));
#12338=CARTESIAN_POINT('Origin',(35.075,-54.125,0.));
#12339=CARTESIAN_POINT('',(35.575,-41.125,0.));
#12340=CARTESIAN_POINT('',(35.575,-41.125,0.));
#12341=CARTESIAN_POINT('',(35.075,-40.625,0.));
#12342=CARTESIAN_POINT('Origin',(35.075,-41.125,0.));
#12343=CARTESIAN_POINT('',(22.075,-40.625,0.));
#12344=CARTESIAN_POINT('',(-8.175,-82.44,0.));
#12345=CARTESIAN_POINT('Origin',(-6.475,-82.44,0.));
#12346=CARTESIAN_POINT('',(2.525,-22.075,0.));
#12347=CARTESIAN_POINT('',(3.025,-21.575,0.));
#12348=CARTESIAN_POINT('Origin',(3.025,-22.075,0.));
#12349=CARTESIAN_POINT('',(2.525,-35.075,0.));
#12350=CARTESIAN_POINT('',(2.525,-22.075,0.));
#12351=CARTESIAN_POINT('',(3.025,-35.575,0.));
#12352=CARTESIAN_POINT('Origin',(3.025,-35.075,0.));
#12353=CARTESIAN_POINT('',(16.025,-35.575,0.));
#12354=CARTESIAN_POINT('',(3.025,-35.575,0.));
#12355=CARTESIAN_POINT('',(16.525,-35.075,0.));
#12356=CARTESIAN_POINT('Origin',(16.025,-35.075,0.));
#12357=CARTESIAN_POINT('',(16.525,-22.075,0.));
#12358=CARTESIAN_POINT('',(16.525,-22.075,0.));
#12359=CARTESIAN_POINT('',(16.025,-21.575,0.));
#12360=CARTESIAN_POINT('Origin',(16.025,-22.075,0.));
#12361=CARTESIAN_POINT('',(3.025,-21.575,0.));
#12362=CARTESIAN_POINT('',(86.825,5.56000000000001,0.));
#12363=CARTESIAN_POINT('Origin',(88.525,5.56000000000001,0.));
#12364=CARTESIAN_POINT('',(63.975,-59.44,0.));
#12365=CARTESIAN_POINT('Origin',(67.525,-59.44,0.));
#12366=CARTESIAN_POINT('',(43.025,-12.44,0.));
#12367=CARTESIAN_POINT('',(42.025,-13.44,0.));
#12368=CARTESIAN_POINT('Origin',(42.025,-12.44,0.));
#12369=CARTESIAN_POINT('',(43.025,-2.93999999999999,0.));
#12370=CARTESIAN_POINT('',(43.025,-1.93999999999999,0.));
#12371=CARTESIAN_POINT('',(42.025,-1.93999999999999,0.));
#12372=CARTESIAN_POINT('Origin',(42.025,-2.93999999999999,0.));
#12373=CARTESIAN_POINT('',(14.025,-1.93999999999999,0.));
#12374=CARTESIAN_POINT('',(13.025,-1.93999999999999,0.));
#12375=CARTESIAN_POINT('',(13.025,-2.93999999999999,0.));
#12376=CARTESIAN_POINT('Origin',(14.025,-2.93999999999999,0.));
#12377=CARTESIAN_POINT('',(13.025,-12.44,0.));
#12378=CARTESIAN_POINT('',(13.025,-13.44,0.));
#12379=CARTESIAN_POINT('',(14.025,-13.44,0.));
#12380=CARTESIAN_POINT('Origin',(14.025,-12.44,0.));
#12381=CARTESIAN_POINT('',(43.025,-13.44,0.));
#12382=CARTESIAN_POINT('',(40.625,-41.125,0.));
#12383=CARTESIAN_POINT('',(41.125,-40.625,0.));
#12384=CARTESIAN_POINT('Origin',(41.125,-41.125,0.));
#12385=CARTESIAN_POINT('',(40.625,-54.125,0.));
#12386=CARTESIAN_POINT('',(40.625,-41.125,0.));
#12387=CARTESIAN_POINT('',(41.125,-54.625,0.));
#12388=CARTESIAN_POINT('Origin',(41.125,-54.125,0.));
#12389=CARTESIAN_POINT('',(54.125,-54.625,0.));
#12390=CARTESIAN_POINT('',(41.125,-54.625,0.));
#12391=CARTESIAN_POINT('',(54.625,-54.125,0.));
#12392=CARTESIAN_POINT('Origin',(54.125,-54.125,0.));
#12393=CARTESIAN_POINT('',(54.625,-41.125,0.));
#12394=CARTESIAN_POINT('',(54.625,-41.125,0.));
#12395=CARTESIAN_POINT('',(54.125,-40.625,0.));
#12396=CARTESIAN_POINT('Origin',(54.125,-41.125,0.));
#12397=CARTESIAN_POINT('',(41.125,-40.625,0.));
#12398=CARTESIAN_POINT('',(40.625,-60.175,0.));
#12399=CARTESIAN_POINT('',(41.125,-59.675,0.));
#12400=CARTESIAN_POINT('Origin',(41.125,-60.175,0.));
#12401=CARTESIAN_POINT('',(40.625,-73.175,0.));
#12402=CARTESIAN_POINT('',(40.625,-60.175,0.));
#12403=CARTESIAN_POINT('',(41.125,-73.675,0.));
#12404=CARTESIAN_POINT('Origin',(41.125,-73.175,0.));
#12405=CARTESIAN_POINT('',(54.125,-73.675,0.));
#12406=CARTESIAN_POINT('',(41.125,-73.675,0.));
#12407=CARTESIAN_POINT('',(54.625,-73.175,0.));
#12408=CARTESIAN_POINT('Origin',(54.125,-73.175,0.));
#12409=CARTESIAN_POINT('',(54.625,-60.175,0.));
#12410=CARTESIAN_POINT('',(54.625,-60.175,0.));
#12411=CARTESIAN_POINT('',(54.125,-59.675,0.));
#12412=CARTESIAN_POINT('Origin',(54.125,-60.175,0.));
#12413=CARTESIAN_POINT('',(41.125,-59.675,0.));
#12414=CARTESIAN_POINT('',(40.625,-22.075,0.));
#12415=CARTESIAN_POINT('',(41.125,-21.575,0.));
#12416=CARTESIAN_POINT('Origin',(41.125,-22.075,0.));
#12417=CARTESIAN_POINT('',(40.625,-35.075,0.));
#12418=CARTESIAN_POINT('',(40.625,-22.075,0.));
#12419=CARTESIAN_POINT('',(41.125,-35.575,0.));
#12420=CARTESIAN_POINT('Origin',(41.125,-35.075,0.));
#12421=CARTESIAN_POINT('',(54.125,-35.575,0.));
#12422=CARTESIAN_POINT('',(41.125,-35.575,0.));
#12423=CARTESIAN_POINT('',(54.625,-35.075,0.));
#12424=CARTESIAN_POINT('Origin',(54.125,-35.075,0.));
#12425=CARTESIAN_POINT('',(54.625,-22.075,0.));
#12426=CARTESIAN_POINT('',(54.625,-22.075,0.));
#12427=CARTESIAN_POINT('',(54.125,-21.575,0.));
#12428=CARTESIAN_POINT('Origin',(54.125,-22.075,0.));
#12429=CARTESIAN_POINT('',(41.125,-21.575,0.));
#12430=CARTESIAN_POINT('',(86.825,-82.44,0.));
#12431=CARTESIAN_POINT('Origin',(88.525,-82.44,0.));
#12432=CARTESIAN_POINT('',(-8.175,5.56000000000001,0.));
#12433=CARTESIAN_POINT('Origin',(-6.475,5.56000000000001,0.));
#12434=CARTESIAN_POINT('',(21.575,-60.175,0.));
#12435=CARTESIAN_POINT('',(22.075,-59.675,0.));
#12436=CARTESIAN_POINT('Origin',(22.075,-60.175,0.));
#12437=CARTESIAN_POINT('',(21.575,-73.175,0.));
#12438=CARTESIAN_POINT('',(21.575,-60.175,0.));
#12439=CARTESIAN_POINT('',(22.075,-73.675,0.));
#12440=CARTESIAN_POINT('Origin',(22.075,-73.175,0.));
#12441=CARTESIAN_POINT('',(35.075,-73.675,0.));
#12442=CARTESIAN_POINT('',(22.075,-73.675,0.));
#12443=CARTESIAN_POINT('',(35.575,-73.175,0.));
#12444=CARTESIAN_POINT('Origin',(35.075,-73.175,0.));
#12445=CARTESIAN_POINT('',(35.575,-60.175,0.));
#12446=CARTESIAN_POINT('',(35.575,-60.175,0.));
#12447=CARTESIAN_POINT('',(35.075,-59.675,0.));
#12448=CARTESIAN_POINT('Origin',(35.075,-60.175,0.));
#12449=CARTESIAN_POINT('',(22.075,-59.675,0.));
#12450=CARTESIAN_POINT('',(2.525,-60.175,0.));
#12451=CARTESIAN_POINT('',(3.025,-59.675,0.));
#12452=CARTESIAN_POINT('Origin',(3.025,-60.175,0.));
#12453=CARTESIAN_POINT('',(2.525,-73.175,0.));
#12454=CARTESIAN_POINT('',(2.525,-60.175,0.));
#12455=CARTESIAN_POINT('',(3.025,-73.675,0.));
#12456=CARTESIAN_POINT('Origin',(3.025,-73.175,0.));
#12457=CARTESIAN_POINT('',(16.025,-73.675,0.));
#12458=CARTESIAN_POINT('',(3.025,-73.675,0.));
#12459=CARTESIAN_POINT('',(16.525,-73.175,0.));
#12460=CARTESIAN_POINT('Origin',(16.025,-73.175,0.));
#12461=CARTESIAN_POINT('',(16.525,-60.175,0.));
#12462=CARTESIAN_POINT('',(16.525,-60.175,0.));
#12463=CARTESIAN_POINT('',(16.025,-59.675,0.));
#12464=CARTESIAN_POINT('Origin',(16.025,-60.175,0.));
#12465=CARTESIAN_POINT('',(3.025,-59.675,0.));
#12466=CARTESIAN_POINT('',(21.575,-22.075,0.));
#12467=CARTESIAN_POINT('',(22.075,-21.575,0.));
#12468=CARTESIAN_POINT('Origin',(22.075,-22.075,0.));
#12469=CARTESIAN_POINT('',(21.575,-35.075,0.));
#12470=CARTESIAN_POINT('',(21.575,-22.075,0.));
#12471=CARTESIAN_POINT('',(22.075,-35.575,0.));
#12472=CARTESIAN_POINT('Origin',(22.075,-35.075,0.));
#12473=CARTESIAN_POINT('',(35.075,-35.575,0.));
#12474=CARTESIAN_POINT('',(22.075,-35.575,0.));
#12475=CARTESIAN_POINT('',(35.575,-35.075,0.));
#12476=CARTESIAN_POINT('Origin',(35.075,-35.075,0.));
#12477=CARTESIAN_POINT('',(35.575,-22.075,0.));
#12478=CARTESIAN_POINT('',(35.575,-22.075,0.));
#12479=CARTESIAN_POINT('',(35.075,-21.575,0.));
#12480=CARTESIAN_POINT('Origin',(35.075,-22.075,0.));
#12481=CARTESIAN_POINT('',(22.075,-21.575,0.));
#12482=CARTESIAN_POINT('',(2.525,-41.125,0.));
#12483=CARTESIAN_POINT('',(3.025,-40.625,0.));
#12484=CARTESIAN_POINT('Origin',(3.025,-41.125,0.));
#12485=CARTESIAN_POINT('',(2.525,-54.125,0.));
#12486=CARTESIAN_POINT('',(2.525,-41.125,0.));
#12487=CARTESIAN_POINT('',(3.025,-54.625,0.));
#12488=CARTESIAN_POINT('Origin',(3.025,-54.125,0.));
#12489=CARTESIAN_POINT('',(16.025,-54.625,0.));
#12490=CARTESIAN_POINT('',(3.025,-54.625,0.));
#12491=CARTESIAN_POINT('',(16.525,-54.125,0.));
#12492=CARTESIAN_POINT('Origin',(16.025,-54.125,0.));
#12493=CARTESIAN_POINT('',(16.525,-41.125,0.));
#12494=CARTESIAN_POINT('',(16.525,-41.125,0.));
#12495=CARTESIAN_POINT('',(16.025,-40.625,0.));
#12496=CARTESIAN_POINT('Origin',(16.025,-41.125,0.));
#12497=CARTESIAN_POINT('',(3.025,-40.625,0.));
#12498=CARTESIAN_POINT('Origin',(41.025,-38.44,0.));
#12499=CARTESIAN_POINT('Origin',(41.025,-38.44,0.));
#12500=CARTESIAN_POINT('Origin',(41.025,-38.44,0.));
#12501=CARTESIAN_POINT('Origin',(41.025,-38.44,0.));
#12502=CARTESIAN_POINT('Origin',(41.025,-38.44,1.5));
#12503=CARTESIAN_POINT('',(-11.475,5.56000000000001,1.5));
#12504=CARTESIAN_POINT('',(-6.475,10.56,1.5));
#12505=CARTESIAN_POINT('Origin',(-6.475,5.56000000000001,1.5));
#12506=CARTESIAN_POINT('',(-11.475,-82.44,1.5));
#12507=CARTESIAN_POINT('',(-11.475,-13.94,1.5));
#12508=CARTESIAN_POINT('',(-6.47500000000001,-87.44,1.5));
#12509=CARTESIAN_POINT('Origin',(-6.475,-82.44,1.5));
#12510=CARTESIAN_POINT('',(88.525,-87.44,1.5));
#12511=CARTESIAN_POINT('',(14.775,-87.44,1.5));
#12512=CARTESIAN_POINT('',(93.525,-82.44,1.5));
#12513=CARTESIAN_POINT('Origin',(88.525,-82.44,1.5));
#12514=CARTESIAN_POINT('',(93.525,5.56000000000001,1.5));
#12515=CARTESIAN_POINT('',(93.525,-62.94,1.5));
#12516=CARTESIAN_POINT('',(88.525,10.56,1.5));
#12517=CARTESIAN_POINT('Origin',(88.525,5.56000000000001,1.5));
#12518=CARTESIAN_POINT('',(67.275,10.56,1.5));
#12519=CARTESIAN_POINT('',(3.025,-40.625,1.5));
#12520=CARTESIAN_POINT('',(2.525,-41.125,1.5));
#12521=CARTESIAN_POINT('Origin',(3.025,-41.125,1.5));
#12522=CARTESIAN_POINT('',(16.025,-40.625,1.5));
#12523=CARTESIAN_POINT('',(22.025,-40.625,1.5));
#12524=CARTESIAN_POINT('',(16.525,-41.125,1.5));
#12525=CARTESIAN_POINT('Origin',(16.025,-41.125,1.5));
#12526=CARTESIAN_POINT('',(16.525,-54.125,1.5));
#12527=CARTESIAN_POINT('',(16.525,-39.7825,1.5));
#12528=CARTESIAN_POINT('',(16.025,-54.625,1.5));
#12529=CARTESIAN_POINT('Origin',(16.025,-54.125,1.5));
#12530=CARTESIAN_POINT('',(3.025,-54.625,1.5));
#12531=CARTESIAN_POINT('',(28.525,-54.625,1.5));
#12532=CARTESIAN_POINT('',(2.525,-54.125,1.5));
#12533=CARTESIAN_POINT('Origin',(3.025,-54.125,1.5));
#12534=CARTESIAN_POINT('',(2.525,-46.2825,1.5));
#12535=CARTESIAN_POINT('',(22.075,-21.575,1.5));
#12536=CARTESIAN_POINT('',(21.575,-22.075,1.5));
#12537=CARTESIAN_POINT('Origin',(22.075,-22.075,1.5));
#12538=CARTESIAN_POINT('',(35.075,-21.575,1.5));
#12539=CARTESIAN_POINT('',(31.55,-21.575,1.5));
#12540=CARTESIAN_POINT('',(35.575,-22.075,1.5));
#12541=CARTESIAN_POINT('Origin',(35.075,-22.075,1.5));
#12542=CARTESIAN_POINT('',(35.575,-35.075,1.5));
#12543=CARTESIAN_POINT('',(35.575,-30.2575,1.5));
#12544=CARTESIAN_POINT('',(35.075,-35.575,1.5));
#12545=CARTESIAN_POINT('Origin',(35.075,-35.075,1.5));
#12546=CARTESIAN_POINT('',(22.075,-35.575,1.5));
#12547=CARTESIAN_POINT('',(38.05,-35.575,1.5));
#12548=CARTESIAN_POINT('',(21.575,-35.075,1.5));
#12549=CARTESIAN_POINT('Origin',(22.075,-35.075,1.5));
#12550=CARTESIAN_POINT('',(21.575,-36.7575,1.5));
#12551=CARTESIAN_POINT('',(3.025,-59.675,1.5));
#12552=CARTESIAN_POINT('',(2.525,-60.175,1.5));
#12553=CARTESIAN_POINT('Origin',(3.025,-60.175,1.5));
#12554=CARTESIAN_POINT('',(16.025,-59.675,1.5));
#12555=CARTESIAN_POINT('',(22.025,-59.675,1.5));
#12556=CARTESIAN_POINT('',(16.525,-60.175,1.5));
#12557=CARTESIAN_POINT('Origin',(16.025,-60.175,1.5));
#12558=CARTESIAN_POINT('',(16.525,-73.175,1.5));
#12559=CARTESIAN_POINT('',(16.525,-49.3075,1.5));
#12560=CARTESIAN_POINT('',(16.025,-73.675,1.5));
#12561=CARTESIAN_POINT('Origin',(16.025,-73.175,1.5));
#12562=CARTESIAN_POINT('',(3.025,-73.675,1.5));
#12563=CARTESIAN_POINT('',(28.525,-73.675,1.5));
#12564=CARTESIAN_POINT('',(2.525,-73.175,1.5));
#12565=CARTESIAN_POINT('Origin',(3.025,-73.175,1.5));
#12566=CARTESIAN_POINT('',(2.525,-55.8075,1.5));
#12567=CARTESIAN_POINT('',(22.075,-59.675,1.5));
#12568=CARTESIAN_POINT('',(21.575,-60.175,1.5));
#12569=CARTESIAN_POINT('Origin',(22.075,-60.175,1.5));
#12570=CARTESIAN_POINT('',(35.075,-59.675,1.5));
#12571=CARTESIAN_POINT('',(31.55,-59.675,1.5));
#12572=CARTESIAN_POINT('',(35.575,-60.175,1.5));
#12573=CARTESIAN_POINT('Origin',(35.075,-60.175,1.5));
#12574=CARTESIAN_POINT('',(35.575,-73.175,1.5));
#12575=CARTESIAN_POINT('',(35.575,-49.3075,1.5));
#12576=CARTESIAN_POINT('',(35.075,-73.675,1.5));
#12577=CARTESIAN_POINT('Origin',(35.075,-73.175,1.5));
#12578=CARTESIAN_POINT('',(22.075,-73.675,1.5));
#12579=CARTESIAN_POINT('',(38.05,-73.675,1.5));
#12580=CARTESIAN_POINT('',(21.575,-73.175,1.5));
#12581=CARTESIAN_POINT('Origin',(22.075,-73.175,1.5));
#12582=CARTESIAN_POINT('',(21.575,-55.8075,1.5));
#12583=CARTESIAN_POINT('',(-8.175,5.56000000000001,1.5));
#12584=CARTESIAN_POINT('Origin',(-6.475,5.56000000000001,1.5));
#12585=CARTESIAN_POINT('',(86.825,-82.44,1.5));
#12586=CARTESIAN_POINT('Origin',(88.525,-82.44,1.5));
#12587=CARTESIAN_POINT('',(41.125,-21.575,1.5));
#12588=CARTESIAN_POINT('',(40.625,-22.075,1.5));
#12589=CARTESIAN_POINT('Origin',(41.125,-22.075,1.5));
#12590=CARTESIAN_POINT('',(54.125,-21.575,1.5));
#12591=CARTESIAN_POINT('',(41.075,-21.575,1.5));
#12592=CARTESIAN_POINT('',(54.625,-22.075,1.5));
#12593=CARTESIAN_POINT('Origin',(54.125,-22.075,1.5));
#12594=CARTESIAN_POINT('',(54.625,-35.075,1.5));
#12595=CARTESIAN_POINT('',(54.625,-30.2575,1.5));
#12596=CARTESIAN_POINT('',(54.125,-35.575,1.5));
#12597=CARTESIAN_POINT('Origin',(54.125,-35.075,1.5));
#12598=CARTESIAN_POINT('',(41.125,-35.575,1.5));
#12599=CARTESIAN_POINT('',(47.575,-35.575,1.5));
#12600=CARTESIAN_POINT('',(40.625,-35.075,1.5));
#12601=CARTESIAN_POINT('Origin',(41.125,-35.075,1.5));
#12602=CARTESIAN_POINT('',(40.625,-36.7575,1.5));
#12603=CARTESIAN_POINT('',(41.125,-59.675,1.5));
#12604=CARTESIAN_POINT('',(40.625,-60.175,1.5));
#12605=CARTESIAN_POINT('Origin',(41.125,-60.175,1.5));
#12606=CARTESIAN_POINT('',(54.125,-59.675,1.5));
#12607=CARTESIAN_POINT('',(41.075,-59.675,1.5));
#12608=CARTESIAN_POINT('',(54.625,-60.175,1.5));
#12609=CARTESIAN_POINT('Origin',(54.125,-60.175,1.5));
#12610=CARTESIAN_POINT('',(54.625,-73.175,1.5));
#12611=CARTESIAN_POINT('',(54.625,-49.3075,1.5));
#12612=CARTESIAN_POINT('',(54.125,-73.675,1.5));
#12613=CARTESIAN_POINT('Origin',(54.125,-73.175,1.5));
#12614=CARTESIAN_POINT('',(41.125,-73.675,1.5));
#12615=CARTESIAN_POINT('',(47.575,-73.675,1.5));
#12616=CARTESIAN_POINT('',(40.625,-73.175,1.5));
#12617=CARTESIAN_POINT('Origin',(41.125,-73.175,1.5));
#12618=CARTESIAN_POINT('',(40.625,-55.8075,1.5));
#12619=CARTESIAN_POINT('',(41.125,-40.625,1.5));
#12620=CARTESIAN_POINT('',(40.625,-41.125,1.5));
#12621=CARTESIAN_POINT('Origin',(41.125,-41.125,1.5));
#12622=CARTESIAN_POINT('',(54.125,-40.625,1.5));
#12623=CARTESIAN_POINT('',(41.075,-40.625,1.5));
#12624=CARTESIAN_POINT('',(54.625,-41.125,1.5));
#12625=CARTESIAN_POINT('Origin',(54.125,-41.125,1.5));
#12626=CARTESIAN_POINT('',(54.625,-54.125,1.5));
#12627=CARTESIAN_POINT('',(54.625,-39.7825,1.5));
#12628=CARTESIAN_POINT('',(54.125,-54.625,1.5));
#12629=CARTESIAN_POINT('Origin',(54.125,-54.125,1.5));
#12630=CARTESIAN_POINT('',(41.125,-54.625,1.5));
#12631=CARTESIAN_POINT('',(47.575,-54.625,1.5));
#12632=CARTESIAN_POINT('',(40.625,-54.125,1.5));
#12633=CARTESIAN_POINT('Origin',(41.125,-54.125,1.5));
#12634=CARTESIAN_POINT('',(40.625,-46.2825,1.5));
#12635=CARTESIAN_POINT('',(14.025,-13.44,1.5));
#12636=CARTESIAN_POINT('',(42.025,-13.44,1.5));
#12637=CARTESIAN_POINT('',(42.025,-13.44,1.5));
#12638=CARTESIAN_POINT('',(13.025,-12.44,1.5));
#12639=CARTESIAN_POINT('Origin',(14.025,-12.44,1.5));
#12640=CARTESIAN_POINT('',(13.025,-2.93999999999999,1.5));
#12641=CARTESIAN_POINT('',(13.025,-25.94,1.5));
#12642=CARTESIAN_POINT('',(14.025,-1.93999999999999,1.5));
#12643=CARTESIAN_POINT('Origin',(14.025,-2.93999999999999,1.5));
#12644=CARTESIAN_POINT('',(42.025,-1.93999999999999,1.5));
#12645=CARTESIAN_POINT('',(27.025,-1.93999999999999,1.5));
#12646=CARTESIAN_POINT('',(43.025,-2.93999999999999,1.5));
#12647=CARTESIAN_POINT('Origin',(42.025,-2.93999999999999,1.5));
#12648=CARTESIAN_POINT('',(43.025,-12.44,1.5));
#12649=CARTESIAN_POINT('',(43.025,-20.19,1.5));
#12650=CARTESIAN_POINT('Origin',(42.025,-12.44,1.5));
#12651=CARTESIAN_POINT('',(63.975,-59.44,1.5));
#12652=CARTESIAN_POINT('Origin',(67.525,-59.44,1.5));
#12653=CARTESIAN_POINT('',(86.825,5.56000000000001,1.5));
#12654=CARTESIAN_POINT('Origin',(88.525,5.56000000000001,1.5));
#12655=CARTESIAN_POINT('',(3.025,-21.575,1.5));
#12656=CARTESIAN_POINT('',(2.525,-22.075,1.5));
#12657=CARTESIAN_POINT('Origin',(3.025,-22.075,1.5));
#12658=CARTESIAN_POINT('',(16.025,-21.575,1.5));
#12659=CARTESIAN_POINT('',(22.025,-21.575,1.5));
#12660=CARTESIAN_POINT('',(16.525,-22.075,1.5));
#12661=CARTESIAN_POINT('Origin',(16.025,-22.075,1.5));
#12662=CARTESIAN_POINT('',(16.525,-35.075,1.5));
#12663=CARTESIAN_POINT('',(16.525,-30.2575,1.5));
#12664=CARTESIAN_POINT('',(16.025,-35.575,1.5));
#12665=CARTESIAN_POINT('Origin',(16.025,-35.075,1.5));
#12666=CARTESIAN_POINT('',(3.025,-35.575,1.5));
#12667=CARTESIAN_POINT('',(28.525,-35.575,1.5));
#12668=CARTESIAN_POINT('',(2.525,-35.075,1.5));
#12669=CARTESIAN_POINT('Origin',(3.025,-35.075,1.5));
#12670=CARTESIAN_POINT('',(2.525,-36.7575,1.5));
#12671=CARTESIAN_POINT('',(-8.175,-82.44,1.5));
#12672=CARTESIAN_POINT('Origin',(-6.475,-82.44,1.5));
#12673=CARTESIAN_POINT('',(22.075,-40.625,1.5));
#12674=CARTESIAN_POINT('',(21.575,-41.125,1.5));
#12675=CARTESIAN_POINT('Origin',(22.075,-41.125,1.5));
#12676=CARTESIAN_POINT('',(35.075,-40.625,1.5));
#12677=CARTESIAN_POINT('',(31.55,-40.625,1.5));
#12678=CARTESIAN_POINT('',(35.575,-41.125,1.5));
#12679=CARTESIAN_POINT('Origin',(35.075,-41.125,1.5));
#12680=CARTESIAN_POINT('',(35.575,-54.125,1.5));
#12681=CARTESIAN_POINT('',(35.575,-39.7825,1.5));
#12682=CARTESIAN_POINT('',(35.075,-54.625,1.5));
#12683=CARTESIAN_POINT('Origin',(35.075,-54.125,1.5));
#12684=CARTESIAN_POINT('',(22.075,-54.625,1.5));
#12685=CARTESIAN_POINT('',(38.05,-54.625,1.5));
#12686=CARTESIAN_POINT('',(21.575,-54.125,1.5));
#12687=CARTESIAN_POINT('Origin',(22.075,-54.125,1.5));
#12688=CARTESIAN_POINT('',(21.575,-46.2825,1.5));
#12689=CARTESIAN_POINT('Origin',(35.575,-41.125,0.));
#12690=CARTESIAN_POINT('',(35.575,-41.125,0.));
#12691=CARTESIAN_POINT('',(35.575,-54.125,0.));
#12692=CARTESIAN_POINT('Origin',(35.075,-41.125,0.));
#12693=CARTESIAN_POINT('',(35.075,-40.625,0.));
#12694=CARTESIAN_POINT('Origin',(22.075,-40.625,0.));
#12695=CARTESIAN_POINT('',(22.075,-40.625,0.));
#12696=CARTESIAN_POINT('Origin',(22.075,-41.125,0.));
#12697=CARTESIAN_POINT('',(21.575,-41.125,0.));
#12698=CARTESIAN_POINT('Origin',(16.525,-22.075,0.));
#12699=CARTESIAN_POINT('',(16.525,-22.075,0.));
#12700=CARTESIAN_POINT('',(16.525,-35.075,0.));
#12701=CARTESIAN_POINT('Origin',(16.025,-22.075,0.));
#12702=CARTESIAN_POINT('',(16.025,-21.575,0.));
#12703=CARTESIAN_POINT('Origin',(3.025,-21.575,0.));
#12704=CARTESIAN_POINT('',(3.025,-21.575,0.));
#12705=CARTESIAN_POINT('Origin',(3.025,-22.075,0.));
#12706=CARTESIAN_POINT('',(2.525,-22.075,0.));
#12707=CARTESIAN_POINT('Origin',(14.025,-2.93999999999999,0.));
#12708=CARTESIAN_POINT('',(13.025,-2.93999999999999,0.));
#12709=CARTESIAN_POINT('',(14.025,-1.93999999999999,0.));
#12710=CARTESIAN_POINT('Origin',(13.025,-13.44,0.));
#12711=CARTESIAN_POINT('',(13.025,-12.44,0.));
#12712=CARTESIAN_POINT('Origin',(14.025,-12.44,0.));
#12713=CARTESIAN_POINT('',(14.025,-13.44,0.));
#12714=CARTESIAN_POINT('Origin',(43.025,-13.44,0.));
#12715=CARTESIAN_POINT('',(42.025,-13.44,0.));
#12716=CARTESIAN_POINT('Origin',(54.625,-41.125,0.));
#12717=CARTESIAN_POINT('',(54.625,-41.125,0.));
#12718=CARTESIAN_POINT('',(54.625,-54.125,0.));
#12719=CARTESIAN_POINT('Origin',(54.125,-41.125,0.));
#12720=CARTESIAN_POINT('',(54.125,-40.625,0.));
#12721=CARTESIAN_POINT('Origin',(41.125,-40.625,0.));
#12722=CARTESIAN_POINT('',(41.125,-40.625,0.));
#12723=CARTESIAN_POINT('Origin',(41.125,-41.125,0.));
#12724=CARTESIAN_POINT('',(40.625,-41.125,0.));
#12725=CARTESIAN_POINT('Origin',(54.625,-60.175,0.));
#12726=CARTESIAN_POINT('',(54.625,-60.175,0.));
#12727=CARTESIAN_POINT('',(54.625,-73.175,0.));
#12728=CARTESIAN_POINT('Origin',(54.125,-60.175,0.));
#12729=CARTESIAN_POINT('',(54.125,-59.675,0.));
#12730=CARTESIAN_POINT('Origin',(41.125,-59.675,0.));
#12731=CARTESIAN_POINT('',(41.125,-59.675,0.));
#12732=CARTESIAN_POINT('Origin',(41.125,-60.175,0.));
#12733=CARTESIAN_POINT('',(40.625,-60.175,0.));
#12734=CARTESIAN_POINT('Origin',(54.625,-22.075,0.));
#12735=CARTESIAN_POINT('',(54.625,-22.075,0.));
#12736=CARTESIAN_POINT('',(54.625,-35.075,0.));
#12737=CARTESIAN_POINT('Origin',(54.125,-22.075,0.));
#12738=CARTESIAN_POINT('',(54.125,-21.575,0.));
#12739=CARTESIAN_POINT('Origin',(41.125,-21.575,0.));
#12740=CARTESIAN_POINT('',(41.125,-21.575,0.));
#12741=CARTESIAN_POINT('Origin',(41.125,-22.075,0.));
#12742=CARTESIAN_POINT('',(40.625,-22.075,0.));
#12743=CARTESIAN_POINT('Origin',(35.575,-60.175,0.));
#12744=CARTESIAN_POINT('',(35.575,-60.175,0.));
#12745=CARTESIAN_POINT('',(35.575,-73.175,0.));
#12746=CARTESIAN_POINT('Origin',(35.075,-60.175,0.));
#12747=CARTESIAN_POINT('',(35.075,-59.675,0.));
#12748=CARTESIAN_POINT('Origin',(22.075,-59.675,0.));
#12749=CARTESIAN_POINT('',(22.075,-59.675,0.));
#12750=CARTESIAN_POINT('Origin',(22.075,-60.175,0.));
#12751=CARTESIAN_POINT('',(21.575,-60.175,0.));
#12752=CARTESIAN_POINT('Origin',(16.525,-60.175,0.));
#12753=CARTESIAN_POINT('',(16.525,-60.175,0.));
#12754=CARTESIAN_POINT('',(16.525,-73.175,0.));
#12755=CARTESIAN_POINT('Origin',(16.025,-60.175,0.));
#12756=CARTESIAN_POINT('',(16.025,-59.675,0.));
#12757=CARTESIAN_POINT('Origin',(3.025,-59.675,0.));
#12758=CARTESIAN_POINT('',(3.025,-59.675,0.));
#12759=CARTESIAN_POINT('Origin',(3.025,-60.175,0.));
#12760=CARTESIAN_POINT('',(2.525,-60.175,0.));
#12761=CARTESIAN_POINT('Origin',(35.575,-22.075,0.));
#12762=CARTESIAN_POINT('',(35.575,-22.075,0.));
#12763=CARTESIAN_POINT('',(35.575,-35.075,0.));
#12764=CARTESIAN_POINT('Origin',(35.075,-22.075,0.));
#12765=CARTESIAN_POINT('',(35.075,-21.575,0.));
#12766=CARTESIAN_POINT('Origin',(22.075,-21.575,0.));
#12767=CARTESIAN_POINT('',(22.075,-21.575,0.));
#12768=CARTESIAN_POINT('Origin',(22.075,-22.075,0.));
#12769=CARTESIAN_POINT('',(21.575,-22.075,0.));
#12770=CARTESIAN_POINT('Origin',(16.525,-41.125,0.));
#12771=CARTESIAN_POINT('',(16.525,-41.125,0.));
#12772=CARTESIAN_POINT('',(16.525,-54.125,0.));
#12773=CARTESIAN_POINT('Origin',(16.025,-41.125,0.));
#12774=CARTESIAN_POINT('',(16.025,-40.625,0.));
#12775=CARTESIAN_POINT('Origin',(3.025,-40.625,0.));
#12776=CARTESIAN_POINT('',(3.025,-40.625,0.));
#12777=CARTESIAN_POINT('Origin',(3.025,-41.125,0.));
#12778=CARTESIAN_POINT('',(2.525,-41.125,0.));
#12779=CARTESIAN_POINT('Origin',(-11.475,-87.44,0.));
#12780=CARTESIAN_POINT('',(-6.475,-87.44,0.));
#12781=CARTESIAN_POINT('',(88.525,-87.44,0.));
#12782=CARTESIAN_POINT('Origin',(-6.475,-82.44,0.));
#12783=CARTESIAN_POINT('',(-11.475,-82.44,0.));
#12784=CARTESIAN_POINT('Origin',(-11.475,10.56,0.));
#12785=CARTESIAN_POINT('',(-11.475,5.56000000000001,0.));
#12786=CARTESIAN_POINT('Origin',(-6.475,5.56000000000001,0.));
#12787=CARTESIAN_POINT('',(-6.475,10.56,0.));
#12788=CARTESIAN_POINT('Origin',(42.025,-2.93999999999999,0.));
#12789=CARTESIAN_POINT('',(42.025,-1.93999999999999,0.));
#12790=CARTESIAN_POINT('',(43.025,-2.93999999999999,0.));
#12791=CARTESIAN_POINT('Origin',(43.025,-1.93999999999999,0.));
#12792=CARTESIAN_POINT('',(43.025,-12.44,0.));
#12793=CARTESIAN_POINT('Origin',(13.025,-1.93999999999999,0.));
#12794=CARTESIAN_POINT('Origin',(42.025,-12.44,0.));
#12795=CARTESIAN_POINT('Origin',(41.025,-38.44,0.));
#12796=CARTESIAN_POINT('Origin',(88.525,-82.44,0.));
#12797=CARTESIAN_POINT('',(93.525,-82.44,0.));
#12798=CARTESIAN_POINT('Origin',(93.525,-87.44,0.));
#12799=CARTESIAN_POINT('',(93.525,5.56000000000001,0.));
#12800=CARTESIAN_POINT('Origin',(88.525,5.56000000000001,0.));
#12801=CARTESIAN_POINT('',(88.525,10.56,0.));
#12802=CARTESIAN_POINT('Origin',(21.575,-54.125,0.));
#12803=CARTESIAN_POINT('',(21.575,-54.125,0.));
#12804=CARTESIAN_POINT('Origin',(22.075,-54.125,0.));
#12805=CARTESIAN_POINT('',(22.075,-54.625,0.));
#12806=CARTESIAN_POINT('Origin',(35.075,-54.625,0.));
#12807=CARTESIAN_POINT('',(35.075,-54.625,0.));
#12808=CARTESIAN_POINT('Origin',(35.075,-54.125,0.));
#12809=CARTESIAN_POINT('Origin',(-6.475,-82.44,0.));
#12810=CARTESIAN_POINT('',(-8.175,-82.44,0.));
#12811=CARTESIAN_POINT('Origin',(2.525,-35.075,0.));
#12812=CARTESIAN_POINT('',(2.525,-35.075,0.));
#12813=CARTESIAN_POINT('Origin',(3.025,-35.075,0.));
#12814=CARTESIAN_POINT('',(3.025,-35.575,0.));
#12815=CARTESIAN_POINT('Origin',(16.025,-35.575,0.));
#12816=CARTESIAN_POINT('',(16.025,-35.575,0.));
#12817=CARTESIAN_POINT('Origin',(16.025,-35.075,0.));
#12818=CARTESIAN_POINT('Origin',(88.525,5.56000000000001,0.));
#12819=CARTESIAN_POINT('',(86.825,5.56000000000001,0.));
#12820=CARTESIAN_POINT('Origin',(67.525,-59.44,0.));
#12821=CARTESIAN_POINT('',(63.975,-59.44,0.));
#12822=CARTESIAN_POINT('Origin',(40.625,-54.125,0.));
#12823=CARTESIAN_POINT('',(40.625,-54.125,0.));
#12824=CARTESIAN_POINT('Origin',(41.125,-54.125,0.));
#12825=CARTESIAN_POINT('',(41.125,-54.625,0.));
#12826=CARTESIAN_POINT('Origin',(54.125,-54.625,0.));
#12827=CARTESIAN_POINT('',(54.125,-54.625,0.));
#12828=CARTESIAN_POINT('Origin',(54.125,-54.125,0.));
#12829=CARTESIAN_POINT('Origin',(40.625,-73.175,0.));
#12830=CARTESIAN_POINT('',(40.625,-73.175,0.));
#12831=CARTESIAN_POINT('Origin',(41.125,-73.175,0.));
#12832=CARTESIAN_POINT('',(41.125,-73.675,0.));
#12833=CARTESIAN_POINT('Origin',(54.125,-73.675,0.));
#12834=CARTESIAN_POINT('',(54.125,-73.675,0.));
#12835=CARTESIAN_POINT('Origin',(54.125,-73.175,0.));
#12836=CARTESIAN_POINT('Origin',(40.625,-35.075,0.));
#12837=CARTESIAN_POINT('',(40.625,-35.075,0.));
#12838=CARTESIAN_POINT('Origin',(41.125,-35.075,0.));
#12839=CARTESIAN_POINT('',(41.125,-35.575,0.));
#12840=CARTESIAN_POINT('Origin',(54.125,-35.575,0.));
#12841=CARTESIAN_POINT('',(54.125,-35.575,0.));
#12842=CARTESIAN_POINT('Origin',(54.125,-35.075,0.));
#12843=CARTESIAN_POINT('Origin',(88.525,-82.44,0.));
#12844=CARTESIAN_POINT('',(86.825,-82.44,0.));
#12845=CARTESIAN_POINT('Origin',(-6.475,5.56000000000001,0.));
#12846=CARTESIAN_POINT('',(-8.175,5.56000000000001,0.));
#12847=CARTESIAN_POINT('Origin',(21.575,-73.175,0.));
#12848=CARTESIAN_POINT('',(21.575,-73.175,0.));
#12849=CARTESIAN_POINT('Origin',(22.075,-73.175,0.));
#12850=CARTESIAN_POINT('',(22.075,-73.675,0.));
#12851=CARTESIAN_POINT('Origin',(35.075,-73.675,0.));
#12852=CARTESIAN_POINT('',(35.075,-73.675,0.));
#12853=CARTESIAN_POINT('Origin',(35.075,-73.175,0.));
#12854=CARTESIAN_POINT('Origin',(2.525,-73.175,0.));
#12855=CARTESIAN_POINT('',(2.525,-73.175,0.));
#12856=CARTESIAN_POINT('Origin',(3.025,-73.175,0.));
#12857=CARTESIAN_POINT('',(3.025,-73.675,0.));
#12858=CARTESIAN_POINT('Origin',(16.025,-73.675,0.));
#12859=CARTESIAN_POINT('',(16.025,-73.675,0.));
#12860=CARTESIAN_POINT('Origin',(16.025,-73.175,0.));
#12861=CARTESIAN_POINT('Origin',(21.575,-35.075,0.));
#12862=CARTESIAN_POINT('',(21.575,-35.075,0.));
#12863=CARTESIAN_POINT('Origin',(22.075,-35.075,0.));
#12864=CARTESIAN_POINT('',(22.075,-35.575,0.));
#12865=CARTESIAN_POINT('Origin',(35.075,-35.575,0.));
#12866=CARTESIAN_POINT('',(35.075,-35.575,0.));
#12867=CARTESIAN_POINT('Origin',(35.075,-35.075,0.));
#12868=CARTESIAN_POINT('Origin',(2.525,-54.125,0.));
#12869=CARTESIAN_POINT('',(2.525,-54.125,0.));
#12870=CARTESIAN_POINT('Origin',(3.025,-54.125,0.));
#12871=CARTESIAN_POINT('',(3.025,-54.625,0.));
#12872=CARTESIAN_POINT('Origin',(16.025,-54.625,0.));
#12873=CARTESIAN_POINT('',(16.025,-54.625,0.));
#12874=CARTESIAN_POINT('Origin',(16.025,-54.125,0.));
#12875=CARTESIAN_POINT('Origin',(93.525,10.56,0.));
#12876=CARTESIAN_POINT('',(0.,0.,0.));
#12877=CARTESIAN_POINT('',(0.,0.,0.));
#12878=CARTESIAN_POINT('',(-88.6134024007531,29.5661802393845,13.2050887148285));
#12879=CARTESIAN_POINT('Origin',(0.,0.,0.));
#12880=UNCERTAINTY_MEASURE_WITH_UNIT(LENGTH_MEASURE(0.01),#12890,
'DISTANCE_ACCURACY_VALUE',
'Maximum model space distance between geometric entities at asserted c
onnectivities');
#12881=UNCERTAINTY_MEASURE_WITH_UNIT(LENGTH_MEASURE(0.01),#12890,
'DISTANCE_ACCURACY_VALUE',
'Maximum model space distance between geometric entities at asserted c
onnectivities');
#12882=UNCERTAINTY_MEASURE_WITH_UNIT(LENGTH_MEASURE(0.01),#12890,
'DISTANCE_ACCURACY_VALUE',
'Maximum model space distance between geometric entities at asserted c
onnectivities');
#12883=UNCERTAINTY_MEASURE_WITH_UNIT(LENGTH_MEASURE(0.01),#12890,
'DISTANCE_ACCURACY_VALUE',
'Maximum model space distance between geometric entities at asserted c
onnectivities');
#12884=UNCERTAINTY_MEASURE_WITH_UNIT(LENGTH_MEASURE(0.01),#12890,
'DISTANCE_ACCURACY_VALUE',
'Maximum model space distance between geometric entities at asserted c
onnectivities');
#12885=(
GEOMETRIC_REPRESENTATION_CONTEXT(3)
GLOBAL_UNCERTAINTY_ASSIGNED_CONTEXT((#12880))
GLOBAL_UNIT_ASSIGNED_CONTEXT((#12890,#12892,#12893))
REPRESENTATION_CONTEXT('','3D')
);
#12886=(
GEOMETRIC_REPRESENTATION_CONTEXT(3)
GLOBAL_UNCERTAINTY_ASSIGNED_CONTEXT((#12881))
GLOBAL_UNIT_ASSIGNED_CONTEXT((#12890,#12892,#12893))
REPRESENTATION_CONTEXT('','3D')
);
#12887=(
GEOMETRIC_REPRESENTATION_CONTEXT(3)
GLOBAL_UNCERTAINTY_ASSIGNED_CONTEXT((#12882))
GLOBAL_UNIT_ASSIGNED_CONTEXT((#12890,#12892,#12893))
REPRESENTATION_CONTEXT('','3D')
);
#12888=(
GEOMETRIC_REPRESENTATION_CONTEXT(3)
GLOBAL_UNCERTAINTY_ASSIGNED_CONTEXT((#12883))
GLOBAL_UNIT_ASSIGNED_CONTEXT((#12890,#12892,#12893))
REPRESENTATION_CONTEXT('','3D')
);
#12889=(
GEOMETRIC_REPRESENTATION_CONTEXT(3)
GLOBAL_UNCERTAINTY_ASSIGNED_CONTEXT((#12884))
GLOBAL_UNIT_ASSIGNED_CONTEXT((#12890,#12892,#12893))
REPRESENTATION_CONTEXT('','3D')
);
#12890=(
LENGTH_UNIT()
NAMED_UNIT(*)
SI_UNIT(.MILLI.,.METRE.)
);
#12891=(
LENGTH_UNIT()
NAMED_UNIT(*)
SI_UNIT($,.METRE.)
);
#12892=(
NAMED_UNIT(*)
PLANE_ANGLE_UNIT()
SI_UNIT($,.RADIAN.)
);
#12893=(
NAMED_UNIT(*)
SI_UNIT($,.STERADIAN.)
SOLID_ANGLE_UNIT()
);
#12894=SHAPE_DEFINITION_REPRESENTATION(#12898,#12905);
#12895=SHAPE_DEFINITION_REPRESENTATION(#12899,#12906);
#12896=SHAPE_DEFINITION_REPRESENTATION(#12900,#12907);
#12897=SHAPE_DEFINITION_REPRESENTATION(#12901,#12908);
#12898=PRODUCT_DEFINITION_SHAPE('',$,#12910);
#12899=PRODUCT_DEFINITION_SHAPE('',$,#12911);
#12900=PRODUCT_DEFINITION_SHAPE('',$,#12912);
#12901=PRODUCT_DEFINITION_SHAPE('',$,#12913);
#12902=PRODUCT_DEFINITION_SHAPE($,$,#23);
#12903=PRODUCT_DEFINITION_SHAPE($,$,#24);
#12904=PRODUCT_DEFINITION_SHAPE($,$,#25);
#12905=SHAPE_REPRESENTATION('',(#6764,#7092,#7093,#7094),#12885);
#12906=SHAPE_REPRESENTATION('',(#6765),#12886);
#12907=SHAPE_REPRESENTATION('',(#6820),#12887);
#12908=SHAPE_REPRESENTATION('',(#6821),#12888);
#12909=PRODUCT_DEFINITION_CONTEXT('part definition',#12923,'design');
#12910=PRODUCT_DEFINITION('Base MacroPad','Base MacroPad v7',#12914,#12909);
#12911=PRODUCT_DEFINITION('Base','Base',#12915,#12909);
#12912=PRODUCT_DEFINITION('Cherry MX Keycap','Cherry MX Keycap',#12916,
#12909);
#12913=PRODUCT_DEFINITION('Top MacroPad','Top MacroPad v4',#12917,#12909);
#12914=PRODUCT_DEFINITION_FORMATION('',$,#12925);
#12915=PRODUCT_DEFINITION_FORMATION('',$,#12926);
#12916=PRODUCT_DEFINITION_FORMATION('',$,#12927);
#12917=PRODUCT_DEFINITION_FORMATION('',$,#12928);
#12918=PRODUCT_RELATED_PRODUCT_CATEGORY('Base MacroPad v7',
'Base MacroPad v7',(#12925));
#12919=PRODUCT_RELATED_PRODUCT_CATEGORY('Base','Base',(#12926));
#12920=PRODUCT_RELATED_PRODUCT_CATEGORY('Cherry MX Keycap',
'Cherry MX Keycap',(#12927));
#12921=PRODUCT_RELATED_PRODUCT_CATEGORY('Top MacroPad v4',
'Top MacroPad v4',(#12928));
#12922=APPLICATION_PROTOCOL_DEFINITION('international standard',
'automotive_design',2009,#12923);
#12923=APPLICATION_CONTEXT(
'Core Data for Automotive Mechanical Design Process');
#12924=PRODUCT_CONTEXT('part definition',#12923,'mechanical');
#12925=PRODUCT('Base MacroPad','Base MacroPad v7',$,(#12924));
#12926=PRODUCT('Base','Base',$,(#12924));
#12927=PRODUCT('Cherry MX Keycap','Cherry MX Keycap',$,(#12924));
#12928=PRODUCT('Top MacroPad','Top MacroPad v4',$,(#12924));
#12929=PRESENTATION_STYLE_ASSIGNMENT((#12934));
#12930=PRESENTATION_STYLE_ASSIGNMENT((#12935));
#12931=PRESENTATION_STYLE_ASSIGNMENT((#12936));
#12932=PRESENTATION_STYLE_ASSIGNMENT((#12937));
#12933=PRESENTATION_STYLE_ASSIGNMENT((NULL_STYLE(.NULL.)));
#12934=SURFACE_STYLE_USAGE(.BOTH.,#12938);
#12935=SURFACE_STYLE_USAGE(.BOTH.,#12939);
#12936=SURFACE_STYLE_USAGE(.BOTH.,#12940);
#12937=SURFACE_STYLE_USAGE(.BOTH.,#12941);
#12938=SURFACE_SIDE_STYLE('',(#12942));
#12939=SURFACE_SIDE_STYLE('',(#12943));
#12940=SURFACE_SIDE_STYLE('',(#12944));
#12941=SURFACE_SIDE_STYLE('',(#12945));
#12942=SURFACE_STYLE_FILL_AREA(#12946);
#12943=SURFACE_STYLE_FILL_AREA(#12947);
#12944=SURFACE_STYLE_FILL_AREA(#12948);
#12945=SURFACE_STYLE_FILL_AREA(#12949);
#12946=FILL_AREA_STYLE('Aluminum - Anodized Rough (Grey)',(#12950));
#12947=FILL_AREA_STYLE('Steel - Satin',(#12951));
#12948=FILL_AREA_STYLE('Plastic - Glossy (Blue)',(#12952));
#12949=FILL_AREA_STYLE('Plastic - Matte (Gray)',(#12953));
#12950=FILL_AREA_STYLE_COLOUR('Aluminum - Anodized Rough (Grey)',#12954);
#12951=FILL_AREA_STYLE_COLOUR('Steel - Satin',#12955);
#12952=FILL_AREA_STYLE_COLOUR('Plastic - Glossy (Blue)',#12956);
#12953=FILL_AREA_STYLE_COLOUR('Plastic - Matte (Gray)',#12957);
#12954=COLOUR_RGB('Aluminum - Anodized Rough (Grey)',0.537254901960784,
0.537254901960784,0.537254901960784);
#12955=COLOUR_RGB('Steel - Satin',0.627450980392157,0.627450980392157,0.627450980392157);
#12956=COLOUR_RGB('Plastic - Glossy (Blue)',0.188235294117647,0.231372549019608,
0.588235294117647);
#12957=COLOUR_RGB('Plastic - Matte (Gray)',0.701960784313725,0.701960784313725,
0.701960784313725);
ENDSEC;
END-ISO-10303-21;
